<?xml version="1.0" encoding="UTF-8"?>
<OAI-PMH xmlns:xsi="http://www.w3.org/2001/XMLSchema-instance"  xsi:schemaLocation="http://www.loc.gov/mods/v3 http://www.loc.gov/standards/mods/v3/mods-3-5.xsd http://www.openarchives.org/OAI/2.0/ http://www.openarchives.org/OAI/2.0/OAI-PMH.xsd"  xmlns="http://www.openarchives.org/OAI/2.0/" xmlns:mods="http://www.loc.gov/mods/v3"><responseDate>2017-03-08T16:41:22Z</responseDate><request>http://archives.lib.uconn.edu/oai2</request><ListRecords><record><header><identifier>oai:drupal-site.org:20002_859916413</identifier><datestamp>2014-12-10T14:07:43Z</datestamp><setSpec>20002_MSS20000039</setSpec></header><metadata><mods:mods xmlns:mods="http://www.loc.gov/mods/v3" xmlns:xlink="http://www.w3.org/1999/xlink" xmlns:xsi="http://www.w3.org/2001/XMLSchema-instance">
   <mods:titleInfo supplied="yes">
      <mods:title>Locomotive 324</mods:title>
   </mods:titleInfo>
   <mods:titleInfo type="alternative">
      <mods:title>324 NHRR Stamford, CT</mods:title>
   </mods:titleInfo>
   <mods:name type="personal" authority="local">
      <mods:namePart>Makowsky, Fred Otto</mods:namePart>
      <mods:role>
         <mods:roleTerm authority="marcrelator" authorityURI="http://id.loc.gov/vocabulary/relators" valueURI="http://id.loc.gov/vocabulary/relators/cre" type="text">Creator</mods:roleTerm>
      </mods:role>
   </mods:name>
   <mods:typeOfResource>still image</mods:typeOfResource>
   <mods:genre authority="aat" valueURI="300215302">digital images</mods:genre>
   <mods:originInfo>
      <mods:dateIssued encoding="w3cdtf" keyDate="yes">1912</mods:dateIssued>
   </mods:originInfo>
   <mods:physicalDescription>
      <mods:internetMediaType/>
      <mods:digitalOrigin>reformatted digital</mods:digitalOrigin>
      <mods:note type="physical description">Source extent: 1 photographic print ; 6 x 9 cm.</mods:note>
   </mods:physicalDescription>
   <mods:abstract>Three-quarter right side view of New Haven Railroad steam engine number 324 on outside radial tracks at Stamford roundhouse. Oil headlight. Road pilot.</mods:abstract>
   <mods:note type="ownership">Archives &amp; Special Collections at the Thomas J. Dodd Research Center, University of Connecticut Libraries</mods:note>
   <mods:note type="source note">Fred Otto Makowsky papers</mods:note>
   <mods:note>February 11, 1912.Title supplied by cataloger.</mods:note>
   <mods:subject>
      <mods:topic>Steam locomotives -- Connecticut -- Stamford</mods:topic>
      <mods:topic>Locomotives -- Headlights</mods:topic>
      <mods:topic>Railroad roundhouses -- Connecticut -- Stamford</mods:topic>
      <mods:topic>Railroad tracks -- Connecticut -- Stamford</mods:topic>
      <mods:topic>Railroad locomotives -- Connecticut -- Stamford -- 1910-1920</mods:topic>
      <mods:geographic>Stamford (Conn.)</mods:geographic>
      <mods:name type="corporate" authority="local">
         <mods:namePart>New York, New Haven, and Hartford Railroad Company</mods:namePart>
      </mods:name>
   </mods:subject>
   <mods:identifier type="local">Accession number UC18 0377. (OCoLC)ocm48426014</mods:identifier>
   <mods:identifier type="local">UC18 0377-001.jpg</mods:identifier>
   <mods:accessCondition type="use and reproduction">These Materials are provided for educational and research purposes only. The University of Connecticut Libraries hold the copyright except where noted. Permission must be obtained in writing from the University of Connecticut Libraries and/or the owner(s) of the copyright to publish reproductions or quotations beyond "fair use."</mods:accessCondition>
   <mods:accessCondition type="restrictions on access">The collection is open and available for research.</mods:accessCondition>
   <mods:recordInfo>
      <mods:recordContentSource>University of Connecticut Libraries</mods:recordContentSource>
      <mods:recordCreationDate encoding="w3cdtf">2014-09-17-04:00</mods:recordCreationDate>
      <mods:languageOfCataloging>
         <mods:languageTerm authority="iso639-2b" type="code">eng</mods:languageTerm>
      </mods:languageOfCataloging>
      <mods:recordOrigin>This MODS record was migrated from CHO's CONTENTdm, with the following Reference URL: http://images.lib.uconn.edu:81/u?/photographs,426. Other information: transfered to photo collection by wda--1/22/08</mods:recordOrigin>
   </mods:recordInfo>
<identifier xmlns="http://www.loc.gov/mods/v3" type="hdl">http://hdl.handle.net/11134/20002:859916413</identifier></mods:mods></metadata></record><record><header><identifier>oai:drupal-site.org:20002_860235593</identifier><datestamp>2017-01-23T15:30:40Z</datestamp><setSpec>20002_MSS19880010</setSpec></header><metadata><mods:mods xmlns:mods="http://www.loc.gov/mods/v3" xmlns="http://www.loc.gov/mods/v3" xmlns:xsi="http://www.w3.org/2001/XMLSchema-instance" xmlns:xlink="http://www.w3.org/1999/xlink">
  <mods:titleInfo>
    <mods:title>Class of 1898</mods:title>
  </mods:titleInfo>
  <mods:name type="corporate" authority="naf" valueURI="http://lccn.loc.gov/n79056688">
    <mods:namePart>University of Connecticut</mods:namePart>
    <mods:role>
      <mods:roleTerm type="text" authority="marcrelator">Collector</mods:roleTerm>
    </mods:role>
  </mods:name>
  <mods:typeOfResource>still image</mods:typeOfResource>
  <mods:physicalDescription>
    <mods:internetMediaType>image/jp2</mods:internetMediaType>
    <mods:digitalOrigin>reformatted digital</mods:digitalOrigin>
  </mods:physicalDescription>
  <mods:note type="ownership">Archives &amp; Special Collections at the Thomas J. Dodd Research Center, University of Connecticut Libraries</mods:note>
  <mods:note type="source note">University of Connecticut Photograph Collection [photographic prints]</mods:note>
  <mods:note type="source identifier">1988-0010/RG1</mods:note>
  <mods:accessCondition type="use and reproduction">This work is licensed under a Creative Commons Attribution-NonCommercial 4.0 International License, CC BY-NC.</mods:accessCondition>
  <mods:recordInfo>
    <mods:recordContentSource>University of Connecticut Libraries</mods:recordContentSource>
    <mods:languageOfCataloging>
      <mods:languageTerm type="code" authority="iso639-2b">eng</mods:languageTerm>
    </mods:languageOfCataloging>
  </mods:recordInfo>
  <mods:targetAudience>CHO</mods:targetAudience>
  <mods:genre authority="aat" valueURI="300046300">photographs</mods:genre>
  <mods:originInfo>
    <mods:dateIssued encoding="w3cdtf" keyDate="yes">1898</mods:dateIssued>
  </mods:originInfo>
  <mods:subject>
    
    <mods:topic authority="fast" authorityURI="http://id.worldcat.org/fast/867976">College students</mods:topic>
    
     <mods:geographic authority="tgn" valueURI="7014549">Storrs (inhabited place)</mods:geographic>
    <mods:geographic authority="tgn" valueURI="7007159">Connecticut (state)</mods:geographic>
    
    <mods:name type="corporate" authority="naf" valueURI="http://lccn.loc.gov/n79056688">
      <mods:namePart>University of Connecticut</mods:namePart>
    </mods:name>
    <mods:name type="corporate" authority="naf" valueURI="https://lccn.loc.gov/n92059453">
      <mods:namePart>Storrs Agricultural College</mods:namePart>
    </mods:name>
   
  </mods:subject>
  <mods:identifier type="local">1988-0010/RG1/SeriesVIII/ClassPictures/Box157:1898</mods:identifier>
  <mods:identifier type="local">39153019931528</mods:identifier>
  <mods:accessCondition type="restrictions on access">The collection is open and available for research.</mods:accessCondition>
  <identifier type="hdl">http://hdl.handle.net/11134/20002:860235593</identifier></mods:mods></metadata></record><record><header><identifier>oai:drupal-site.org:20002_860008125</identifier><datestamp>2016-10-01T21:54:00Z</datestamp><setSpec>20002_seriesxi</setSpec></header><metadata><mods:mods xmlns:mods="http://www.loc.gov/mods/v3" xmlns="http://www.loc.gov/mods/v3" xmlns:xsi="http://www.w3.org/2001/XMLSchema-instance" xmlns:xlink="http://www.w3.org/1999/xlink" version="3.5" xsi:schemaLocation="http://www.loc.gov/mods/v3 http://www.loc.gov/standards/mods/v3/mods-3-5.xsd">
  <mods:titleInfo supplied="yes">
    <mods:title>Campaign Commercials - 1990</mods:title>
  </mods:titleInfo>
  <mods:typeOfResource>moving image</mods:typeOfResource>
  <mods:originInfo>
    <mods:dateIssued encoding="w3cdtf" keyDate="yes">1990</mods:dateIssued>
  </mods:originInfo>
  <mods:physicalDescription>
    <mods:internetMediaType>video/mp4</mods:internetMediaType>
    <mods:digitalOrigin>reformatted digital</mods:digitalOrigin>
  </mods:physicalDescription>
  <mods:abstract>Two campaign commercials from Bruce Morrison's 1990 Connecticut gubernatorial bid. Both are about 30 seconds long. Both commercials raise concerns about rising costs of living and point to Morrison's legislative record in opposing taxpayer-funded bailouts and union-busting that cost Connecticut jobs.</mods:abstract>
  <mods:note type="ownership">Archives &amp; Special Collections at the Thomas J. Dodd Research Center, University of Connecticut Libraries</mods:note>
  <mods:note type="source note">Bruce A. Morrison Papers</mods:note>
  <mods:note type="source identifier">MSS19910021</mods:note>
  <mods:accessCondition type="use and reproduction">This work is licensed under a Creative Commons Attribution-NonCommercial 4.0 International License, CC BY-NC.</mods:accessCondition>
  <mods:accessCondition type="restrictions on access">The collection is open and available for research.</mods:accessCondition>
  <mods:recordInfo>
    <mods:recordContentSource>University of Connecticut Libraries</mods:recordContentSource>
    <mods:languageOfCataloging>
      <mods:languageTerm type="code" authority="iso639-2b">eng</mods:languageTerm>
    </mods:languageOfCataloging>
  </mods:recordInfo>
  <identifier type="hdl">http://hdl.handle.net/11134/20002:860008125</identifier>
  <mods:genre authority="aat" valueURI="300263857">moving image</mods:genre>
  <mods:genre authority="aat" valueURI="300213187">commercials (oral or performed works)</mods:genre>
  <mods:subject>
    <mods:topic authority="fast" valueURI="http://id.worldcat.org/fast/1069212">Political campaigns</mods:topic>
    <mods:topic authority="fast" valueURI="http://id.worldcat.org/fast/1069915">Politicians</mods:topic>
    <mods:topic authority="fast" valueURI="http://id.worldcat.org/fast/1733453">Television commercials</mods:topic>
    <mods:topic authority="fast" valueURI="http://id.worldcat.org/fast/546678">Connecticut. Office of the Governor</mods:topic>
    <mods:geographic authority="tgn" valueURI="7007159">Connecticut (state)</mods:geographic>
    <mods:name type="personal" authority="naf" valueURI="http://id.loc.gov/authorities/names/n88679964">
      <mods:namePart>Morrison, Bruce A.</mods:namePart>
    </mods:name>
  </mods:subject>
</mods:mods></metadata></record><record><header><identifier>oai:drupal-site.org:20002_860068209</identifier><datestamp>2015-07-08T16:17:29Z</datestamp><setSpec>20002_ConnecticutValMaps</setSpec></header><metadata><mods:mods xmlns:mods="http://www.loc.gov/mods/v3" xmlns:xlink="http://www.w3.org/1999/xlink" xmlns:xsi="http://www.w3.org/2001/XMLSchema-instance">
   <mods:titleInfo>
      <mods:title>Brookfield, Connecticut</mods:title>
   </mods:titleInfo>
   <mods:name type="corporate" authority="naf" valueURI="http://id.loc.gov/authorities/names/n86134559">
      <mods:namePart>New York, New Haven, and Hartford Railroad Company</mods:namePart>
      <mods:role>
         <mods:roleTerm authority="marcrelator" authorityURI="http://id.loc.gov/vocabulary/relators" valueURI="http://id.loc.gov/vocabulary/relators/cre" type="text">Creator</mods:roleTerm>
      </mods:role>
   </mods:name>
   <mods:name type="corporate" authority="local">
      <mods:namePart>Housatonic Railroad</mods:namePart>
      <mods:role>
         <mods:roleTerm authority="marcrelator" authorityURI="http://id.loc.gov/vocabulary/relators" valueURI="http://id.loc.gov/vocabulary/relators/ctb" type="text">Contributor</mods:roleTerm>
      </mods:role>
   </mods:name>
   <mods:typeOfResource>cartographic</mods:typeOfResource>
   <mods:genre authority="aat" valueURI="300028094">maps (documents)</mods:genre>
   <mods:genre authority="aat" valueURI="300264387">images (object genre)</mods:genre>
   <mods:originInfo>
      <mods:dateIssued encoding="w3cdtf" keyDate="yes">1915-06-30</mods:dateIssued>
   </mods:originInfo>
   <mods:physicalDescription>
      <mods:internetMediaType>image/jp2</mods:internetMediaType>
      <mods:digitalOrigin>reformatted digital</mods:digitalOrigin>
      <mods:note type="physical description">Source extent: 1 map ; 142 x 61 cm 1 map ; 142 x 61 cm</mods:note>
   </mods:physicalDescription>
   <mods:abstract>Right of way and track map, the New York, New Haven and Hartford R.R. Co. ... from Bridgeport to Pittsfield, station 1369+69 to station 1416+49, town of Brookfield, state of Conn.</mods:abstract>
   <mods:targetAudience>CHO</mods:targetAudience>
   <mods:targetAudience>GEO</mods:targetAudience>
   <mods:note type="ownership">Archives &amp; Special Collections at the Thomas J. Dodd Research Center, University of Connecticut Libraries</mods:note>
   <mods:note type="source note">New York, New Haven, and Hartford Railroad Company Valuation Maps Collection</mods:note>
   <mods:note>Bounding box coordinates recorded as S, W, N, E</mods:note>
   <mods:subject>
      <mods:topic>Freight houses</mods:topic>
      <mods:topic>Railroads</mods:topic>
      <mods:geographic>Brookfield Junction (Brookfield, Conn.)</mods:geographic>
      <mods:geographic>Connecticut</mods:geographic>
      <mods:geographic>Brookfield (Conn.)</mods:geographic>
      <mods:cartographics>
         <mods:coordinates>41.452198, -73.400798, 41.467451, -73.387932</mods:coordinates>
      </mods:cartographics>
   </mods:subject>
   <mods:identifier type="local">Roll no.: 255</mods:identifier>
   <mods:identifier type="local">Valuation no. 57.66/67, sheet 27</mods:identifier>
   <mods:identifier type="local">Accession no. MSS1998-0378</mods:identifier>
   <mods:identifier type="local">uconn_asc_1998-0378_map_57_66_27.tif</mods:identifier>
   <mods:accessCondition type="use and reproduction">These Materials are provided for educational and research purposes only. The University of Connecticut Libraries hold the copyright except where noted. Permission must be obtained in writing from the University of Connecticut Libraries and/or the owner(s) of the copyright to publish reproductions or quotations beyond "fair use."</mods:accessCondition>
   <mods:accessCondition type="restrictions on access">The collection is open and available for research.</mods:accessCondition>
   <mods:extension xmlns:fgdc="http://www.fgdc.gov/schemas/metadata/fgdc-std-001-1998.xsd">
      <fgdc:metadata>
         <fgdc:idinfo>
            <fgdc:spdom>
               <fgdc:bounding>
                  <fgdc:westbc>-73.400798</fgdc:westbc>
                  <fgdc:eastbc>-73.387932</fgdc:eastbc>
                  <fgdc:northbc>41.467451</fgdc:northbc>
                  <fgdc:southbc>41.452198</fgdc:southbc>
               </fgdc:bounding>
            </fgdc:spdom>
         </fgdc:idinfo>
      </fgdc:metadata>
   </mods:extension>
   <mods:recordInfo>
      <mods:recordContentSource>University of Connecticut Libraries</mods:recordContentSource>
      <mods:recordCreationDate encoding="w3cdtf">2015-04-07-04:00</mods:recordCreationDate>
      <mods:languageOfCataloging>
         <mods:languageTerm authority="iso639-2b" type="code">eng</mods:languageTerm>
      </mods:languageOfCataloging>
      <mods:recordOrigin>This MODS record was migrated from University of Connecticut Libraries Archives and Special Collections CONTENTdm site. . Other information: elena; reviewed by banderson</mods:recordOrigin>
   </mods:recordInfo>
<identifier xmlns="http://www.loc.gov/mods/v3" type="hdl">http://hdl.handle.net/11134/20002:860068209</identifier></mods:mods></metadata></record><record><header><identifier>oai:drupal-site.org:20002_860065383</identifier><datestamp>2015-06-30T15:23:45Z</datestamp><setSpec>20002_ConnecticutValMaps</setSpec></header><metadata><mods:mods xmlns:mods="http://www.loc.gov/mods/v3" xmlns:xlink="http://www.w3.org/1999/xlink" xmlns:xsi="http://www.w3.org/2001/XMLSchema-instance">
   <mods:titleInfo>
      <mods:title>Clinton, Connecticut</mods:title>
   </mods:titleInfo>
   <mods:name type="corporate" authority="naf" valueURI="http://id.loc.gov/authorities/names/n86134559">
      <mods:namePart>New York, New Haven, and Hartford Railroad Company</mods:namePart>
      <mods:role>
         <mods:roleTerm authority="marcrelator" authorityURI="http://id.loc.gov/vocabulary/relators" valueURI="http://id.loc.gov/vocabulary/relators/cre" type="text">Creator</mods:roleTerm>
      </mods:role>
   </mods:name>
   <mods:typeOfResource>cartographic</mods:typeOfResource>
   <mods:genre authority="aat" valueURI="300028094">maps (documents)</mods:genre>
   <mods:genre authority="aat" valueURI="300264387">images (object genre)</mods:genre>
   <mods:originInfo>
      <mods:dateIssued encoding="w3cdtf" keyDate="yes">1915-06-30</mods:dateIssued>
   </mods:originInfo>
   <mods:physicalDescription>
      <mods:internetMediaType>image/jp2</mods:internetMediaType>
      <mods:digitalOrigin>reformatted digital</mods:digitalOrigin>
      <mods:note type="physical description">Source extent: 1 map ; 142 x 61 cm 1 map ; 142 x 61 cm</mods:note>
   </mods:physicalDescription>
   <mods:abstract>Right of way and track map, the New York, New Haven and Hartford R.R. Co. ... from New Haven to New London, station 1267+05 to station 1319+85, town of Clinton, state of Conn.</mods:abstract>
   <mods:targetAudience>CHO</mods:targetAudience>
   <mods:targetAudience>GEO</mods:targetAudience>
   <mods:note type="ownership">Archives &amp; Special Collections at the Thomas J. Dodd Research Center, University of Connecticut Libraries</mods:note>
   <mods:note type="source note">New York, New Haven, and Hartford Railroad Company Valuation Maps Collection</mods:note>
   <mods:note>Bounding box coordinates recorded as S, W, N, E</mods:note>
   <mods:subject>
      <mods:topic>Freight houses</mods:topic>
      <mods:topic>Railroads</mods:topic>
      <mods:geographic>Indian River</mods:geographic>
      <mods:geographic>Connecticut</mods:geographic>
      <mods:geographic>Clinton (Conn.)</mods:geographic>
      <mods:name type="corporate" authority="local">
         <mods:namePart>Pond's Extract Company</mods:namePart>
      </mods:name>
      <mods:cartographics>
         <mods:coordinates>41.275379, -72.54025, 41.28455, -72.518485</mods:coordinates>
      </mods:cartographics>
   </mods:subject>
   <mods:identifier type="local">Roll no.: 165</mods:identifier>
   <mods:identifier type="local">Valuation no. 51.60, sheet 23</mods:identifier>
   <mods:identifier type="local">Accession no. MSS1998-0378</mods:identifier>
   <mods:identifier type="local">uconn_asc_1998-0378_map_51_60_23.tif</mods:identifier>
   <mods:accessCondition type="use and reproduction">These Materials are provided for educational and research purposes only. The University of Connecticut Libraries hold the copyright except where noted. Permission must be obtained in writing from the University of Connecticut Libraries and/or the owner(s) of the copyright to publish reproductions or quotations beyond "fair use."</mods:accessCondition>
   <mods:accessCondition type="restrictions on access">The collection is open and available for research.</mods:accessCondition>
   <mods:extension xmlns:fgdc="http://www.fgdc.gov/schemas/metadata/fgdc-std-001-1998.xsd">
      <fgdc:metadata>
         <fgdc:idinfo>
            <fgdc:spdom>
               <fgdc:bounding>
                  <fgdc:westbc>-72.54025</fgdc:westbc>
                  <fgdc:eastbc>-72.518485</fgdc:eastbc>
                  <fgdc:northbc>41.28455</fgdc:northbc>
                  <fgdc:southbc>41.275379</fgdc:southbc>
               </fgdc:bounding>
            </fgdc:spdom>
         </fgdc:idinfo>
      </fgdc:metadata>
   </mods:extension>
   <mods:recordInfo>
      <mods:recordContentSource>University of Connecticut Libraries</mods:recordContentSource>
      <mods:recordCreationDate encoding="w3cdtf">2015-04-07-04:00</mods:recordCreationDate>
      <mods:languageOfCataloging>
         <mods:languageTerm authority="iso639-2b" type="code">eng</mods:languageTerm>
      </mods:languageOfCataloging>
      <mods:recordOrigin>This MODS record was migrated from University of Connecticut Libraries Archives and Special Collections CONTENTdm site. . Other information: elena; reviewed by banderson</mods:recordOrigin>
   </mods:recordInfo>
<identifier xmlns="http://www.loc.gov/mods/v3" type="hdl">http://hdl.handle.net/11134/20002:860065383</identifier></mods:mods></metadata></record><record><header><identifier>oai:drupal-site.org:20002_860075018</identifier><datestamp>2016-04-12T13:08:03Z</datestamp><setSpec>20002_MSS19880010</setSpec></header><metadata><mods:mods xmlns:mods="http://www.loc.gov/mods/v3" xmlns="http://www.loc.gov/mods/v3" xmlns:xsi="http://www.w3.org/2001/XMLSchema-instance" xmlns:xlink="http://www.w3.org/1999/xlink">
  <mods:titleInfo>
    <mods:title>Planting of Oak tree, Grandson of Connecticut Charter Oak</mods:title>
  </mods:titleInfo>
  <mods:name type="personal" authority="naf" valueURI="http://lccn.loc.gov/n2009161601">
    <mods:namePart>Manter, Jerauld A., 1889-1990</mods:namePart>
    <mods:role>
      <mods:roleTerm type="text" authority="marcrelator">Creator</mods:roleTerm>
    </mods:role>
  </mods:name>
  <mods:typeOfResource>still image</mods:typeOfResource>
  <mods:physicalDescription>
    <mods:internetMediaType>image/jp2</mods:internetMediaType>
    <mods:digitalOrigin>reformatted digital</mods:digitalOrigin>
  </mods:physicalDescription>
  <mods:note type="ownership">Archives &amp; Special Collections at the Thomas J. Dodd Research Center, University of Connecticut Libraries</mods:note>
  <mods:note type="source note">Jerauld A. Manter Photograph Collection, University of Connecticut Photograph Collection</mods:note>
  <mods:note type="source identifier">1988-0010/RG4</mods:note>
  <mods:accessCondition type="use and reproduction">These Materials are provided for educational and research purposes only. The University of Connecticut Libraries hold the copyright except where noted. Permission must be obtained in writing from the University of Connecticut Libraries and/or the owner(s) of the copyright to publish reproductions or quotations beyond "fair use."</mods:accessCondition>
  <mods:recordInfo>
    <mods:recordContentSource>University of Connecticut Libraries</mods:recordContentSource>
    <mods:languageOfCataloging>
      <mods:languageTerm type="code" authority="iso639-2b">eng</mods:languageTerm>
    </mods:languageOfCataloging>
  </mods:recordInfo>
  <mods:targetAudience>CHO</mods:targetAudience>
  <mods:genre authority="aat" valueURI="300127173">negatives (photographic)</mods:genre>
  <mods:originInfo>
    <mods:dateIssued encoding="w3cdtf" keyDate="yes">1947</mods:dateIssued>
  </mods:originInfo>
  <mods:subject>
    <mods:topic authority="fast" authorityURI="http://id.worldcat.org/fast/1155955">Tree planting</mods:topic>
    <mods:geographic authority="tgn" valueURI="7014549">Storrs (inhabited place)</mods:geographic>
    <mods:geographic authority="tgn" valueURI="7007159">Connecticut (state)</mods:geographic>
    <mods:name type="corporate" authority="naf" valueURI="http://lccn.loc.gov/n79056688">
      <mods:namePart>University of Connecticut</mods:namePart>
    </mods:name>
    <mods:name type="personal" authority="naf" valueURI="http://lccn.loc.gov/n2009161601">
      <mods:namePart>Manter, Jerauld A., 1889-1990</mods:namePart>
    </mods:name>
  </mods:subject>
  <mods:identifier type="local">1988-0010/RG4/Series1/Box 441:532</mods:identifier>
  <mods:identifier type="local">39153019692013</mods:identifier>
  <mods:accessCondition type="restrictions on access">The collection is open and available for research.</mods:accessCondition>
<identifier type="hdl">http://hdl.handle.net/11134/20002:860075018</identifier>
</mods:mods></metadata></record><record><header><identifier>oai:drupal-site.org:20002_860065849</identifier><datestamp>2015-07-01T13:14:21Z</datestamp><setSpec>20002_ConnecticutValMaps</setSpec></header><metadata><mods:mods xmlns:mods="http://www.loc.gov/mods/v3" xmlns:xlink="http://www.w3.org/1999/xlink" xmlns:xsi="http://www.w3.org/2001/XMLSchema-instance">
   <mods:titleInfo>
      <mods:title>Colchester and Hebron, Connecticut</mods:title>
   </mods:titleInfo>
   <mods:name type="corporate" authority="naf" valueURI="http://id.loc.gov/authorities/names/n86134559">
      <mods:namePart>New York, New Haven, and Hartford Railroad Company</mods:namePart>
      <mods:role>
         <mods:roleTerm authority="marcrelator" authorityURI="http://id.loc.gov/vocabulary/relators" valueURI="http://id.loc.gov/vocabulary/relators/cre" type="text">Creator</mods:roleTerm>
      </mods:role>
   </mods:name>
   <mods:typeOfResource>cartographic</mods:typeOfResource>
   <mods:genre authority="aat" valueURI="300028094">maps (documents)</mods:genre>
   <mods:genre authority="aat" valueURI="300264387">images (object genre)</mods:genre>
   <mods:originInfo>
      <mods:dateIssued encoding="w3cdtf" keyDate="yes">1915-06-30</mods:dateIssued>
   </mods:originInfo>
   <mods:physicalDescription>
      <mods:internetMediaType>image/jp2</mods:internetMediaType>
      <mods:digitalOrigin>reformatted digital</mods:digitalOrigin>
      <mods:note type="physical description">Source extent: 1 map ; 142 x 61 cm 1 map ; 142 x 61 cm</mods:note>
   </mods:physicalDescription>
   <mods:abstract>Right of way and track map, the New York, New Haven and Hartford R.R. Co. ... from New Haven to Willimantic, station 876+02.47 to station 928+82.47, towns of Colchester and Hebron, state of Conn.</mods:abstract>
   <mods:targetAudience>CHO</mods:targetAudience>
   <mods:targetAudience>GEO</mods:targetAudience>
   <mods:note type="ownership">Archives &amp; Special Collections at the Thomas J. Dodd Research Center, University of Connecticut Libraries</mods:note>
   <mods:note type="source note">New York, New Haven, and Hartford Railroad Company Valuation Maps Collection</mods:note>
   <mods:note>Bounding box coordinates recorded as S, W, N, E</mods:note>
   <mods:subject>
      <mods:topic>Railroads</mods:topic>
      <mods:geographic>Judd River</mods:geographic>
      <mods:geographic>Connecticut</mods:geographic>
      <mods:geographic>Colchester (Conn.)</mods:geographic>
      <mods:geographic>Hebron (Conn.)</mods:geographic>
      <mods:cartographics>
         <mods:coordinates>41.591768, -72.384378, 41.612065, -72.340939</mods:coordinates>
      </mods:cartographics>
   </mods:subject>
   <mods:identifier type="local">Roll no.: 195</mods:identifier>
   <mods:identifier type="local">Valuation no. 54.64, sheet 40A</mods:identifier>
   <mods:identifier type="local">Accession no. MSS1998-0378</mods:identifier>
   <mods:identifier type="local">uconn_asc_1998-0378_map_54_64_40a.tif</mods:identifier>
   <mods:accessCondition type="use and reproduction">These Materials are provided for educational and research purposes only. The University of Connecticut Libraries hold the copyright except where noted. Permission must be obtained in writing from the University of Connecticut Libraries and/or the owner(s) of the copyright to publish reproductions or quotations beyond "fair use."</mods:accessCondition>
   <mods:accessCondition type="restrictions on access">The collection is open and available for research.</mods:accessCondition>
   <mods:extension xmlns:fgdc="http://www.fgdc.gov/schemas/metadata/fgdc-std-001-1998.xsd">
      <fgdc:metadata>
         <fgdc:idinfo>
            <fgdc:spdom>
               <fgdc:bounding>
                  <fgdc:westbc>-72.384378</fgdc:westbc>
                  <fgdc:eastbc>-72.340939</fgdc:eastbc>
                  <fgdc:northbc>41.612065</fgdc:northbc>
                  <fgdc:southbc>41.591768</fgdc:southbc>
               </fgdc:bounding>
            </fgdc:spdom>
         </fgdc:idinfo>
      </fgdc:metadata>
   </mods:extension>
   <mods:recordInfo>
      <mods:recordContentSource>University of Connecticut Libraries</mods:recordContentSource>
      <mods:recordCreationDate encoding="w3cdtf">2015-04-07-04:00</mods:recordCreationDate>
      <mods:languageOfCataloging>
         <mods:languageTerm authority="iso639-2b" type="code">eng</mods:languageTerm>
      </mods:languageOfCataloging>
      <mods:recordOrigin>This MODS record was migrated from University of Connecticut Libraries Archives and Special Collections CONTENTdm site. . Other information: elena; reviewed by banderson</mods:recordOrigin>
   </mods:recordInfo>
<identifier xmlns="http://www.loc.gov/mods/v3" type="hdl">http://hdl.handle.net/11134/20002:860065849</identifier></mods:mods></metadata></record><record><header><identifier>oai:drupal-site.org:20002_860235096</identifier><datestamp>2017-01-20T16:14:10Z</datestamp><setSpec>20002_MSS19880010</setSpec></header><metadata><mods:mods xmlns:mods="http://www.loc.gov/mods/v3" xmlns:xlink="http://www.w3.org/1999/xlink" xmlns:xsi="http://www.w3.org/2001/XMLSchema-instance">
   <mods:titleInfo>
      <mods:title>Educational Psychology</mods:title>
   </mods:titleInfo>
   <mods:name type="corporate" authority="lcnaf" valueURI="http://lccn.loc.gov/n79056688">
      <mods:namePart>University of Connecticut</mods:namePart>
      <mods:role>
         <mods:roleTerm authority="marcrelator" authorityURI="http://id.loc.gov/vocabulary/relators" valueURI="http://id.loc.gov/vocabulary/relators/col" type="text">Collector</mods:roleTerm>
      </mods:role>
   </mods:name>
   <mods:typeOfResource>still image</mods:typeOfResource>
   <mods:genre authority="aat" valueURI="">negatives (photographic)</mods:genre>
   <mods:originInfo>
      <mods:dateIssued encoding="w3cdtf" keyDate="yes">1983-12-13</mods:dateIssued>
   </mods:originInfo>
   <mods:physicalDescription>
      <mods:digitalOrigin>reformatted digital</mods:digitalOrigin>
   </mods:physicalDescription>
   <mods:note type="ownership">Archives &amp; Special Collections at the Thomas J. Dodd Research Center, University of Connecticut Libraries</mods:note>
   <mods:subject>
      <mods:topic authority="fast" valueURI="http://id.worldcat.org/fast/867976">College students</mods:topic>
   </mods:subject>
   <mods:subject>
      <mods:name type="corporate" authority="local">
         <mods:namePart>University of Connecticut. Department of Educational Psychology</mods:namePart>
      </mods:name>
   </mods:subject>
   <mods:subject>
      <mods:cartographics>
         <mods:coordinates>41.8000,-72.2500</mods:coordinates>
      </mods:cartographics>
   </mods:subject>
   <mods:identifier type="local">1988-0010/RG3/Box 262/74961</mods:identifier>
   <mods:identifier type="local">MSS 1988.0010RG3</mods:identifier>
   <mods:identifier>39153019709023</mods:identifier>
   <mods:identifier type="local"/>
   <mods:identifier type="local">39153019709023_0612</mods:identifier>
   <mods:accessCondition type="use and reproduction">This work is licensed under a Creative Commons Attribution-NonCommercial 4.0 International License, CC BY-NC.</mods:accessCondition>
   <mods:recordInfo>
      <mods:recordContentSource>University of Connecticut Libraries</mods:recordContentSource>
      <mods:recordCreationDate encoding="w3cdtf">2016-12-29-05:00</mods:recordCreationDate>
      <mods:languageOfCataloging>
         <mods:languageTerm authority="iso639-2b" type="code">eng</mods:languageTerm>
      </mods:languageOfCataloging>
      <mods:recordOrigin>This record was created using the spreadsheet workflow.</mods:recordOrigin>
   </mods:recordInfo>
<identifier xmlns="http://www.loc.gov/mods/v3" type="hdl">http://hdl.handle.net/11134/20002:860235096</identifier></mods:mods></metadata></record><record><header><identifier>oai:drupal-site.org:20002_860201130</identifier><datestamp>2016-09-29T19:33:47Z</datestamp><setSpec>20002_20060251</setSpec></header><metadata><mods:mods xmlns:mods="http://www.loc.gov/mods/v3" xmlns:xlink="http://www.w3.org/1999/xlink" xmlns:xsi="http://www.w3.org/2001/XMLSchema-instance">
   <mods:titleInfo>
      <mods:title>New Haven Railroad electric locomotives, 1958 May - June</mods:title>
   </mods:titleInfo>
   <mods:name type="personal" authority="lcnaf" valueURI="https://lccn.loc.gov/n88177242">
      <mods:namePart>Swanberg, J. W. (Jack W.), 1939-</mods:namePart>
      <mods:role>
         <mods:roleTerm authority="marcrelator" authorityURI="http://id.loc.gov/vocabulary/relators" valueURI="http://id.loc.gov/vocabulary/relators/cre" type="text">Creator</mods:roleTerm>
      </mods:role>
   </mods:name>
   <mods:typeOfResource>still image</mods:typeOfResource>
   <mods:genre authority="aat" valueURI="300127173">negatives (photographs)</mods:genre>
   <mods:originInfo>
      <mods:dateIssued encoding="w3cdtf" keyDate="yes">1958-05-02</mods:dateIssued>
   </mods:originInfo>
   <mods:physicalDescription>
      <mods:digitalOrigin>reformatted digital</mods:digitalOrigin>
   </mods:physicalDescription>
   <mods:abstract>New Haven Railroad electric locomotives (EP-3, EF-3, EP-4, EP-5s) and snow melter in Danbury and New Haven, Connecticut; also includes Canadian National Railway steam locomotive (4-6-2) 5079 in Stratford, Ontario, Canada</mods:abstract>
   <mods:note type="ownership">Archives &amp; Special Collections at the Thomas J. Dodd Research Center, University of Connecticut Libraries</mods:note>
   <mods:subject>
      <mods:topic authority="fast" valueURI="http://id.worldcat.org/fast/905143">Electric locomotives</mods:topic>
   </mods:subject>
   <mods:subject>
      <mods:name type="corporate" authority="lcnaf" valueURI="https://lccn.loc.gov/n86134559">
         <mods:namePart>New York, New Haven, and Hartford Railroad Company</mods:namePart>
      </mods:name>
   </mods:subject>
   <mods:identifier type="local">2006-0251/SeriesIII:Photo/SubseriesB:PhotoNegs/Box6/39153019713975_0008</mods:identifier>
   <mods:identifier type="local">PC -68</mods:identifier>
   <mods:identifier>MSS 2006.0251</mods:identifier>
   <mods:identifier type="local"/>
   <mods:identifier type="local">39153019713975_0008</mods:identifier>
   <mods:accessCondition type="use and reproduction">This work is licensed under a Creative Commons Attribution-NonCommercial 4.0 International License, CC BY-NC.</mods:accessCondition>
   <mods:recordInfo>
      <mods:recordContentSource>University of Connecticut Libraries</mods:recordContentSource>
      <mods:recordCreationDate encoding="w3cdtf">2016-09-20-04:00</mods:recordCreationDate>
      <mods:languageOfCataloging>
         <mods:languageTerm authority="iso639-2b" type="code">eng</mods:languageTerm>
      </mods:languageOfCataloging>
      <mods:recordOrigin>This record was created using the spreadsheet workflow.</mods:recordOrigin>
   </mods:recordInfo>
<identifier xmlns="http://www.loc.gov/mods/v3" type="hdl">http://hdl.handle.net/11134/20002:860201130</identifier></mods:mods></metadata></record><record><header><identifier>oai:drupal-site.org:20002_860161685</identifier><datestamp>2016-06-16T15:15:31Z</datestamp><setSpec>20002_MSS19880010</setSpec></header><metadata><mods:mods xmlns:mods="http://www.loc.gov/mods/v3" xmlns="http://www.loc.gov/mods/v3" xmlns:xsi="http://www.w3.org/2001/XMLSchema-instance" xmlns:xlink="http://www.w3.org/1999/xlink">
  <mods:titleInfo>
    <mods:title>Poultry test feeding</mods:title>
  </mods:titleInfo>
  <mods:name type="personal" authority="naf" valueURI="http://lccn.loc.gov/n2009161601">
    <mods:namePart>Manter, Jerauld A., 1889-1990</mods:namePart>
    <mods:role>
      <mods:roleTerm type="text" authority="marcrelator">Creator</mods:roleTerm>
    </mods:role>
  </mods:name>
  <mods:typeOfResource>still image</mods:typeOfResource>
  <mods:physicalDescription>
    <mods:internetMediaType>image/jp2</mods:internetMediaType>
    <mods:digitalOrigin>reformatted digital</mods:digitalOrigin>
  </mods:physicalDescription>
  <mods:note type="ownership">Archives &amp; Special Collections at the Thomas J. Dodd Research Center, University of Connecticut Libraries</mods:note>
  <mods:note type="source note">Jerauld A. Manter Photograph Collection, University of Connecticut Photograph Collection</mods:note>
  <mods:note type="source identifier">1988-0010/RG4</mods:note>
  <mods:accessCondition type="use and reproduction">This work is licensed under a Creative Commons Attribution-NonCommercial 4.0 International License, CC BY-NC.</mods:accessCondition>
  <mods:recordInfo>
    <mods:recordContentSource>University of Connecticut Libraries</mods:recordContentSource>
    <mods:languageOfCataloging>
      <mods:languageTerm type="code" authority="iso639-2b">eng</mods:languageTerm>
    </mods:languageOfCataloging>
  </mods:recordInfo>
  <mods:targetAudience>CHO</mods:targetAudience>
  <mods:genre authority="aat" valueURI="300127173">negatives (photographic)</mods:genre>
  <mods:originInfo>
    <mods:dateIssued encoding="w3cdtf" keyDate="yes">1951</mods:dateIssued>
  </mods:originInfo>
  <mods:subject>
    <mods:topic authority="fast" authorityURI="http://id.worldcat.org/fast/1073919">Poultry</mods:topic>
       
     <mods:geographic authority="tgn" valueURI="7014549">Storrs (inhabited place)</mods:geographic>
    <mods:geographic authority="tgn" valueURI="7007159">Connecticut (state)</mods:geographic>
    
    <mods:name type="corporate" authority="naf" valueURI="http://lccn.loc.gov/n79056688">
      <mods:namePart>University of Connecticut</mods:namePart>
    </mods:name>
    
    <mods:name type="personal" authority="naf" valueURI="http://lccn.loc.gov/n2009161601">
      <mods:namePart>Manter, Jerauld A., 1889-1990</mods:namePart>
    </mods:name>
  </mods:subject>
  <mods:identifier type="local">1988-0010/RG4/Series1/Box446:973</mods:identifier>
  <mods:identifier type="local">39153019278011</mods:identifier>
  <mods:accessCondition type="restrictions on access">The collection is open and available for research.</mods:accessCondition>
  
<identifier type="hdl">http://hdl.handle.net/11134/20002:860161685</identifier></mods:mods></metadata></record><record><header><identifier>oai:drupal-site.org:20002_860200497</identifier><datestamp>2016-09-23T15:05:46Z</datestamp><setSpec>20002_20060251</setSpec></header><metadata><mods:mods xmlns:mods="http://www.loc.gov/mods/v3" xmlns:xlink="http://www.w3.org/1999/xlink" xmlns:xsi="http://www.w3.org/2001/XMLSchema-instance">
   <mods:titleInfo>
      <mods:title>Norfolk &amp; Western Railway steam locomotives, 1958 September 16</mods:title>
   </mods:titleInfo>
   <mods:name type="personal" authority="lcnaf" valueURI="https://lccn.loc.gov/n88177242">
      <mods:namePart>Swanberg, J. W. (Jack W.), 1939-</mods:namePart>
      <mods:role>
         <mods:roleTerm authority="marcrelator" authorityURI="http://id.loc.gov/vocabulary/relators" valueURI="http://id.loc.gov/vocabulary/relators/cre" type="text">Creator</mods:roleTerm>
      </mods:role>
   </mods:name>
   <mods:typeOfResource>still image</mods:typeOfResource>
   <mods:genre authority="aat" valueURI="300127173">negatives (photographs)</mods:genre>
   <mods:originInfo>
      <mods:dateIssued encoding="w3cdtf" keyDate="yes">1958-09-16</mods:dateIssued>
   </mods:originInfo>
   <mods:physicalDescription>
      <mods:digitalOrigin>reformatted digital</mods:digitalOrigin>
   </mods:physicalDescription>
   <mods:abstract>Located at Shaffer's Crossing and Blue Ridge near Roanoke, Virginia; also includes Southern Railway diesel 2925</mods:abstract>
   <mods:note type="ownership">Archives &amp; Special Collections at the Thomas J. Dodd Research Center, University of Connecticut Libraries</mods:note>
   <mods:subject>
      <mods:topic authority="fast" valueURI="http://id.worldcat.org/fast/1132241">Steam locomotives</mods:topic>
   </mods:subject>
   <mods:subject>
      <mods:name type="corporate" authority="lcnaf" valueURI="https://lccn.loc.gov/n82122355">
         <mods:namePart>Norfolk and Western Railroad Company</mods:namePart>
      </mods:name>
   </mods:subject>
   <mods:subject>
      <mods:cartographics>
         <mods:coordinates>37.2833,-80.0500</mods:coordinates>
      </mods:cartographics>
   </mods:subject>
   <mods:identifier type="local">2006-0251/SeriesIII:Photo/SubseriesB:PhotoNegs/Box6/39153019273467_0002</mods:identifier>
   <mods:identifier type="local">PC-42</mods:identifier>
   <mods:identifier>MSS 2006.0251</mods:identifier>
   <mods:identifier type="local"/>
   <mods:identifier type="local">39153019273467_0002</mods:identifier>
   <mods:accessCondition type="use and reproduction">This work is licensed under a Creative Commons Attribution-NonCommercial 4.0 International License, CC BY-NC.</mods:accessCondition>
   <mods:recordInfo>
      <mods:recordContentSource>University of Connecticut Libraries</mods:recordContentSource>
      <mods:recordCreationDate encoding="w3cdtf">2016-09-20-04:00</mods:recordCreationDate>
      <mods:languageOfCataloging>
         <mods:languageTerm authority="iso639-2b" type="code">eng</mods:languageTerm>
      </mods:languageOfCataloging>
      <mods:recordOrigin>This record was created using the spreadsheet workflow.</mods:recordOrigin>
   </mods:recordInfo>
<identifier xmlns="http://www.loc.gov/mods/v3" type="hdl">http://hdl.handle.net/11134/20002:860200497</identifier></mods:mods></metadata></record><record><header><identifier>oai:drupal-site.org:20002_199723802</identifier><datestamp>2015-09-01T14:16:55Z</datestamp><setSpec>20002_MSS19880010</setSpec></header><metadata><mods:mods xmlns:mods="http://www.loc.gov/mods/v3" xmlns:xlink="http://www.w3.org/1999/xlink" xmlns:xsi="http://www.w3.org/2001/XMLSchema-instance">
   <mods:titleInfo>
      <mods:title>Vegetables</mods:title>
   </mods:titleInfo>
   <mods:titleInfo type="alternative">
      <mods:title/>
   </mods:titleInfo>
   <mods:name type="personal" authority="local">
      <mods:namePart>Garrigus, Harry L.</mods:namePart>
      <mods:role>
         <mods:roleTerm authority="marcrelator" authorityURI="http://id.loc.gov/vocabulary/relators" valueURI="http://id.loc.gov/vocabulary/relators/cre" type="text">Creator</mods:roleTerm>
      </mods:role>
   </mods:name>
   <mods:typeOfResource>still image</mods:typeOfResource>
   <mods:genre authority="aat" valueURI="300215302">digital images</mods:genre>
   <mods:genre>glass negatives</mods:genre>
   <mods:genre>dry plate negatives</mods:genre>
   <mods:originInfo>
      <mods:dateIssued encoding="w3cdtf" keyDate="yes" point="start">1897</mods:dateIssued>
      <mods:dateIssued encoding="w3cdtf" point="end">1912</mods:dateIssued>
   </mods:originInfo>
   <mods:physicalDescription>
      <mods:form>glass</mods:form>
      <mods:internetMediaType>image/jpeg</mods:internetMediaType>
      <mods:digitalOrigin>reformatted digital</mods:digitalOrigin>
      <mods:note type="physical description">Source extent: 1 negative ; 13 x 18 cm.</mods:note>
   </mods:physicalDescription>
   <mods:abstract>Wood crates, metal water can, brooms, ladder, stack of paper scattered about the interior of a room with wood floor. Dark blanket hands partially over window and outdoor/work clothes hand on the wall or drapped over the bundles of paper.</mods:abstract>
   <mods:note type="ownership">Archives &amp; Special Collections at the Thomas J. Dodd Research Center, University of Connecticut Libraries</mods:note>
   <mods:note type="source note">Harry L. Garrigus Photograph Collection; University of Connecticut Photograph Collection</mods:note>
   <mods:note>Title from negative envelope.</mods:note>
   <mods:subject>
      <mods:topic>Boxes</mods:topic>
      <mods:topic>Pitchers</mods:topic>
   </mods:subject>
   <mods:identifier type="local">1988-0010_ph1757.jpg</mods:identifier>
   <mods:accessCondition type="use and reproduction">These Materials are provided for educational and research purposes only. The University of Connecticut Libraries hold the copyright except where noted. Permission must be obtained in writing from the University of Connecticut Libraries and/or the owner(s) of the copyright to publish reproductions or quotations beyond "fair use."</mods:accessCondition>
   <mods:accessCondition type="restrictions on access">The collection is open and available for research.</mods:accessCondition>
   <mods:recordInfo>
      <mods:recordContentSource>University of Connecticut Libraries</mods:recordContentSource>
      <mods:recordCreationDate encoding="w3cdtf">2014-09-17-04:00</mods:recordCreationDate>
      <mods:languageOfCataloging>
         <mods:languageTerm authority="iso639-2b" type="code">eng</mods:languageTerm>
      </mods:languageOfCataloging>
      <mods:recordOrigin>This MODS record was migrated from CHO's CONTENTdm, with the following Reference URL: http://images.lib.uconn.edu:81/u?/photographs,1642. Other information: nds; bp; wda</mods:recordOrigin>
   </mods:recordInfo>
<identifier xmlns="http://www.loc.gov/mods/v3" type="hdl">http://hdl.handle.net/11134/20002:199723802</identifier></mods:mods></metadata></record><record><header><identifier>oai:drupal-site.org:20002_860189430</identifier><datestamp>2016-08-18T16:59:13Z</datestamp><setSpec>20002_20150071</setSpec></header><metadata><mods:mods xmlns:mods="http://www.loc.gov/mods/v3" xmlns="http://www.loc.gov/mods/v3" xmlns:xsi="http://www.w3.org/2001/XMLSchema-instance" xmlns:xlink="http://www.w3.org/1999/xlink">
  <mods:titleInfo>
    <mods:title/>
  </mods:titleInfo>
  <mods:name type="personal" authority="naf" valueURI="https://lccn.loc.gov/nr94026863">
    <mods:namePart>Rand, Ellen Emmet, 1875-1941</mods:namePart>
    <mods:role>Collector</mods:role>
  </mods:name>
  <mods:typeOfResource>text</mods:typeOfResource>
  <mods:genre authority="aat" valueURI="300027112">medals</mods:genre>
  <mods:originInfo>
    <mods:dateIssued encoding="w3cdtf" keyDate="yes"/>
  </mods:originInfo>
  <mods:physicalDescription>
    <mods:internetMediaType>image/jp2</mods:internetMediaType>
    <mods:digitalOrigin>reformatted digital</mods:digitalOrigin>
  </mods:physicalDescription>
  <mods:note type="ownership">Archives &amp; Special Collections at the Thomas J. Dodd Research Center, University of Connecticut Libraries</mods:note>
  <mods:note type="source note">Ellen Emmet Rand Papers</mods:note>
  <mods:note type="source identifier">MSS 2015.0071</mods:note>
  <mods:subject>
    <mods:name type="personal" authority="naf" valueURI="https://lccn.loc.gov/nr94026863">
      <mods:namePart>Rand, Ellen Emmet, 1875-1941</mods:namePart>
    </mods:name>
  </mods:subject>
  <mods:identifier type="local">MSS 2015.0071</mods:identifier>
  <mods:identifier type="local">39153019930702</mods:identifier>
  <mods:identifier type="local">2015-0071/Series</mods:identifier>
  <mods:accessCondition type="use and reproduction">This work is licensed under a Creative Commons Attribution-NonCommercial 4.0 International License, CC BY-NC.</mods:accessCondition>
  <mods:recordInfo>
    <mods:recordContentSource>University of Connecticut Libraries</mods:recordContentSource>
    <mods:languageOfCataloging>
      <mods:languageTerm type="code" authority="iso639-2b">eng</mods:languageTerm>
    </mods:languageOfCataloging>
  </mods:recordInfo>
<identifier type="hdl">http://hdl.handle.net/11134/20002:860189430</identifier></mods:mods></metadata></record><record><header><identifier>oai:drupal-site.org:20002_860140935</identifier><datestamp>2016-05-02T15:08:00Z</datestamp><setSpec>20002_860135355</setSpec></header><metadata><mods:mods xmlns:mods="http://www.loc.gov/mods/v3" xmlns="http://www.loc.gov/mods/v3" xmlns:xsi="http://www.w3.org/2001/XMLSchema-instance" xmlns:xlink="http://www.w3.org/1999/xlink" version="3.5" xsi:schemaLocation="http://www.loc.gov/mods/v3 http://www.loc.gov/standards/mods/v3/mods-3-5.xsd">
  <mods:titleInfo>
    <mods:title>Boy at RugMark Daycare</mods:title>
  </mods:titleInfo>
  <mods:name type="personal" authority="naf" valueURI="http://id.loc.gov/authorities/names/n97852224">
    <mods:namePart>Romano, U. Roberto</mods:namePart>
    <mods:role>
      <mods:roleTerm type="text" authority="marcrelator">Creator</mods:roleTerm>
    </mods:role>
  </mods:name>
  <mods:typeOfResource>still image</mods:typeOfResource>
  <mods:genre authority="aat" valueURI="300264341">documentary photographs</mods:genre>
  <mods:originInfo>
    <mods:dateIssued encoding="w3cdtf" keyDate="yes" point="start">2007</mods:dateIssued>
    <mods:dateIssued encoding="w3cdtf" point="end">2008-09-22</mods:dateIssued>
  </mods:originInfo>
  <mods:physicalDescription>
    <mods:internetMediaType>image/tiff</mods:internetMediaType>
    <mods:digitalOrigin>born digital</mods:digitalOrigin>
  </mods:physicalDescription>
  <mods:abstract>RugMark’s daycare and early childhood education centers offer ample opportunities to both study and socialize. (Kathmandu,Nepal, 2007)</mods:abstract>
  <mods:note type="ownership">Archives &amp; Special Collections at the Thomas J. Dodd Research Center, University of Connecticut Libraries</mods:note>
  <mods:note type="acquisition">Over two hundred digital images and thirty-four framed photographic prints were donated by Mr. Romano in 2008/2009. Additional materials were transferred in 2011-2012 and are on deposit.</mods:note>
  <mods:note type="source note">U. Roberto (Robin) Romano Papers, 1971-2011</mods:note>
  <mods:note type="source identifier">2008.0006</mods:note>
  <mods:subject>
    <mods:topic authority="fast" valueURI="http://id.worldcat.org/fast/856519">Children's rights</mods:topic>
    <mods:topic authority="fast" valueURI="http://id.worldcat.org/fast/902499">Education</mods:topic>
    <mods:topic authority="fast" valueURI="http://id.worldcat.org/fast/1101085">Rug and carpet industry</mods:topic>
    <mods:topic authority="fast" valueURI="http://id.worldcat.org/fast/854472">Child labor</mods:topic>
    <mods:geographic authority="tgn" valueURI="1083294">Kathmandu (inhabited place)</mods:geographic>
  </mods:subject>
  <mods:identifier type="local">37607FN01</mods:identifier>
  <mods:accessCondition type="use and reproduction">This work is licensed under a Creative Commons Attribution-NonCommercial 4.0 International License, CC BY-NC.</mods:accessCondition>
  <mods:recordInfo>
    <mods:recordContentSource>University of Connecticut Libraries</mods:recordContentSource>
    <mods:languageOfCataloging>
      <mods:languageTerm type="code" authority="iso639-2b">eng</mods:languageTerm>
    </mods:languageOfCataloging>
  </mods:recordInfo>
  <identifier type="hdl">http://hdl.handle.net/11134/20002:860140935</identifier>
</mods:mods></metadata></record><record><header><identifier>oai:drupal-site.org:20002_860241477</identifier><datestamp>2017-02-02T20:08:00Z</datestamp><setSpec>20002_MAGICHISMAP</setSpec></header><metadata><mods:mods xmlns:mods="http://www.loc.gov/mods/v3" xmlns:xlink="http://www.w3.org/1999/xlink" xmlns:xsi="http://www.w3.org/2001/XMLSchema-instance">
<mods:titleInfo><mods:title>Point Beach Dr in MilfordCT</mods:title></mods:titleInfo>
<mods:typeOfResource>cartographic</mods:typeOfResource>
<mods:genre authority="aat" valueURI="300128222">aerial photographs</mods:genre>
<mods:originInfo>
<mods:dateIssued encoding="w3cdtf" keyDate="yes">11/2/2012</mods:dateIssued>
</mods:originInfo>
<mods:physicalDescription>
<mods:internetMediaType>image/tiff</mods:internetMediaType>
<mods:digitalOrigin>born digital</mods:digitalOrigin>
</mods:physicalDescription>
<mods:abstract>Pictures taken right after Hurricane Sandy in 2012 along the Connecticut coastline.</mods:abstract>
<mods:note type="ownership">Connecticut Office of Policy and Management, provided to the Map and Geographic Information Center at the University of Connecticut Library.</mods:note>
<mods:subject>
<mods:topic authority="lcsh" valueURI="http://id.loc.gov/authorities/subjects/sh2012004250">Hurricane Sandy, 2012</mods:topic>
<mods:geographic authority="tgn" valueURI="7007159">Connecticut(State)</mods:geographic>
<mods:cartographics>
<mods:coordinates>41.2046, -73.0164</mods:coordinates>
</mods:cartographics>
</mods:subject>
<mods:identifier type="local">S_2NOV143612_Milford_PointBeachDr_SandDownSideStreets_N41.2046N73.0164_RIMG0110.TIF</mods:identifier>
<mods:accessCondition type="use and reproduction">This work is licensed under a Creative Commons Attribution-NonCommercial 4.0 International License, CC BY-NC.</mods:accessCondition>
<mods:recordInfo>
<mods:recordContentSource>University of Connecticut Libraries</mods:recordContentSource>
<mods:recordCreationDate>2016-12-07T09:54:20.675576</mods:recordCreationDate>
<mods:languageOfCataloging>
<mods:languageTerm authority="iso639-2b" type="code">eng</mods:languageTerm>
</mods:languageOfCataloging>
</mods:recordInfo>
<identifier xmlns="http://www.loc.gov/mods/v3" type="hdl">http://hdl.handle.net/11134/20002:860241477</identifier></mods:mods></metadata></record><record><header><identifier>oai:drupal-site.org:20002_860191145</identifier><datestamp>2016-08-19T19:27:48Z</datestamp><setSpec>20002_19840010Postcards</setSpec></header><metadata><mods:mods xmlns:mods="http://www.loc.gov/mods/v3" xmlns="http://www.loc.gov/mods/v3" xmlns:xsi="http://www.w3.org/2001/XMLSchema-instance" xmlns:xlink="http://www.w3.org/1999/xlink">
  <mods:targetAudience>CHO</mods:targetAudience>
  <mods:titleInfo>
    <mods:title>Postcards (Connecticut)</mods:title>
  </mods:titleInfo>
  <mods:name type="corporate" authority="local">
    <mods:namePart>Hampton Antiquarian and Historical Society</mods:namePart>
    <mods:role>
      <mods:roleTerm type="text" authority="marcrelator">Collector</mods:roleTerm>
    </mods:role>
  </mods:name>
  <mods:typeOfResource>text</mods:typeOfResource>
  <mods:genre authority="aat" valueURI="300026816">postcards</mods:genre>
  
  <mods:originInfo>
    <mods:dateIssued encoding="w3cdtf" keyDate="yes" point="start">1906</mods:dateIssued>
    <mods:dateIssued encoding="w3cdtf" point="end">1966</mods:dateIssued>
  </mods:originInfo>
  <mods:physicalDescription>
    <mods:internetMediaType>image/jp2</mods:internetMediaType>
    <mods:digitalOrigin>reformatted digital</mods:digitalOrigin>
  </mods:physicalDescription>
  <mods:note type="ownership">Archives &amp; Special Collections at the Thomas J. Dodd Research Center, University of Connecticut Libraries</mods:note>
  <mods:subject>
    
    <mods:geographic authority="tgn" valueURI="7007159">Connecticut (state)</mods:geographic>
    
  </mods:subject>
  <mods:identifier type="local">MSS 1894.0010</mods:identifier>
  <mods:identifier type="local">1984-0010/SeriesII/Box4:69</mods:identifier>
  <mods:identifier type="local">39153019706417</mods:identifier>
  
  <mods:accessCondition type="use and reproduction">This work is licensed under a Creative Commons Attribution-NonCommercial 4.0 International License, CC BY-NC.</mods:accessCondition>
  <mods:recordInfo>
    <mods:recordContentSource>University of Connecticut Libraries</mods:recordContentSource>
    <mods:languageOfCataloging>
      <mods:languageTerm type="code" authority="iso639-2b">eng</mods:languageTerm>
    </mods:languageOfCataloging>
  </mods:recordInfo>
<identifier type="hdl">http://hdl.handle.net/11134/20002:860191145</identifier></mods:mods></metadata></record><record><header><identifier>oai:drupal-site.org:20004_1014</identifier><datestamp>2016-10-17T23:08:36Z</datestamp><setSpec>20004_19970129BODMtg</setSpec></header><metadata><mods:mods xmlns:mods="http://www.loc.gov/mods/v3" xmlns="http://www.loc.gov/mods/v3" xmlns:xsi="http://www.w3.org/2001/XMLSchema-instance" xmlns:xlink="http://www.w3.org/1999/xlink">
  <mods:titleInfo>
    <mods:title>2015-09-01 Board of Directors Meeting</mods:title>
  </mods:titleInfo>
  <mods:name type="corporate" authority="naf" valueURI="https://lccn.loc.gov/n79089278">
    <mods:namePart>University of Connecticut. Health Center.</mods:namePart>
    <mods:role>
      <mods:roleTerm type="text" authority="marcrelator">Creator</mods:roleTerm>
    </mods:role>
  </mods:name>
  <mods:typeOfResource>text</mods:typeOfResource>
  <mods:genre authority="aat" valueURI="300027425">administrative records</mods:genre>
  <mods:originInfo>
    <mods:dateIssued encoding="w3cdtf" keyDate="yes">2015-09-01</mods:dateIssued>
  </mods:originInfo>
  <mods:physicalDescription>
    <mods:internetMediaType>application/pdf</mods:internetMediaType>
    <mods:digitalOrigin>reformatted digital</mods:digitalOrigin>
  </mods:physicalDescription>
  <mods:note type="ownership">Archives &amp; Special Collections at the Thomas J. Dodd Research Center, University of Connecticut Libraries</mods:note>
  <mods:note type="source note">University of Connecticut Health Center Records</mods:note>
  <mods:note type="source identifier">MSS 1997.0129</mods:note>
  <mods:subject>
    <mods:name type="corporate" authority="naf" valueURI="https://lccn.loc.gov/n79089278">
      <mods:namePart>University of Connecticut. Health Center.</mods:namePart>
    </mods:name>
  </mods:subject>
  <mods:identifier type="local">MSS 1997.0129</mods:identifier>
  <mods:accessCondition type="use and reproduction">This work is licensed under a Creative Commons Attribution-NonCommercial 4.0 International License, CC BY-NC.</mods:accessCondition>
  <mods:recordInfo>
    <mods:recordContentSource>University of Connecticut Libraries</mods:recordContentSource>
    <mods:languageOfCataloging>
      <mods:languageTerm type="code" authority="iso639-2b">eng</mods:languageTerm>
    </mods:languageOfCataloging>
  </mods:recordInfo>
 
<identifier type="hdl">http://hdl.handle.net/11134/20004:1014</identifier></mods:mods></metadata></record><record><header><identifier>oai:drupal-site.org:20002_860060722</identifier><datestamp>2016-10-17T23:13:03Z</datestamp><setSpec>20002_MSS19880010</setSpec></header><metadata><mods:mods xmlns:mods="http://www.loc.gov/mods/v3" xmlns="http://www.loc.gov/mods/v3" xmlns:xsi="http://www.w3.org/2001/XMLSchema-instance" xmlns:xlink="http://www.w3.org/1999/xlink">
  <mods:targetAudience>CHO</mods:targetAudience>
  <mods:titleInfo>
    <mods:title>Commencement</mods:title>
  </mods:titleInfo>
  <mods:name authority="local">
    <mods:namePart>Morenus, Peter</mods:namePart>
    <mods:role>
      <mods:roleTerm type="text" authority="marcrelator">Creator</mods:roleTerm>
    </mods:role>
  </mods:name>
  <mods:typeOfResource>still image</mods:typeOfResource>
  <mods:genre authority="aat" valueURI="300046300">photographs</mods:genre>
  <mods:originInfo>
    <mods:dateIssued encoding="w3cdtf" keyDate="yes">2002-05-18</mods:dateIssued>
  </mods:originInfo>
  <mods:physicalDescription>
    <mods:internetMediaType>image/jpeg</mods:internetMediaType>
    <mods:digitalOrigin>born digital</mods:digitalOrigin>
  </mods:physicalDescription>
  <mods:note type="ownership">Archives &amp; Special Collections at the Thomas J. Dodd Research Center, University of Connecticut Libraries</mods:note>
  <mods:note type="source note">University of Connecticut Photograph Collection</mods:note>
  <mods:note type="source identifier">MSS 1988.0010</mods:note>
  <mods:subject>
    <mods:topic authority="fast" valueURI="http://id.worldcat.org/fast/869276">Commencement ceremonies</mods:topic>
    <mods:geographic authority="tgn" valueURI="70145549">Storrs (inhabited place)</mods:geographic>
  </mods:subject>
  <mods:identifier type="local">MSS 1988.0010</mods:identifier>
  <mods:accessCondition type="use and reproduction">These Materials are provided for educational and research purposes only. The University of Connecticut Libraries hold the copyright except where noted. Permission must be obtained in writing from the University of Connecticut Libraries and/or the owner(s) of the copyright to publish reproductions or quotations beyond "fair use."</mods:accessCondition>
  <mods:accessCondition type="restrictions on access">The collection is open and available for research.</mods:accessCondition>
  <mods:recordInfo>
    <mods:recordContentSource>University of Connecticut Libraries</mods:recordContentSource>
    <mods:languageOfCataloging>
      <mods:languageTerm type="code" authority="iso639-2b">eng</mods:languageTerm>
    </mods:languageOfCataloging>
  </mods:recordInfo>
<identifier type="hdl">http://hdl.handle.net/11134/20002:860060722</identifier></mods:mods></metadata></record><record><header><identifier>oai:drupal-site.org:20002_860139843</identifier><datestamp>2016-11-16T14:42:40Z</datestamp><setSpec>20002_20130052Photo</setSpec></header><metadata><mods:mods xmlns:mods="http://www.loc.gov/mods/v3" xmlns="http://www.loc.gov/mods/v3" xmlns:xsi="http://www.w3.org/2001/XMLSchema-instance" xmlns:xlink="http://www.w3.org/1999/xlink" version="3.5" xsi:schemaLocation="http://www.loc.gov/mods/v3 http://www.loc.gov/standards/mods/v3/mods-3-5.xsd">
  <mods:titleInfo>
    <mods:title>Singer holding onto shirt</mods:title>
  </mods:titleInfo>
  <mods:identifier type="hdl">http://hdl.handle.net/11134/20002:860139843</mods:identifier>
  <mods:typeOfResource>still image</mods:typeOfResource>
  <mods:genre authority="aat" valueURI="300262956">musical performances</mods:genre>
  <mods:genre authority="aat" valueURI="300069210">concerts</mods:genre>
  <mods:physicalDescription>
    <mods:digitalOrigin>reformatted digital</mods:digitalOrigin>
  </mods:physicalDescription>
  <mods:note type="ownership">Archives &amp; Special Collections at the Thomas J. Dodd Research Center, University of Connecticut Libraries</mods:note>
  <mods:subject>
    <mods:topic authority="fast" valueURI="http://id.worldcat.org/fast/1084153">Punk rock music</mods:topic>
    <mods:geographic authority="tgn" valueURI="7007159">Connecticut (state)</mods:geographic>
  </mods:subject>
  <mods:accessCondition type="use and reproduction">This work is licensed under a Creative Commons Attribution-NonCommercial 4.0 International License, CC BY-NC.</mods:accessCondition>
  <mods:recordInfo>
    <mods:recordContentSource>University of Connecticut Libraries</mods:recordContentSource>
    <mods:languageOfCataloging>
      <mods:languageTerm type="code" authority="iso639-2b">eng</mods:languageTerm>
    </mods:languageOfCataloging>
  </mods:recordInfo>
</mods:mods></metadata></record><record><header><identifier>oai:drupal-site.org:20002_860026246</identifier><datestamp>2016-04-22T19:39:58Z</datestamp><setSpec>20002_MSS19880010</setSpec></header><metadata><mods:mods xmlns:mods="http://www.loc.gov/mods/v3" xmlns="http://www.loc.gov/mods/v3" xmlns:xsi="http://www.w3.org/2001/XMLSchema-instance" xmlns:xlink="http://www.w3.org/1999/xlink" version="3.5" xsi:schemaLocation="http://www.loc.gov/mods/v3 http://www.loc.gov/standards/mods/v3/mods-3-5.xsd">
  <mods:titleInfo>
    <mods:title>Crowds for a Basketball Game</mods:title>
  </mods:titleInfo>
  <mods:name type="personal" authority="naf" valueURI="http://lccn.loc.gov/n2009161601">
    <mods:namePart>Manter, Jerauld A., 1889-1990</mods:namePart>
    <mods:role>
      <mods:roleTerm type="text" authority="marcrelator">Creator</mods:roleTerm>
    </mods:role>
  </mods:name>
  <mods:typeOfResource>still image</mods:typeOfResource>
  <mods:physicalDescription>
    <mods:internetMediaType>image/jp2</mods:internetMediaType>
    <mods:digitalOrigin>reformatted digital</mods:digitalOrigin>
    <mods:form>black and white</mods:form>
  </mods:physicalDescription>
  <mods:note type="ownership">Archives &amp; Special Collections at the Thomas J. Dodd Research Center, University of Connecticut Libraries</mods:note>
  <mods:note type="source note">Jerauld A. Manter Photograph Collection, University of Connecticut Photograph Collection</mods:note>
  <mods:note type="source identifier">1988-0010/RG4</mods:note>
  <mods:accessCondition type="use and reproduction">This work is licensed under a Creative Commons Attribution-NonCommercial 4.0 International License, CC BY-NC.</mods:accessCondition>
  <mods:recordInfo>
    <mods:recordContentSource>University of Connecticut Libraries</mods:recordContentSource>
    <mods:languageOfCataloging>
      <mods:languageTerm type="code" authority="iso639-2b">eng</mods:languageTerm>
    </mods:languageOfCataloging>
  </mods:recordInfo>
  <mods:targetAudience>CHO</mods:targetAudience>
  <mods:genre authority="aat" valueURI="300127173">negatives (photographic)</mods:genre>
  <mods:originInfo>
    <mods:dateIssued encoding="w3cdtf" keyDate="yes">1940</mods:dateIssued>
  </mods:originInfo>
  <mods:subject>
    <mods:topic authority="fast" authorityURI="http://id.worldcat.org/fast/828203" valueURI="http://id.worldcat.org/fast/828203">Basketball</mods:topic>
    <mods:geographic authority="tgn" valueURI="7014549">Storrs (inhabited place)</mods:geographic>
    <mods:geographic authority="tgn" valueURI="7007159">Connecticut (state)</mods:geographic>
    <mods:name type="corporate" authority="naf" valueURI="http://lccn.loc.gov/n79056688">
      <mods:namePart>University of Connecticut</mods:namePart>
    </mods:name>
    <mods:name type="personal" valueURI="http://lccn.loc.gov/n2009161601" authority="naf">
      <mods:namePart>Manter, Jerauld A., 1889-1990</mods:namePart>
    </mods:name>
    <mods:cartographics>
      <mods:coordinates>41.8000, -72.2500</mods:coordinates>
    </mods:cartographics>
  </mods:subject>
  <mods:identifier type="local">1988-0010/RG4/Series1/Box437:95</mods:identifier>
  <mods:identifier type="local">39153019686924_archival/39153019686924_0001.jp2</mods:identifier>
  <mods:accessCondition type="restrictions on access">The collection is open and available for research.</mods:accessCondition>
  <identifier type="hdl">http://hdl.handle.net/11134/20002:860026246</identifier>
  <mods:abstract>Crowds outside of the Willis Nichols Hawley Armory, identified as a spectators for a basketball game.</mods:abstract>
</mods:mods></metadata></record><resumptionToken expirationDate="2017-03-09T16:41:22Z" completeListSize="34302" cursor="340">435177587</resumptionToken></ListRecords></OAI-PMH>

