<?xml version="1.0" encoding="UTF-8"?>
<OAI-PMH xmlns:xsi="http://www.w3.org/2001/XMLSchema-instance"  xsi:schemaLocation="http://www.loc.gov/mods/v3 http://www.loc.gov/standards/mods/v3/mods-3-5.xsd http://www.openarchives.org/OAI/2.0/ http://www.openarchives.org/OAI/2.0/OAI-PMH.xsd"  xmlns="http://www.openarchives.org/OAI/2.0/" xmlns:mods="http://www.loc.gov/mods/v3"><responseDate>2017-03-08T16:44:51Z</responseDate><request>http://archives.lib.uconn.edu/oai2</request><ListRecords><record><header><identifier>oai:drupal-site.org:20002_860167417</identifier><datestamp>2016-08-09T12:28:15Z</datestamp><setSpec>20002_MSS20020121</setSpec></header><metadata><mods:mods xmlns:mods="http://www.loc.gov/mods/v3" xmlns="http://www.loc.gov/mods/v3" xmlns:xsi="http://www.w3.org/2001/XMLSchema-instance" xmlns:xlink="http://www.w3.org/1999/xlink" version="3.5" xsi:schemaLocation="http://www.loc.gov/mods/v3 http://www.loc.gov/standards/mods/v3/mods-3-5.xsd">
  <mods:titleInfo>
    <mods:title>Penn Central Turbo train, Old Lyme</mods:title>
  </mods:titleInfo>
  <mods:typeOfResource>still image</mods:typeOfResource>
  <mods:physicalDescription>
    <mods:digitalOrigin>reformatted digital</mods:digitalOrigin>
    <mods:internetMediaType>image/tiff</mods:internetMediaType>
  </mods:physicalDescription>
  <mods:note type="ownership">Archives &amp; Special Collections at the Thomas J. Dodd Research Center, University of Connecticut Libraries</mods:note>
  <mods:accessCondition type="use and reproduction">This work is licensed under a Creative Commons Attribution-NonCommercial 4.0 International License, CC BY-NC.</mods:accessCondition>
  <mods:recordInfo>
    <mods:recordContentSource>University of Connecticut Libraries</mods:recordContentSource>
    <mods:languageOfCataloging>
      <mods:languageTerm type="code" authority="iso639-2b">eng</mods:languageTerm>
    </mods:languageOfCataloging>
  </mods:recordInfo>
  <identifier type="hdl">http://hdl.handle.net/11134/20002:860167417</identifier>
  <mods:targetAudience displayLabel="CHO">CHO</mods:targetAudience>
  <mods:name type="personal" authority="local">
    <mods:namePart>LaMay, Robert A.</mods:namePart>
    <mods:role>
      <mods:roleTerm type="text" authority="marcrelator">Photographer</mods:roleTerm>
    </mods:role>
  </mods:name>
  <mods:genre authority="aat" valueURI="300128371">slides (photographs)</mods:genre>
  <mods:originInfo>
    <mods:dateIssued encoding="w3cdtf" keyDate="yes">1969-10</mods:dateIssued>
  </mods:originInfo>
  <mods:abstract>Penn Central UAC/USDOT Turbo Train crosses on the Connecticut River Bridge at Old Lyme, Connecticut.</mods:abstract>
  <mods:note type="source note">Robert A. LaMay Papers</mods:note>
  <mods:subject>
    <mods:geographic authority="tgn" valueURI="7014283">Old Lyme (inhabited place)</mods:geographic>
    <mods:geographic authority="tgn" valueURI="7013648">Connecticut (river)</mods:geographic>
    <mods:cartographics>
      <mods:coordinates>41.310821, -72.348197</mods:coordinates>
    </mods:cartographics>
    <mods:name type="corporate" authority="fast" valueURI="587218">
      <mods:namePart>Penn Central Transportation Company</mods:namePart>
    </mods:name>
  </mods:subject>
</mods:mods></metadata></record><record><header><identifier>oai:drupal-site.org:20002_20110347</identifier><datestamp>2014-12-10T14:44:48Z</datestamp><setSpec>20002_20060251</setSpec></header><metadata><mods:mods xmlns:mods="http://www.loc.gov/mods/v3" xmlns:xlink="http://www.w3.org/1999/xlink" xmlns:xsi="http://www.w3.org/2001/XMLSchema-instance" xmlns="http://www.loc.gov/mods/v3" version="3.5" xsi:schemaLocation="http://www.loc.gov/mods/v3 http://www.loc.gov/standards/mods/v3/mods-3-5.xsd">
  <mods:titleInfo>
    <mods:title>Canadian National Railway locomotive 1533</mods:title>
  </mods:titleInfo>
  <mods:name type="personal" authority="naf" valueURI="http://id.loc.gov/authorities/names/n88177242">
    <mods:namePart>Swanberg, J.W. (Jack W.), 1939-</mods:namePart>
    <mods:role>
      <mods:roleTerm authority="marcrelator" authorityURI="http://id.loc.gov/vocabulary/relators" valueURI="http://id.loc.gov/vocabulary/relators/pht" type="text">Photographer</mods:roleTerm>
      <mods:roleTerm authority="marcrelator" authorityURI="http://id.loc.gov/vocabulary/relators" valueURI="http://id.loc.gov/vocabulary/relators/cre" type="text">Creator</mods:roleTerm>
    </mods:role>
  </mods:name>
  <mods:typeOfResource>still image</mods:typeOfResource>
  <mods:genre authority="aat" valueURI="300046300">photographs</mods:genre>
  <mods:originInfo>
    <mods:dateIssued encoding="w3cdtf" keyDate="yes">1958-09-03</mods:dateIssued>
  </mods:originInfo>
  <mods:physicalDescription>
    <mods:form>black and white</mods:form>
    <mods:internetMediaType>image/jp2</mods:internetMediaType>
    <mods:digitalOrigin>reformatted digital</mods:digitalOrigin>
  </mods:physicalDescription>
  <mods:abstract>Steam locomotive with 4-6-0 wheel arrangement at Allandale railroad yard in Barrie, Ontario, Canada</mods:abstract>
  <mods:note type="ownership">Archives &amp; Special Collections at the Thomas J. Dodd Research Center, University of Connecticut Libraries</mods:note>
  <mods:note type="source note">J. W. Swanberg Papers</mods:note>
  <mods:subject>
    <mods:topic authority="fast" valueURI="http://id.worldcat.org/fast/1431212">Railroad yards</mods:topic>
    <mods:geographic authority="tgn" valueURI="1014575">Barrie (inhabited place)</mods:geographic>
    <mods:topic authority="fast" valueURI="http://id.worldcat.org/fast/1001752">Locomotives</mods:topic>
    <mods:geographic authority="tgn" valueURI="7013154">Ontario (province)</mods:geographic>
    <mods:geographic authority="tgn" valueURI="7005685">Canada (nation)</mods:geographic>
    <mods:name type="corporate" valueURI="http://id.worldcat.org/fast/541583">
      <mods:namePart>Canadian National Railways</mods:namePart>
    </mods:name>
  </mods:subject>
  <mods:identifier type="local">uconn_asc_2006-0251_box5_0013.jp2</mods:identifier>
  <mods:recordInfo>
    <mods:recordContentSource>Laura Smith, University of Connecticut Libraries</mods:recordContentSource>
    <mods:recordCreationDate encoding="w3cdtf">2014-05-15-04:00</mods:recordCreationDate>
    <mods:languageOfCataloging>
      <mods:languageTerm authority="iso639-2b" type="code">eng</mods:languageTerm>
    </mods:languageOfCataloging>
    <mods:recordOrigin>Originally created in a spreadsheet.</mods:recordOrigin>
  </mods:recordInfo>
  <mods:identifier type="hdl">http://hdl.handle.net/11134/20002:20110347</mods:identifier>
  <mods:accessCondition type="use and reproduction">These Papers are provided for educational and research purposes only. The University of Connecticut Libraries hold the copyright except where noted. Permission must be obtained in writing from the University of Connecticut Libraries and/or the owner(s) of the copyright to publish reproductions or quotations beyond "fair use."</mods:accessCondition>
</mods:mods></metadata></record><record><header><identifier>oai:drupal-site.org:20002_199703232</identifier><datestamp>2014-12-10T18:26:58Z</datestamp><setSpec>20002_MSS19890073</setSpec></header><metadata><mods:mods xmlns:mods="http://www.loc.gov/mods/v3" xmlns:xlink="http://www.w3.org/1999/xlink" xmlns:xsi="http://www.w3.org/2001/XMLSchema-instance">
   <mods:titleInfo>
      <mods:title>New York, New Haven And Hartford Railroad Station, Stepney</mods:title>
   </mods:titleInfo>
   <mods:typeOfResource>still image</mods:typeOfResource>
   <mods:genre authority="aat" valueURI="300046300">photographs</mods:genre>
   <mods:originInfo>
      <mods:dateIssued encoding="w3cdtf" keyDate="yes">1906</mods:dateIssued>
   </mods:originInfo>
   <mods:physicalDescription>
      <mods:internetMediaType>image/tiff</mods:internetMediaType>
      <mods:digitalOrigin>reformatted digital</mods:digitalOrigin>
   </mods:physicalDescription>
   <mods:abstract>Railroad tracks and pile of logs in front of wood frame station building with sign over ticket window "Stepney".</mods:abstract>
   <mods:targetAudience>CHO</mods:targetAudience>
   <mods:note type="ownership">Archives &amp; Special Collections at the Thomas J. Dodd Research Center, University of Connecticut Libraries</mods:note>
   <mods:note type="source note">Leroy Roberts CT Railroad Station Photograph Collection</mods:note>
   <mods:note type="theme">Infrastructure</mods:note>
   <mods:note>Typewriting, writing with ink on photograph.</mods:note>
   <mods:subject>
      <mods:topic>Railroad stations</mods:topic>
      <mods:geographic>Stepney (inhabited place)</mods:geographic>
      <mods:name type="corporate" authority="local">
         <mods:namePart>New York, New Haven and Hartford Railroad Company</mods:namePart>
      </mods:name>
   </mods:subject>
   <mods:identifier type="local">Accession number UC17-0831</mods:identifier>
   <mods:identifier type="local">IMG0004-1457</mods:identifier>
   <mods:location>
      <mods:physicalLocation>Box Greenwich-, ff Monroe/Stepney</mods:physicalLocation>
   </mods:location>
   <mods:accessCondition type="use and reproduction">Permission to publish from these Papers must be obtained in writing from both the University of Connecticut Libraries and the owner(s) of the copyright.</mods:accessCondition>
   <mods:accessCondition type="use and reproduction" displayLabel="Digital Object Disclaimer" xlink:href="http://doddcenter.uconn/asc/research/reproduction.htm">This digital object is owned, held, or licensed by the University of Connecticut and is available for non-commercial or education use only. Ownership must be properly cited. Any commercial use of this object without express written permission of the University of Connecticut is strictly prohibited. For more information or to obtain a reproduction of this digital object, contact University Archives &amp; Special Collections.</mods:accessCondition>
   <mods:accessCondition type="use and reproduction" displayLabel="Intellectual Rights Statement">As a publically supported institution, the University of Connecticut Libraries generally does not own rights in its collections. Permission to publish from these papers must be obtained in writing from both the University of Connecticut Libraries and the owner(s) of the copyright. Possible fees may be incurred on the part of the user.</mods:accessCondition>
   <mods:accessCondition type="restrictions on access">The collection is open and available for research.</mods:accessCondition>
   <mods:recordInfo>
      <mods:recordContentSource>University of Connecticut Libraries</mods:recordContentSource>
      <mods:recordCreationDate encoding="w3cdtf">2014-05-28-04:00</mods:recordCreationDate>
      <mods:languageOfCataloging>
         <mods:languageTerm authority="iso639-2b" type="code">eng</mods:languageTerm>
      </mods:languageOfCataloging>
      <mods:recordOrigin>This MODS record was migrated from CHO's CONTENTdm. The object had the following CONTENTdm reference URL: http://images.lib.uconn.edu:81/u?/cho,6477 and CONTENTdm file name: 6362.jp2</mods:recordOrigin>
   </mods:recordInfo>
<identifier xmlns="http://www.loc.gov/mods/v3" type="hdl">http://hdl.handle.net/11134/20002:199703232</identifier></mods:mods></metadata></record><record><header><identifier>oai:drupal-site.org:20002_199723807</identifier><datestamp>2016-10-18T16:02:34Z</datestamp><setSpec>20002_MSS19880010</setSpec></header><metadata><mods:mods xmlns:mods="http://www.loc.gov/mods/v3" xmlns:xlink="http://www.w3.org/1999/xlink" xmlns:xsi="http://www.w3.org/2001/XMLSchema-instance" xmlns="http://www.loc.gov/mods/v3" version="3.5" xsi:schemaLocation="http://www.loc.gov/mods/v3 http://www.loc.gov/standards/mods/v3/mods-3-5.xsd">
  <mods:titleInfo>
    <mods:title>Hay Piles, Agricultural Experiment with Fertilizer</mods:title>
  </mods:titleInfo>
  <mods:name type="personal" authority="local">
    <mods:namePart>Garrigus, Harry L.</mods:namePart>
    <mods:role>
      <mods:roleTerm authority="marcrelator" authorityURI="http://id.loc.gov/vocabulary/relators" valueURI="http://id.loc.gov/vocabulary/relators/cre" type="text">Creator</mods:roleTerm>
    </mods:role>
  </mods:name>
  <mods:typeOfResource>still image</mods:typeOfResource>
  <mods:genre authority="aat" valueURI="300215302">digital images</mods:genre>
  <mods:genre>glass negatives</mods:genre>
  <mods:genre authority="aat" valueURI="300134920">dry plate negatives</mods:genre>
  <mods:genre>landscape photographs</mods:genre>
  <mods:originInfo>
    <mods:dateIssued encoding="w3cdtf" keyDate="yes" point="start">1897</mods:dateIssued>
    <mods:dateIssued encoding="w3cdtf" point="end">1912</mods:dateIssued>
  </mods:originInfo>
  <mods:physicalDescription>
    <mods:form>glass</mods:form>
    <mods:internetMediaType>image/jpeg</mods:internetMediaType>
    <mods:digitalOrigin>reformatted digital</mods:digitalOrigin>
    <mods:note type="physical description">Source extent: 1 negative ; 13 x 18 cm.</mods:note>
  </mods:physicalDescription>
  <mods:abstract>Five mounds of hay in large field. Each mound has white signs in front identifying the plot number, type of fertilizer used and quantity harvested. Trees and telephone/electric poles line the road beyond the field. A two story residence with a porch across the front is situated on the road next to the field.</mods:abstract>
  <mods:note type="ownership">Archives &amp; Special Collections at the Thomas J. Dodd Research Center, University of Connecticut Libraries</mods:note>
  <mods:note type="source note">Harry L. Garrigus Photograph Collection; University of Connecticut Photograph Collection</mods:note>
  <mods:note>Original title, "Unidentified," from negative envelope.</mods:note>
  <mods:subject>
    <mods:topic authority="fast" valueURI="http://id.worldcat.org/fast/952109">Hay</mods:topic>
  </mods:subject>
  <mods:identifier type="local">1988-0010_ph1762.jpg</mods:identifier>
  <mods:accessCondition type="use and reproduction">This work is licensed under a Creative Commons Attribution-NonCommercial 4.0 International License, CC BY-NC.</mods:accessCondition>
  <mods:accessCondition type="restrictions on access">The collection is open and available for research.</mods:accessCondition>
  <mods:recordInfo>
    <mods:recordContentSource>University of Connecticut Libraries</mods:recordContentSource>
    <mods:recordCreationDate encoding="w3cdtf">2014-09-17-04:00</mods:recordCreationDate>
    <mods:languageOfCataloging>
      <mods:languageTerm authority="iso639-2b" type="code">eng</mods:languageTerm>
    </mods:languageOfCataloging>
    <mods:recordOrigin>This MODS record was migrated from CHO's CONTENTdm, with the following Reference URL: http://images.lib.uconn.edu:81/u?/photographs,1647. Other information: nds; bp; wda</mods:recordOrigin>
  </mods:recordInfo>
  <identifier type="hdl">http://hdl.handle.net/11134/20002:199723807</identifier>
  <mods:genre authority="aat" valueURI="300127173">negatives (photographs)</mods:genre>
</mods:mods></metadata></record><record><header><identifier>oai:drupal-site.org:20002_860237845</identifier><datestamp>2017-01-26T19:19:04Z</datestamp><setSpec>20002_860191689</setSpec></header><metadata><mods:mods xmlns:mods="http://www.loc.gov/mods/v3" xmlns="http://www.loc.gov/mods/v3" xmlns:xsi="http://www.w3.org/2001/XMLSchema-instance" xmlns:xlink="http://www.w3.org/1999/xlink">
  <mods:titleInfo>
    <mods:title>Connecticut Campus Volume 31, Number 16</mods:title>
  </mods:titleInfo>
  <mods:name type="personal">
    <mods:namePart>May, Harriet A.</mods:namePart>
    <mods:role>
      <mods:roleTerm authority="marcrelator" type="text">Editor</mods:roleTerm>
    </mods:role>
  </mods:name>
  <mods:typeOfResource>text</mods:typeOfResource>
  <genre authority="aat" valueURI="300026656">newspapers</genre>
  <mods:originInfo>
    <mods:publisher>University of Connecticut</mods:publisher>
    <mods:place>
      <mods:placeTerm type="text">Storrs, CT</mods:placeTerm>
    </mods:place>
    <mods:dateIssued encoding="w3cdtf" keyDate="yes">1945-01-17</mods:dateIssued>
    <mods:issuance>serial</mods:issuance>
  </mods:originInfo>
  <mods:note type="ownership">Archives &amp; Special Collections at the Thomas J. Dodd Research Center, University of Connecticut Libraries</mods:note>
  <mods:accessCondition type="use and reproduction">This work is licensed under a Creative Commons Attribution-NonCommercial 4.0 International License, CC BY-NC.</mods:accessCondition>
  <mods:recordInfo>
    <mods:recordContentSource>University of Connecticut Libraries</mods:recordContentSource>
    <mods:languageOfCataloging>
      <mods:languageTerm type="code" authority="iso639-2b">eng</mods:languageTerm>
    </mods:languageOfCataloging>
  </mods:recordInfo>
<identifier type="hdl">http://hdl.handle.net/11134/20002:860237845</identifier></mods:mods></metadata></record><record><header><identifier>oai:drupal-site.org:20002_860074258</identifier><datestamp>2016-08-18T16:24:49Z</datestamp><setSpec>20002_MSS19880010</setSpec></header><metadata><mods:mods xmlns:mods="http://www.loc.gov/mods/v3" xmlns="http://www.loc.gov/mods/v3" xmlns:xsi="http://www.w3.org/2001/XMLSchema-instance" xmlns:xlink="http://www.w3.org/1999/xlink" version="3.5" xsi:schemaLocation="http://www.loc.gov/mods/v3 http://www.loc.gov/standards/mods/v3/mods-3-5.xsd">
  <mods:titleInfo>
    <mods:title>Archer</mods:title>
  </mods:titleInfo>
  <mods:name type="personal" authority="naf" valueURI="http://lccn.loc.gov/n2009161601">
    <mods:namePart>Manter, Jerauld A., 1889-1990</mods:namePart>
    <mods:role>
      <mods:roleTerm type="text" authority="marcrelator">Creator</mods:roleTerm>
    </mods:role>
  </mods:name>
  <mods:typeOfResource>still image</mods:typeOfResource>
  <mods:physicalDescription>
    <mods:internetMediaType>image/jp2</mods:internetMediaType>
    <mods:digitalOrigin>reformatted digital</mods:digitalOrigin>
    <mods:form>black and white</mods:form>
  </mods:physicalDescription>
  <mods:note type="ownership">Archives &amp; Special Collections at the Thomas J. Dodd Research Center, University of Connecticut Libraries</mods:note>
  <mods:note type="source note">Jerauld A. Manter Photograph Collection, University of Connecticut Photograph Collection</mods:note>
  <mods:note type="source identifier">1988-0010/RG4</mods:note>
  <mods:accessCondition type="use and reproduction">This work is licensed under a Creative Commons Attribution-NonCommercial 4.0 International License, CC BY-NC.</mods:accessCondition>
  <mods:recordInfo>
    <mods:recordContentSource>University of Connecticut Libraries</mods:recordContentSource>
    <mods:languageOfCataloging>
      <mods:languageTerm type="code" authority="iso639-2b">eng</mods:languageTerm>
    </mods:languageOfCataloging>
  </mods:recordInfo>
  <mods:targetAudience>CHO</mods:targetAudience>
  <mods:genre authority="aat" valueURI="300127173">negatives (photographic)</mods:genre>
  <mods:originInfo>
    <mods:dateIssued encoding="w3cdtf" keyDate="yes">1946</mods:dateIssued>
  </mods:originInfo>
  <mods:subject>
    <mods:topic authority="fast" authorityURI="http://id.worldcat.org/fast/867688" valueURI="http://id.worldcat.org/fast/867688">College athletes</mods:topic>
    <mods:topic authority="fast" authorityURI="http://id.worldcat.org/fast/813043" valueURI="http://id.worldcat.org/fast/813043">Archery</mods:topic>
    <mods:geographic authority="tgn" valueURI="7014549">Storrs (inhabited place)</mods:geographic>
    <mods:geographic authority="tgn" valueURI="7007159">Connecticut (state)</mods:geographic>
    <mods:name type="corporate" authority="naf" valueURI="http://lccn.loc.gov/n79056688">
      <mods:namePart>University of Connecticut</mods:namePart>
    </mods:name>
    <mods:name type="personal" authority="naf" valueURI="http://lccn.loc.gov/n2009161601">
      <mods:namePart>Manter, Jerauld A., 1889-1990</mods:namePart>
    </mods:name>
    <mods:cartographics>
      <mods:coordinates>41.8000, -72.2500</mods:coordinates>
    </mods:cartographics>
  </mods:subject>
  <mods:identifier type="local">1988-0010/RG4/Series1/Box 441:457</mods:identifier>
  <mods:identifier type="local">39153019691239</mods:identifier>
  <mods:accessCondition type="restrictions on access">The collection is open and available for research.</mods:accessCondition>
  <identifier type="hdl">http://hdl.handle.net/11134/20002:860074258</identifier>
  <mods:abstract>A woman, in a blouse and skirt, draws her bow in preparation to shoot. She is wearing a bracer and a quiver on her hip. She is indoors, possibly in an attic space.</mods:abstract>
</mods:mods></metadata></record><record><header><identifier>oai:drupal-site.org:20002_860235716</identifier><datestamp>2017-01-23T19:56:44Z</datestamp><setSpec>20002_860224314</setSpec></header><metadata><mods:mods xmlns:mods="http://www.loc.gov/mods/v3" xmlns="http://www.loc.gov/mods/v3" xmlns:xsi="http://www.w3.org/2001/XMLSchema-instance" xmlns:xlink="http://www.w3.org/1999/xlink">
  <mods:titleInfo>
    <mods:title>Contac, Volume 5, Number 4</mods:title>
  </mods:titleInfo>
  <mods:name type="personal">
    <mods:namePart>Haldane, Violette</mods:namePart>
    <mods:role>
      <mods:roleTerm authority="marcrelator" type="text">Editor</mods:roleTerm>
    </mods:role>
  </mods:name>
  <mods:name type="personal">
    <mods:namePart>Bracey, Nathaniel J.</mods:namePart>
    <mods:role>
      <mods:roleTerm authority="marcrelator" type="text">Editor</mods:roleTerm>
    </mods:role>
  </mods:name>
  <mods:typeOfResource>text</mods:typeOfResource>
  <mods:genre authority="aat" valueURI="300026656">newspapers</mods:genre>
  
  <mods:originInfo>
    <mods:publisher>Afro-American Cultural Center, University of Connecticut</mods:publisher>
    <mods:place>
      <mods:placeTerm type="text">Storrs, CT</mods:placeTerm>
    </mods:place>
    <mods:dateIssued encoding="w3cdtf" keyDate="yes">1975-09</mods:dateIssued>
    <mods:issuance>serial</mods:issuance>
  </mods:originInfo>
  <mods:accessCondition type="use and reproduction">This work is licensed under a Creative Commons Attribution-NonCommercial 4.0 International License, CC BY-NC.</mods:accessCondition>
  <mods:recordInfo>
    <mods:recordContentSource>University of Connecticut Libraries</mods:recordContentSource>
    <mods:languageOfCataloging>
      <mods:languageTerm type="code" authority="iso639-2b">eng</mods:languageTerm>
    </mods:languageOfCataloging>
  </mods:recordInfo>
<identifier type="hdl">http://hdl.handle.net/11134/20002:860235716</identifier></mods:mods></metadata></record><record><header><identifier>oai:drupal-site.org:20002_860233816</identifier><datestamp>2017-01-19T13:27:56Z</datestamp><setSpec>20002_MSS19880010</setSpec></header><metadata><mods:mods xmlns:mods="http://www.loc.gov/mods/v3" xmlns:xlink="http://www.w3.org/1999/xlink" xmlns:xsi="http://www.w3.org/2001/XMLSchema-instance">
   <mods:titleInfo>
      <mods:title>Alpha Epsilon Phi dance</mods:title>
   </mods:titleInfo>
   <mods:name type="personal" authority="lcnaf" valueURI="https://lccn.loc.gov/n2009161601">
      <mods:namePart>Manter, Jerauld A., 1889-1990</mods:namePart>
      <mods:role>
         <mods:roleTerm authority="marcrelator" authorityURI="http://id.loc.gov/vocabulary/relators" valueURI="http://id.loc.gov/vocabulary/relators/cre" type="text">Creator</mods:roleTerm>
      </mods:role>
   </mods:name>
   <mods:typeOfResource>still image</mods:typeOfResource>
   <mods:genre authority="aat" valueURI="">negatives (photographic)</mods:genre>
   <mods:physicalDescription>
      <mods:digitalOrigin>reformatted digital</mods:digitalOrigin>
   </mods:physicalDescription>
   <mods:note type="ownership">Archives &amp; Special Collections at the Thomas J. Dodd Research Center, University of Connecticut Libraries</mods:note>
   <mods:subject>
      <mods:topic authority="fast" valueURI="http://id.worldcat.org/fast/887402">Dance</mods:topic>
   </mods:subject>
   <mods:subject>
      <mods:topic authority="fast" valueURI="http://id.worldcat.org/fast/947430 ">Greek letter societies</mods:topic>
   </mods:subject>
   <mods:subject>
      <mods:name type="corporate" authority="lcnaf" valueURI="http://lccn.loc.gov/n79056688">
         <mods:namePart>University of Connecticut</mods:namePart>
      </mods:name>
   </mods:subject>
   <mods:subject>
      <mods:cartographics>
         <mods:coordinates>41.8000,-72.2500</mods:coordinates>
      </mods:cartographics>
   </mods:subject>
   <mods:identifier type="local">1988-0010/RG4/Series1/Box451:1371</mods:identifier>
   <mods:identifier type="local">MSS 1988.0010RG4</mods:identifier>
   <mods:identifier>39153019281908</mods:identifier>
   <mods:identifier type="local"/>
   <mods:identifier type="local">39153019281908_0001_a</mods:identifier>
   <mods:accessCondition type="use and reproduction">This work is licensed under a Creative Commons Attribution-NonCommercial 4.0 International License, CC BY-NC.</mods:accessCondition>
   <mods:recordInfo>
      <mods:recordContentSource>University of Connecticut Libraries</mods:recordContentSource>
      <mods:recordCreationDate encoding="w3cdtf">2016-12-29-05:00</mods:recordCreationDate>
      <mods:languageOfCataloging>
         <mods:languageTerm authority="iso639-2b" type="code">eng</mods:languageTerm>
      </mods:languageOfCataloging>
      <mods:recordOrigin>This record was created using the spreadsheet workflow.</mods:recordOrigin>
   </mods:recordInfo>
<identifier xmlns="http://www.loc.gov/mods/v3" type="hdl">http://hdl.handle.net/11134/20002:860233816</identifier></mods:mods></metadata></record><record><header><identifier>oai:drupal-site.org:20002_860061064</identifier><datestamp>2015-09-01T14:18:18Z</datestamp><setSpec>20002_MSS19880010</setSpec></header><metadata><mods:mods xmlns:mods="http://www.loc.gov/mods/v3" xmlns="http://www.loc.gov/mods/v3" xmlns:xsi="http://www.w3.org/2001/XMLSchema-instance" xmlns:xlink="http://www.w3.org/1999/xlink">
  <mods:targetAudience>CHO</mods:targetAudience>
  <mods:titleInfo>
    <mods:title>Commencement</mods:title>
  </mods:titleInfo>
  <mods:name authority="local">
    <mods:namePart>Morenus, Peter</mods:namePart>
    <mods:role>
      <mods:roleTerm type="text" authority="marcrelator">Creator</mods:roleTerm>
    </mods:role>
  </mods:name>
  <mods:typeOfResource>still image</mods:typeOfResource>
  <mods:genre authority="aat" valueURI="300046300">photographs</mods:genre>
  <mods:originInfo>
    <mods:dateIssued encoding="w3cdtf" keyDate="yes">2002-05-18</mods:dateIssued>
  </mods:originInfo>
  <mods:physicalDescription>
    <mods:internetMediaType>image/jpeg</mods:internetMediaType>
    <mods:digitalOrigin>born digital</mods:digitalOrigin>
  </mods:physicalDescription>
  <mods:note type="ownership">Archives &amp; Special Collections at the Thomas J. Dodd Research Center, University of Connecticut Libraries</mods:note>
  <mods:note type="source note">University of Connecticut Photograph Collection</mods:note>
  <mods:note type="source identifier">MSS 1988.0010</mods:note>
  <mods:subject>
    <mods:topic authority="fast" valueURI="http://id.worldcat.org/fast/869276">Commencement ceremonies</mods:topic>
    <mods:geographic authority="tgn" valueURI="70145549">Storrs (inhabited place)</mods:geographic>
  </mods:subject>
  <mods:identifier type="local">MSS 1988.0010</mods:identifier>
  <mods:accessCondition type="use and reproduction">These Materials are provided for educational and research purposes only. The University of Connecticut Libraries hold the copyright except where noted. Permission must be obtained in writing from the University of Connecticut Libraries and/or the owner(s) of the copyright to publish reproductions or quotations beyond "fair use."</mods:accessCondition>
  <mods:accessCondition type="restrictions on access">The collection is open and available for research.</mods:accessCondition>
  <mods:recordInfo>
    <mods:recordContentSource>University of Connecticut Libraries</mods:recordContentSource>
    <mods:languageOfCataloging>
      <mods:languageTerm type="code" authority="iso639-2b">eng</mods:languageTerm>
    </mods:languageOfCataloging>
  </mods:recordInfo>
<identifier type="hdl">http://hdl.handle.net/11134/20002:860061064</identifier></mods:mods></metadata></record><record><header><identifier>oai:drupal-site.org:20002_860047039</identifier><datestamp>2016-11-02T03:09:30Z</datestamp><setSpec>20002_IMTNuremberg</setSpec></header><metadata><mods:mods xmlns:mods="http://www.loc.gov/mods/v3" xmlns:xlink="http://www.w3.org/1999/xlink" xmlns:xsi="http://www.w3.org/2001/XMLSchema-instance" xmlns="http://www.loc.gov/mods/v3" version="3.5" xsi:schemaLocation="http://www.loc.gov/mods/v3 http://www.loc.gov/standards/mods/v3/mods-3-5.xsd">
  <mods:titleInfo>
    <mods:title>Steel club manufactured by Krupp, USA 898</mods:title>
    <mods:subTitle>Concentration camp experiments and atrocities</mods:subTitle>
  </mods:titleInfo>
  <mods:name authority="fast" authorityURI="http://id.worldcat.org/fast/255922" type="personal">
    <mods:namePart>Dodd, Thomas J. (Thomas Joseph), 1907-1971</mods:namePart>
    <mods:role>
      <mods:roleTerm authority="marcrelator" type="text">collector</mods:roleTerm>
    </mods:role>
  </mods:name>
  <mods:typeOfResource>still image</mods:typeOfResource>
  <mods:genre authority="aat" authorityURI="300046300">photographs</mods:genre>
  <mods:originInfo>
    <mods:publisher>Archives &amp; Special Collections at the Thomas J. Dodd Research Center, University of Connecticut Libraries</mods:publisher>
  </mods:originInfo>
  <mods:physicalDescription>
    <mods:internetMediaType>jp2</mods:internetMediaType>
    <mods:digitalOrigin>reformatted digital</mods:digitalOrigin>
  </mods:physicalDescription>
  <mods:abstract>Encompasses a wide range of subjects and is arranged thematically according to the following categories: General Administrative; Witnesses; Defense; Interrogations; Evidence;  Thomas Dodd; Justice  Robert Jackson; Transcript Indexes; Transcripts; Photographs; Other Trials; and Post-Trial.</mods:abstract>
  <mods:note type="Preferred Citation">Concentration camp experiments and atrocities, 372:8519-8520, Thomas J. Dodd Papers. Archives &amp; Special Collections at the Thomas J. Dodd Research Center, University of Connecticut Libraries.</mods:note>
  <mods:subject>
    <mods:topic authority="fast" authorityURI="http://id.worldcat.org/fast/1709901">Nuremberg War Crime Trials (Germany : 1946-1949)</mods:topic>
  </mods:subject>
  <mods:identifier type="local">MSS19940065:372:8519-8520</mods:identifier>
  <mods:accessCondition type="use and reproduction">This work is licensed under a Creative Commons Attribution-NonCommercial 4.0 International License, CC BY-NC.</mods:accessCondition>
  <mods:recordInfo>
    <mods:recordCreationDate encoding="w3cdtf">2011-12-16T15:09-0500</mods:recordCreationDate>
    <mods:recordOrigin>This finding aid was produced using the Archivists' Toolkit</mods:recordOrigin>
    <mods:languageOfCataloging>
      <mods:languageTerm type="code" authority="iso639-3">eng</mods:languageTerm>
    </mods:languageOfCataloging>
    <mods:descriptionStandard>Describing Archives: A Content Standard</mods:descriptionStandard>
    <mods:recordContentSource>University of Connecticut Libraries</mods:recordContentSource>
    <mods:languageOfCataloging>
      <mods:languageTerm type="code" authority="iso639-2b">eng</mods:languageTerm>
    </mods:languageOfCataloging>
  </mods:recordInfo>
  <identifier type="hdl">http://hdl.handle.net/11134/20002:860047039</identifier>
  <mods:note type="ownership">Archives &amp; Special Collections at the Thomas J. Dodd Research Center, University of Connecticut Libraries</mods:note>
  <mods:note type="source note">Thomas J. Dodd Papers</mods:note>
  <mods:note type="source identifier">MSS 1994.0065</mods:note>
  <mods:identifier type="local">1994-0065/SeriesVII/Box372:8520_0004</mods:identifier>
</mods:mods></metadata></record><record><header><identifier>oai:drupal-site.org:20002_860235017</identifier><datestamp>2017-01-20T15:30:29Z</datestamp><setSpec>20002_MSS19880010</setSpec></header><metadata><mods:mods xmlns:mods="http://www.loc.gov/mods/v3" xmlns:xlink="http://www.w3.org/1999/xlink" xmlns:xsi="http://www.w3.org/2001/XMLSchema-instance">
   <mods:titleInfo>
      <mods:title>Economics Department</mods:title>
   </mods:titleInfo>
   <mods:name type="corporate" authority="lcnaf" valueURI="http://lccn.loc.gov/n79056688">
      <mods:namePart>University of Connecticut</mods:namePart>
      <mods:role>
         <mods:roleTerm authority="marcrelator" authorityURI="http://id.loc.gov/vocabulary/relators" valueURI="http://id.loc.gov/vocabulary/relators/col" type="text">Collector</mods:roleTerm>
      </mods:role>
   </mods:name>
   <mods:typeOfResource>still image</mods:typeOfResource>
   <mods:genre authority="aat" valueURI="">negatives (photographic)</mods:genre>
   <mods:originInfo>
      <mods:dateIssued encoding="w3cdtf" keyDate="yes">1987-11-20</mods:dateIssued>
   </mods:originInfo>
   <mods:physicalDescription>
      <mods:digitalOrigin>reformatted digital</mods:digitalOrigin>
   </mods:physicalDescription>
   <mods:note type="ownership">Archives &amp; Special Collections at the Thomas J. Dodd Research Center, University of Connecticut Libraries</mods:note>
   <mods:subject>
      <mods:topic authority="fast" valueURI="http://id.worldcat.org/fast/867976">College students</mods:topic>
   </mods:subject>
   <mods:subject>
      <mods:topic authority="fast" valueURI="http://id.worldcat.org/fast/1161748">Universities and colleges--Faculty</mods:topic>
   </mods:subject>
   <mods:subject>
      <mods:name type="corporate" authority="lcnaf" valueURI="https://lccn.loc.gov/n92082897">
         <mods:namePart>University of Connecticut. Department of Economics</mods:namePart>
      </mods:name>
   </mods:subject>
   <mods:subject>
      <mods:cartographics>
         <mods:coordinates>41.8000,-72.2500</mods:coordinates>
      </mods:cartographics>
   </mods:subject>
   <mods:identifier type="local">1988-0010/RG3/Box 262/64334</mods:identifier>
   <mods:identifier type="local">MSS 1988.0010RG3</mods:identifier>
   <mods:identifier>39153019709023</mods:identifier>
   <mods:identifier type="local"/>
   <mods:identifier type="local">39153019709023_0556</mods:identifier>
   <mods:accessCondition type="use and reproduction">This work is licensed under a Creative Commons Attribution-NonCommercial 4.0 International License, CC BY-NC.</mods:accessCondition>
   <mods:recordInfo>
      <mods:recordContentSource>University of Connecticut Libraries</mods:recordContentSource>
      <mods:recordCreationDate encoding="w3cdtf">2016-12-29-05:00</mods:recordCreationDate>
      <mods:languageOfCataloging>
         <mods:languageTerm authority="iso639-2b" type="code">eng</mods:languageTerm>
      </mods:languageOfCataloging>
      <mods:recordOrigin>This record was created using the spreadsheet workflow.</mods:recordOrigin>
   </mods:recordInfo>
<identifier xmlns="http://www.loc.gov/mods/v3" type="hdl">http://hdl.handle.net/11134/20002:860235017</identifier></mods:mods></metadata></record><record><header><identifier>oai:drupal-site.org:20002_860235277</identifier><datestamp>2017-01-20T17:33:34Z</datestamp><setSpec>20002_MSS19880010</setSpec></header><metadata><mods:mods xmlns:mods="http://www.loc.gov/mods/v3" xmlns:xlink="http://www.w3.org/1999/xlink" xmlns:xsi="http://www.w3.org/2001/XMLSchema-instance">
   <mods:titleInfo>
      <mods:title>Chemical Engineering Recipient James Elder</mods:title>
   </mods:titleInfo>
   <mods:name type="corporate" authority="lcnaf" valueURI="http://lccn.loc.gov/n79056688">
      <mods:namePart>University of Connecticut</mods:namePart>
      <mods:role>
         <mods:roleTerm authority="marcrelator" authorityURI="http://id.loc.gov/vocabulary/relators" valueURI="http://id.loc.gov/vocabulary/relators/col" type="text">Collector</mods:roleTerm>
      </mods:role>
   </mods:name>
   <mods:typeOfResource>still image</mods:typeOfResource>
   <mods:genre authority="aat" valueURI="">negatives (photographic)</mods:genre>
   <mods:originInfo>
      <mods:dateIssued encoding="w3cdtf" keyDate="yes">1987-03-10</mods:dateIssued>
   </mods:originInfo>
   <mods:physicalDescription>
      <mods:digitalOrigin>reformatted digital</mods:digitalOrigin>
   </mods:physicalDescription>
   <mods:note type="ownership">Archives &amp; Special Collections at the Thomas J. Dodd Research Center, University of Connecticut Libraries</mods:note>
   <mods:subject>
      <mods:topic authority="fast" valueURI="http://id.worldcat.org/fast/867976">College students</mods:topic>
   </mods:subject>
   <mods:subject>
      <mods:name type="corporate" authority="lcnaf" valueURI="https://lccn.loc.gov/no89009843">
         <mods:namePart>University of Connecticut. School of Engineering</mods:namePart>
      </mods:name>
   </mods:subject>
   <mods:subject>
      <mods:name type="personal" authority="local">
         <mods:namePart>Elder, James</mods:namePart>
      </mods:name>
   </mods:subject>
   <mods:subject>
      <mods:cartographics>
         <mods:coordinates>41.8000,-72.2500</mods:coordinates>
      </mods:cartographics>
   </mods:subject>
   <mods:identifier type="local">1988-0010/RG3/Box 262/61400</mods:identifier>
   <mods:identifier type="local">MSS 1988.0010RG3</mods:identifier>
   <mods:identifier>39153019709023</mods:identifier>
   <mods:identifier type="local"/>
   <mods:identifier type="local">39153019709023_0732</mods:identifier>
   <mods:accessCondition type="use and reproduction">This work is licensed under a Creative Commons Attribution-NonCommercial 4.0 International License, CC BY-NC.</mods:accessCondition>
   <mods:recordInfo>
      <mods:recordContentSource>University of Connecticut Libraries</mods:recordContentSource>
      <mods:recordCreationDate encoding="w3cdtf">2016-12-29-05:00</mods:recordCreationDate>
      <mods:languageOfCataloging>
         <mods:languageTerm authority="iso639-2b" type="code">eng</mods:languageTerm>
      </mods:languageOfCataloging>
      <mods:recordOrigin>This record was created using the spreadsheet workflow.</mods:recordOrigin>
   </mods:recordInfo>
<identifier xmlns="http://www.loc.gov/mods/v3" type="hdl">http://hdl.handle.net/11134/20002:860235277</identifier></mods:mods></metadata></record><record><header><identifier>oai:drupal-site.org:20002_860156921</identifier><datestamp>2016-06-06T13:21:59Z</datestamp><setSpec>20002_MSS19880010</setSpec></header><metadata><mods:mods xmlns:mods="http://www.loc.gov/mods/v3" xmlns="http://www.loc.gov/mods/v3" xmlns:xsi="http://www.w3.org/2001/XMLSchema-instance" xmlns:xlink="http://www.w3.org/1999/xlink">
  <mods:titleInfo>
    <mods:title>Handicapped Homemaker Project Play and Toys</mods:title>
  </mods:titleInfo>
  <mods:name type="personal" authority="naf" valueURI="http://lccn.loc.gov/n2009161601">
    <mods:namePart>Manter, Jerauld A., 1889-1990</mods:namePart>
    <mods:role>
      <mods:roleTerm type="text" authority="marcrelator">Creator</mods:roleTerm>
    </mods:role>
  </mods:name>
  <mods:typeOfResource>still image</mods:typeOfResource>
  <mods:physicalDescription>
    <mods:internetMediaType>image/jp2</mods:internetMediaType>
    <mods:digitalOrigin>reformatted digital</mods:digitalOrigin>
  </mods:physicalDescription>
  <mods:note type="ownership">Archives &amp; Special Collections at the Thomas J. Dodd Research Center, University of Connecticut Libraries</mods:note>
  <mods:note type="source note">Jerauld A. Manter Photograph Collection, University of Connecticut Photograph Collection</mods:note>
  <mods:note type="source identifier">1988-0010/RG4</mods:note>
  <mods:accessCondition type="use and reproduction">These Materials are provided for educational and research purposes only. The University of Connecticut Libraries hold the copyright except where noted. Permission must be obtained in writing from the University of Connecticut Libraries and/or the owner(s) of the copyright to publish reproductions or quotations beyond "fair use."</mods:accessCondition>
  <mods:recordInfo>
    <mods:recordContentSource>University of Connecticut Libraries</mods:recordContentSource>
    <mods:languageOfCataloging>
      <mods:languageTerm type="code" authority="iso639-2b">eng</mods:languageTerm>
    </mods:languageOfCataloging>
  </mods:recordInfo>
 
  <mods:targetAudience>CHO</mods:targetAudience>
  <mods:genre authority="aat" valueURI="300127173">negatives (photographic)</mods:genre>
  <mods:originInfo>
    <mods:dateIssued encoding="w3cdtf" keyDate="yes" point="start">1956</mods:dateIssued>
    <mods:dateIssued encoding="w3cdtf" point="end">1959</mods:dateIssued>
  </mods:originInfo>
  <mods:subject>
    <mods:topic authority="fast" valueURI="http://id.worldcat.org/fast/1057245">People with disabilities</mods:topic>
    <mods:topic authority="fast" valueURI="http://id.worldcat.org/fast/1066938">Play</mods:topic>
    <mods:topic authority="fast" valueURI="http://id.worldcat.org/fast/1153487">Toys</mods:topic>
    <mods:geographic authority="tgn" valueURI="7014549">Storrs (inhabited place)</mods:geographic>
    <mods:geographic authority="tgn" valueURI="7007159">Connecticut (state)</mods:geographic>
    <mods:name type="corporate" authority="naf" valueURI="http://lccn.loc.gov/n79056688">
      <mods:namePart>University of Connecticut</mods:namePart>
    </mods:name>
   
    <mods:name type="personal" valueURI="http://lccn.loc.gov/n2009161601">
      <mods:namePart>Manter, Jerauld A., 1889-1990</mods:namePart>
    </mods:name>
  </mods:subject>
  <mods:identifier type="local">1988-0010/RG4/Series1/Box448:1200</mods:identifier>
  <mods:identifier type="local">39153019280181</mods:identifier>
  <mods:accessCondition type="restrictions on access">The collection is open and available for research.</mods:accessCondition>
<identifier type="hdl">http://hdl.handle.net/11134/20002:860156921</identifier></mods:mods></metadata></record><record><header><identifier>oai:drupal-site.org:20002_860241335</identifier><datestamp>2017-02-13T17:13:47Z</datestamp><setSpec>20002_MAGICHISMAP</setSpec></header><metadata><mods:mods xmlns:mods="http://www.loc.gov/mods/v3" xmlns="http://www.loc.gov/mods/v3" xmlns:xsi="http://www.w3.org/2001/XMLSchema-instance" xmlns:xlink="http://www.w3.org/1999/xlink" version="3.5" xsi:schemaLocation="http://www.loc.gov/mods/v3 http://www.loc.gov/standards/mods/v3/mods-3-5.xsd">
  <mods:titleInfo>
    <mods:title>Hammon Asset Power Co</mods:title>
  </mods:titleInfo>
  <mods:identifier type="hdl">http://hdl.handle.net/11134/20002:860241335</mods:identifier>
  <mods:typeOfResource>still image</mods:typeOfResource>
  <mods:physicalDescription>
    <mods:digitalOrigin>reformatted digital</mods:digitalOrigin>
  </mods:physicalDescription>
  <mods:note type="ownership">Archives &amp; Special Collections at the Thomas J. Dodd Research Center, University of Connecticut Libraries</mods:note>
  <mods:accessCondition type="use and reproduction">This work is licensed under a Creative Commons Attribution-NonCommercial 4.0 International License, CC BY-NC.</mods:accessCondition>
  <mods:recordInfo>
    <mods:recordContentSource>University of Connecticut Libraries</mods:recordContentSource>
    <mods:languageOfCataloging>
      <mods:languageTerm type="code" authority="iso639-2b">eng</mods:languageTerm>
    </mods:languageOfCataloging>
  </mods:recordInfo>
</mods:mods></metadata></record><record><header><identifier>oai:drupal-site.org:20002_860121616</identifier><datestamp>2016-11-11T16:35:30Z</datestamp><setSpec>20002_MSS19880010</setSpec></header><metadata><mods:mods xmlns:mods="http://www.loc.gov/mods/v3" xmlns="http://www.loc.gov/mods/v3" xmlns:xsi="http://www.w3.org/2001/XMLSchema-instance" xmlns:xlink="http://www.w3.org/1999/xlink">
  <mods:titleInfo>
    <mods:title>St. Mark's Episcopal Church</mods:title>
  </mods:titleInfo>
  <mods:name type="personal" authority="naf" valueURI="http://lccn.loc.gov/n2009161601">
    <mods:namePart>Manter, Jerauld A., 1889-1990</mods:namePart>
    <mods:role>
      <mods:roleTerm type="text" authority="marcrelator">Creator</mods:roleTerm>
    </mods:role>
  </mods:name>
  <mods:typeOfResource>still image</mods:typeOfResource>
  <mods:physicalDescription>
    <mods:internetMediaType>image/jp2</mods:internetMediaType>
    <mods:digitalOrigin>reformatted digital</mods:digitalOrigin>
  </mods:physicalDescription>
  <mods:note type="ownership">Archives &amp; Special Collections at the Thomas J. Dodd Research Center, University of Connecticut Libraries</mods:note>
  <mods:note type="source note">Jerauld A. Manter Photograph Collection, University of Connecticut Photograph Collection</mods:note>
  <mods:note type="source identifier">1988-0010/RG4</mods:note>
  <mods:accessCondition type="use and reproduction">This work is licensed under a Creative Commons Attribution-NonCommercial 4.0 International License, CC BY-NC.</mods:accessCondition><mods:recordInfo>
    <mods:recordContentSource>University of Connecticut Libraries</mods:recordContentSource>
    <mods:languageOfCataloging>
      <mods:languageTerm type="code" authority="iso639-2b">eng</mods:languageTerm>
    </mods:languageOfCataloging>
  </mods:recordInfo>
  <mods:targetAudience>CHO</mods:targetAudience>
  <mods:genre authority="aat" valueURI="300127173">negatives (photographic)</mods:genre>
  <mods:originInfo>
    <mods:dateIssued encoding="w3cdtf" keyDate="yes">1968</mods:dateIssued>
  </mods:originInfo>
  <mods:subject>
    <mods:topic authority="fast" authorityURI="http://id.worldcat.org/fast/860599">Church buildings</mods:topic>
    <mods:topic authority="fast" authorityURI=""/>
    <mods:topic authority="fast" authorityURI=""/>
    <mods:geographic authority="tgn" valueURI="7014549">Storrs (inhabited place)</mods:geographic>
    <mods:geographic authority="tgn" valueURI="7007159">Connecticut (state)</mods:geographic>
    <mods:name type="corporate" authority="naf" valueURI="http://lccn.loc.gov/n79056688">
      <mods:namePart>University of Connecticut</mods:namePart>
    </mods:name>
    <mods:name type="corporate" authority="naf" valueURI="http://lccn.loc.gov/n92059445">
      <mods:namePart>Connecticut State College</mods:namePart>
    </mods:name>
    <mods:name type="personal" authority="" valueURI="">
      <mods:namePart/>
    </mods:name>
    <mods:name type="personal" authority="naf" valueURI="http://lccn.loc.gov/n2009161601">
      <mods:namePart>Manter, Jerauld A., 1889-1990</mods:namePart>
    </mods:name>
  </mods:subject>
  <mods:identifier type="local">1988-0010/RG4/Series1/Box451:1309</mods:identifier>
  <mods:identifier type="local">39153019281270</mods:identifier>
  <mods:accessCondition type="restrictions on access">The collection is open and available for research.</mods:accessCondition>
  
<identifier type="hdl">http://hdl.handle.net/11134/20002:860121616</identifier></mods:mods></metadata></record><record><header><identifier>oai:drupal-site.org:20002_199703485</identifier><datestamp>2014-12-10T18:24:35Z</datestamp><setSpec>20002_MSS19890073</setSpec></header><metadata><mods:mods xmlns:mods="http://www.loc.gov/mods/v3" xmlns:xlink="http://www.w3.org/1999/xlink" xmlns:xsi="http://www.w3.org/2001/XMLSchema-instance">
   <mods:titleInfo supplied="yes">
      <mods:title>Railroad Station, Oxford</mods:title>
   </mods:titleInfo>
   <mods:typeOfResource>still image</mods:typeOfResource>
   <mods:genre authority="aat" valueURI="300046300">photographs</mods:genre>
   <mods:originInfo>
      <mods:dateIssued encoding="w3cdtf" keyDate="yes" point="start">1880</mods:dateIssued>
      <mods:dateIssued encoding="w3cdtf" keyDate="yes" point="end">1900</mods:dateIssued>
   </mods:originInfo>
   <mods:physicalDescription>
      <mods:internetMediaType>image/tiff</mods:internetMediaType>
      <mods:digitalOrigin>reformatted digital</mods:digitalOrigin>
   </mods:physicalDescription>
   <mods:abstract>Two men standing on tracks in front of platform and station building with sign hanging from roof "Oxford".</mods:abstract>
   <mods:targetAudience>CHO</mods:targetAudience>
   <mods:note type="ownership">Archives &amp; Special Collections at the Thomas J. Dodd Research Center, University of Connecticut Libraries</mods:note>
   <mods:note type="source note">Leroy Roberts CT Railroad Station Photograph Collection</mods:note>
   <mods:note type="theme">Infrastructure</mods:note>
   <mods:note type="theme">Lifestyle</mods:note>
   <mods:note>Title supplied by cataloger. Writing with ink on photograph.</mods:note>
   <mods:subject>
      <mods:topic>Railroad stations</mods:topic>
      <mods:geographic>Oxford (inhabited place)</mods:geographic>
   </mods:subject>
   <mods:identifier type="local">Accession number UC17-1295</mods:identifier>
   <mods:identifier type="local">IMG0016-1452</mods:identifier>
   <mods:location>
      <mods:physicalLocation>ff-Simsbury/Oxford (Southford)</mods:physicalLocation>
   </mods:location>
   <mods:accessCondition type="use and reproduction">Permission to publish from these Papers must be obtained in writing from both the University of Connecticut Libraries and the owner(s) of the copyright.</mods:accessCondition>
   <mods:accessCondition type="use and reproduction" displayLabel="Digital Object Disclaimer" xlink:href="http://doddcenter.uconn/asc/research/reproduction.htm">This digital object is owned, held, or licensed by the University of Connecticut and is available for non-commercial or education use only. Ownership must be properly cited. Any commercial use of this object without express written permission of the University of Connecticut is strictly prohibited. For more information or to obtain a reproduction of this digital object, contact University Archives &amp; Special Collections.</mods:accessCondition>
   <mods:accessCondition type="use and reproduction" displayLabel="Intellectual Rights Statement">As a publically supported institution, the University of Connecticut Libraries generally does not own rights in its collections. Permission to publish from these papers must be obtained in writing from both the University of Connecticut Libraries and the owner(s) of the copyright. Possible fees may be incurred on the part of the user.</mods:accessCondition>
   <mods:accessCondition type="restrictions on access">The collection is open and available for research.</mods:accessCondition>
   <mods:recordInfo>
      <mods:recordContentSource>University of Connecticut Libraries</mods:recordContentSource>
      <mods:recordCreationDate encoding="w3cdtf">2014-05-28-04:00</mods:recordCreationDate>
      <mods:languageOfCataloging>
         <mods:languageTerm authority="iso639-2b" type="code">eng</mods:languageTerm>
      </mods:languageOfCataloging>
      <mods:recordOrigin>This MODS record was migrated from CHO's CONTENTdm. The object had the following CONTENTdm reference URL: http://images.lib.uconn.edu:81/u?/cho,5112 and CONTENTdm file name: 5225.jp2</mods:recordOrigin>
   </mods:recordInfo>
<identifier xmlns="http://www.loc.gov/mods/v3" type="hdl">http://hdl.handle.net/11134/20002:199703485</identifier></mods:mods></metadata></record><record><header><identifier>oai:drupal-site.org:20002_1990129SOMDeansCoun</identifier><datestamp>2016-02-08T15:50:52Z</datestamp><setSpec>20002_19970129SOM</setSpec></header><metadata><mods:mods xmlns:mods="http://www.loc.gov/mods/v3" xmlns="http://www.loc.gov/mods/v3" xmlns:xsi="http://www.w3.org/2001/XMLSchema-instance" xmlns:xlink="http://www.w3.org/1999/xlink">
  <mods:targetAudience>CHO</mods:targetAudience>
  <mods:titleInfo>
    <mods:title>Dean's Council Meeting Minutes and Reports</mods:title>
  </mods:titleInfo>
  <mods:name type="corporate" authority="naf">
    <mods:namePart>University of Connecticut. School of Medicine</mods:namePart>
    <mods:role>
      <mods:roleTerm type="text" authority="marcrelator">Creator</mods:roleTerm>
    </mods:role>
  </mods:name>
  <mods:typeOfResource>mixed material</mods:typeOfResource>
  <mods:genre authority="aat">minutes (administrative records)</mods:genre>
  <mods:originInfo>
    <mods:place>
      <mods:placeTerm type="text">Farmington, CT</mods:placeTerm>
    </mods:place>
    <mods:publisher>University of Connecticut, School of Medicine</mods:publisher>
    <mods:dateIssued encoding="w3cdtf" keyDate="yes" point="start">2006</mods:dateIssued>
    <mods:dateIssued encoding="w3cdtf" point="end">2015</mods:dateIssued>
  </mods:originInfo>
  <mods:physicalDescription>
    <mods:digitalOrigin>reformatted digital</mods:digitalOrigin>
  </mods:physicalDescription>
  <mods:note type="shortDescription">Administrative records of the Dean's Council, School of Medicine, UConn Health.</mods:note>
  <mods:note type="ownership">Archives &amp; Special Collections at the Thomas J. Dodd Research Center, University of Connecticut Libraries</mods:note>
  <mods:note type="biographical/historical">The Dean’s Council works with the Dean to determine broad medical school policies and strategic plans. It does this primarily by (a) ensuring that all recommendations regarding policies and strategic plans have been developed with the consideration of how they effect the entire School and not just a single domain, (b) synthesizing, coordinating and evaluating the initiatives put forward by the Councils into cohesive strategic plans and objectives1, (c) initiating recommendations regarding policies and priorities in the use of resources, and (d) acting on recommendations from the Oversight Committee.

These functions will be achieved through the consideration of (a) the overall use and commitment of resources and the availability of resources for newly developed policies and plans; (b) how new policies put forth by a Council fit within the strategic plans/goals/objectives of the school as a whole; (c) possible synergies between new proposals and other school needs and goals; and, importantly, (d) the consequences of policies developed by one Council on the entire faculty and students. Thus, while most policies will be developed in the Councils, the Dean’s Council plays a critical integrative function. It bears the final responsibility for evaluating the impact of proposed policies and plans on the School of Medicine and its faculty as a whole.

In addition to considering the policies and recommendations sent from the Councils, the Dean’s Council may be assigned tasks by the Dean, the Executive Vice President, or the Board of Directors. The Dean’s Council will then delegate tasks to the Councils or, if appropriate, delegate an ad hoc committee to address the task.2

The Dean’s Council will also lead the effort to educate the administration of the School of Medicine and of UConn Health about the impact its policy decisions have on the ability of the faculty to do its work and to negotiate ways to streamline the processes. This charge focuses on, for example, the administrative requirements for hiring new faculty members, for spending research dollars, and for implementing approved strategic plans.</mods:note>
  <mods:identifier type="local">MSS 1997.0129</mods:identifier>
  <mods:identifier type="local">1997.0129/SOM/DeansCouncil</mods:identifier>
  <mods:accessCondition type="use and reproduction">This work is licensed under a Creative Commons Attribution-NonCommercial 4.0 International License, CC BY-NC.</mods:accessCondition>
  <mods:recordInfo>
    <mods:recordContentSource>University of Connecticut Libraries</mods:recordContentSource>
    <mods:languageOfCataloging>
      <mods:languageTerm type="code" authority="iso639-2b">eng</mods:languageTerm>
    </mods:languageOfCataloging>
  </mods:recordInfo>
<identifier type="hdl">http://hdl.handle.net/11134/20002:1990129SOMDeansCoun</identifier></mods:mods></metadata></record><record><header><identifier>oai:drupal-site.org:20002_860127020</identifier><datestamp>2016-03-01T19:42:33Z</datestamp><setSpec>20002_CG</setSpec></header><metadata><mods:mods xmlns:mods="http://www.loc.gov/mods/v3" xmlns="http://www.loc.gov/mods/v3" xmlns:xsi="http://www.w3.org/2001/XMLSchema-instance" xmlns:xlink="http://www.w3.org/1999/xlink">
  <mods:titleInfo>
    <mods:title>A Guide to the Richard H. Gillespie Railroad Photograph Collection</mods:title>
  </mods:titleInfo>
  <mods:typeOfResource>text</mods:typeOfResource>
  <mods:genre authority="aat" valueURI="300026539">finding aids</mods:genre>
  <mods:originInfo>
    <mods:dateIssued encoding="w3cdtf" keyDate="yes">2014</mods:dateIssued>
  </mods:originInfo>
  <mods:note type="ownership">Archives &amp; Special Collections at the Thomas J. Dodd Research Center, University of Connecticut Libraries</mods:note>
  <mods:subject>
    <mods:topic>Donovan, Francis D.</mods:topic>
    <mods:topic>Gillespie, Rosemary V.</mods:topic>
    <mods:topic>Electric locomotives</mods:topic>
    <mods:topic>Steam locomotives</mods:topic>
  </mods:subject>
  <mods:accessCondition type="use and reproduction">This work is licensed under a Creative Commons Attribution-NonCommercial 4.0 International License, CC BY-NC.</mods:accessCondition>
  <mods:recordInfo>
    <mods:recordContentSource>University of Connecticut Libraries</mods:recordContentSource>
    <mods:languageOfCataloging>
      <mods:languageTerm type="code" authority="iso639-2b">eng</mods:languageTerm>
    </mods:languageOfCataloging>
  </mods:recordInfo>
<identifier type="hdl">http://hdl.handle.net/11134/20002:860127020</identifier></mods:mods></metadata></record><record><header><identifier>oai:drupal-site.org:20002_5380</identifier><datestamp>2016-02-03T22:31:04Z</datestamp><setSpec>20002_IMTNuremberg</setSpec></header><metadata><mods:mods xmlns:mods="http://www.loc.gov/mods/v3" xmlns:xlink="http://www.w3.org/1999/xlink" xmlns:xsi="http://www.w3.org/2001/XMLSchema-instance" xmlns="http://www.loc.gov/mods/v3" version="3.5" xsi:schemaLocation="http://www.loc.gov/mods/v3 http://www.loc.gov/standards/mods/v3/mods-3-5.xsd">
  <mods:titleInfo>
    <mods:title>"Exploitation of Forced Labor"</mods:title>
  </mods:titleInfo>
  <mods:name authority="fast" type="personal" valueURI="http://id.worldcat.org/fast/255922">
    <mods:namePart>Dodd, Thomas J. (Thomas Joseph), 1907-1971</mods:namePart>
    <mods:role>
      <mods:roleTerm authority="marcrelator" type="text">Speaker</mods:roleTerm>
    </mods:role>
    <mods:role>
      <mods:roleTerm type="text" authority="marcrelator">Collector</mods:roleTerm>
    </mods:role>
  </mods:name>
  <mods:typeOfResource>text</mods:typeOfResource>
  <mods:genre authority="aat" valueURI="300027590">legal documents</mods:genre>
  <mods:genre authority="aat" valueURI="300027618">briefs (legal documents)</mods:genre>
  <mods:originInfo>
    <mods:dateIssued encoding="w3cdtf" keyDate="yes">1945-12-01</mods:dateIssued>
  </mods:originInfo>
  <mods:physicalDescription>
    <mods:internetMediaType>image/jp2</mods:internetMediaType>
    <mods:digitalOrigin>reformatted digital</mods:digitalOrigin>
    <mods:note type="physical description">transcript of court presentation</mods:note>
  </mods:physicalDescription>
  <mods:abstract>The Human Rights subseries (Boxes 285-289) documents the wide range of atrocities carried out in the name of National Socialism. This material is arranged thematically and consists primarily of trial briefs and translated German documents. The most thoroughly covered topics are the concentration camp and slave labor systems. Reports detail the implementation of Nazi anti-Semitism, medical experiments conducted in concentration camps, and the psychology of inmates. Other subjects include the plundering of art treasures, the suppression of Christianity, and the Germanisation of occupied territories. Annotated.</mods:abstract>
  <mods:note type="Preferred Citation">"Exploitation of Forced Labor", 288:7349-7350, Thomas J. Dodd Papers. Archives &amp; Special Collections at the Thomas J. Dodd Research Center, University of Connecticut Libraries.</mods:note>
  <mods:subject>
    <mods:topic authority="fast" valueURI="http://id.worldcat.org/fast/1709901">Nuremberg War Crime Trials (Germany : 1946-1949)</mods:topic>
    <mods:topic authority="fast" valueURI="http://id.worldcat.org/fast/872933">Concentration camps</mods:topic>
    <mods:topic authority="fast" valueURI="http://id.worldcat.org/fast/1120393">Slave labor</mods:topic>
    <mods:topic authority="fast" valueURI="http://id.worldcat.org/fast/810769">Antisemitism</mods:topic>
    <mods:topic authority="fast" valueURI="http://id.worldcat.org/fast/883148">Crimes against peace</mods:topic>
    <mods:topic authority="fast" valueURI="http://id.worldcat.org/fast/1170459">War crime trials</mods:topic>
    <mods:topic authority="fast" valueURI="http://id.worldcat.org/fast/1156320">Trials (Crimes against humanity)</mods:topic>
    <mods:topic authority="fast" valueURI="http://id.worldcat.org/fast/1766447">Prisoners of war--Abuse of</mods:topic>
    <mods:name type="personal" authority="fast" valueURI="http://id.worldcat.org/fast/33443">
      <mods:namePart>Speer, Albert, 1905-1981</mods:namePart>
    </mods:name>
    <mods:name type="personal" authority="fast" valueURI="http://id.worldcat.org/fast/260287">
      <mods:namePart>Sauckel, Fritz, 1894-1946</mods:namePart>
    </mods:name>
    <mods:name type="corporate" authority="fast" valueURI="http://id.worldcat.org/fast/537326">
      <mods:namePart>Nationalsozialistische Deutsche Arbeiter-Partei. Schutzstaffel</mods:namePart>
    </mods:name>
    <mods:topic authority="fast" valueURI="http://id.worldcat.org/fast/1020840">Militarism--Economic aspects</mods:topic>
    <mods:topic authority="fast" valueURI="http://id.worldcat.org/fast/1021577">Military weapons</mods:topic>
    <mods:geographic authority="tgn" valueURI="7000084">Germany (nation)</mods:geographic>
  </mods:subject>
  <mods:identifier type="local">MSS19940065:288:7349-7350</mods:identifier>
  <mods:accessCondition type="use and reproduction">This work is licensed under a Creative Commons Attribution-NonCommercial 4.0 International License, CC BY-NC.</mods:accessCondition>
  <mods:accessCondition type="use and reproduction" displayLabel="Digital Object Disclaimer">This work is licensed under a Creative Commons Attribution-NonCommercial 4.0 International License, CC BY-NC.</mods:accessCondition>
  <mods:accessCondition type="restrictions on access">The collection is open and available for research.</mods:accessCondition>
  <mods:accessCondition type="use and reproduction" displayLabel="Intellectual Rights Statement">This work is licensed under a Creative Commons Attribution-NonCommercial 4.0 International License, CC BY-NC.</mods:accessCondition>
  <mods:recordInfo>
    <mods:recordCreationDate encoding="w3cdtf">2011-12-16T15:09-0500</mods:recordCreationDate>
    <mods:recordOrigin>This finding aid was produced using the Archivists' Toolkit</mods:recordOrigin>
    <mods:languageOfCataloging>
      <mods:languageTerm type="code" authority="iso639-3">eng</mods:languageTerm>
    </mods:languageOfCataloging>
    <mods:descriptionStandard>Describing Archives: A Content Standard</mods:descriptionStandard>
    <mods:recordContentSource>University of Connecticut Libraries</mods:recordContentSource>
    <mods:languageOfCataloging>
      <mods:languageTerm type="code" authority="iso639-2b">eng</mods:languageTerm>
    </mods:languageOfCataloging>
  </mods:recordInfo>
  <identifier type="hdl">http://hdl.handle.net/11134/20002:5380</identifier>
  <mods:note type="ownership">Archives &amp; Special Collections at the Thomas J. Dodd Research Center, University of Connecticut Libraries</mods:note>
  <mods:name type="corporate" authority="naf" valueURI="http://id.loc.gov/authorities/names/n50069897">
    <mods:namePart>International Military Tribunal</mods:namePart>
    <mods:role>
      <mods:roleTerm type="text" authority="marcrelator">Contributor</mods:roleTerm>
    </mods:role>
  </mods:name>
  <mods:name type="corporate" authority="naf" valueURI="http://id.loc.gov/authorities/names/no92016468">
    <mods:namePart>United States. Office of Chief of Counsel for the Prosecution of Axis Criminality</mods:namePart>
    <mods:role>
      <mods:roleTerm type="text" authority="marcrelator">Contributor</mods:roleTerm>
    </mods:role>
  </mods:name>
  <mods:genre authority="aat" valueURI="300027388">transcripts</mods:genre>
  <mods:note type="source note">Thomas J. Dodd Papers</mods:note>
  <mods:note type="source identifier">MSS 1994.0065</mods:note>
</mods:mods></metadata></record><record><header><identifier>oai:drupal-site.org:20002_859918904</identifier><datestamp>2014-12-10T14:05:55Z</datestamp><setSpec>20002_MSS20000039</setSpec></header><metadata><mods:mods xmlns:mods="http://www.loc.gov/mods/v3" xmlns:xlink="http://www.w3.org/1999/xlink" xmlns:xsi="http://www.w3.org/2001/XMLSchema-instance">
   <mods:titleInfo supplied="yes">
      <mods:title>Locomotive 1802, formerly locomotive 23</mods:title>
   </mods:titleInfo>
   <mods:titleInfo type="alternative">
      <mods:title>1802 NHRR, 4-4-0</mods:title>
   </mods:titleInfo>
   <mods:name type="personal" authority="local">
      <mods:namePart>Makowsky, Fred Otto</mods:namePart>
      <mods:role>
         <mods:roleTerm authority="marcrelator" authorityURI="http://id.loc.gov/vocabulary/relators" valueURI="http://id.loc.gov/vocabulary/relators/cre" type="text">Creator</mods:roleTerm>
      </mods:role>
   </mods:name>
   <mods:typeOfResource>still image</mods:typeOfResource>
   <mods:genre authority="aat" valueURI="300215302">digital images</mods:genre>
   <mods:originInfo>
      <mods:dateIssued encoding="w3cdtf" keyDate="yes">1923</mods:dateIssued>
   </mods:originInfo>
   <mods:physicalDescription>
      <mods:internetMediaType/>
      <mods:digitalOrigin>reformatted digital</mods:digitalOrigin>
      <mods:note type="physical description">Source extent: 1 photographic print ; 7 x 11 cm.</mods:note>
   </mods:physicalDescription>
   <mods:abstract>Right side three-quarter view of New Haven Railroad steam engine number 1802, engine type 4-4-0, on radial tracks at roundhouse. Large electric headlight. Employee at left of engine. Unidentified 0-6-0 engine in background.</mods:abstract>
   <mods:note type="ownership">Archives &amp; Special Collections at the Thomas J. Dodd Research Center, University of Connecticut Libraries</mods:note>
   <mods:note type="source note">Fred Otto Makowsky papers</mods:note>
   <mods:note>Oct 1923.Title supplied by cataloger.</mods:note>
   <mods:subject>
      <mods:topic>Steam locomotives -- Connecticut -- Stamford</mods:topic>
      <mods:topic>Locomotives -- Headlights</mods:topic>
      <mods:topic>Railroad locomotives -- Connecticut -- Stamford -- 1920-1930</mods:topic>
      <mods:topic>Railroad tracks -- Connecticut -- Stamford</mods:topic>
      <mods:topic>Railroad roundhouses -- Connecticut -- Stamford</mods:topic>
      <mods:topic>Railroad employees</mods:topic>
      <mods:geographic>Stamford (Conn.)</mods:geographic>
      <mods:name type="corporate" authority="local">
         <mods:namePart>New York, New Haven, and Hartford Railroad Company</mods:namePart>
      </mods:name>
   </mods:subject>
   <mods:identifier type="local">Accession number UC18 0688. (OCoLC)ocm48622184</mods:identifier>
   <mods:identifier type="local">UC18 0688-004.jpg</mods:identifier>
   <mods:accessCondition type="use and reproduction">These Materials are provided for educational and research purposes only. The University of Connecticut Libraries hold the copyright except where noted. Permission must be obtained in writing from the University of Connecticut Libraries and/or the owner(s) of the copyright to publish reproductions or quotations beyond "fair use."</mods:accessCondition>
   <mods:accessCondition type="restrictions on access">The collection is open and available for research.</mods:accessCondition>
   <mods:recordInfo>
      <mods:recordContentSource>University of Connecticut Libraries</mods:recordContentSource>
      <mods:recordCreationDate encoding="w3cdtf">2014-09-17-04:00</mods:recordCreationDate>
      <mods:languageOfCataloging>
         <mods:languageTerm authority="iso639-2b" type="code">eng</mods:languageTerm>
      </mods:languageOfCataloging>
      <mods:recordOrigin>This MODS record was migrated from CHO's CONTENTdm, with the following Reference URL: http://images.lib.uconn.edu:81/u?/photographs,281. Other information: transfered to photo collection by wda--1/22/08</mods:recordOrigin>
   </mods:recordInfo>
<identifier xmlns="http://www.loc.gov/mods/v3" type="hdl">http://hdl.handle.net/11134/20002:859918904</identifier></mods:mods></metadata></record><resumptionToken expirationDate="2017-03-09T16:44:51Z" completeListSize="34302" cursor="3840">1746071933</resumptionToken></ListRecords></OAI-PMH>

