<?xml version="1.0" encoding="UTF-8"?>
<OAI-PMH xmlns:xsi="http://www.w3.org/2001/XMLSchema-instance"  xsi:schemaLocation="http://www.loc.gov/mods/v3 http://www.loc.gov/standards/mods/v3/mods-3-5.xsd http://www.openarchives.org/OAI/2.0/ http://www.openarchives.org/OAI/2.0/OAI-PMH.xsd"  xmlns="http://www.openarchives.org/OAI/2.0/" xmlns:mods="http://www.loc.gov/mods/v3"><responseDate>2017-03-08T16:45:15Z</responseDate><request>http://archives.lib.uconn.edu/oai2</request><ListRecords><record><header><identifier>oai:drupal-site.org:20002_860072245</identifier><datestamp>2015-07-30T17:34:02Z</datestamp><setSpec>20002_MassValuationMaps</setSpec></header><metadata><mods:mods xmlns:mods="http://www.loc.gov/mods/v3" xmlns:xlink="http://www.w3.org/1999/xlink" xmlns:xsi="http://www.w3.org/2001/XMLSchema-instance">
   <mods:titleInfo>
      <mods:title>Eastham, Massachusetts</mods:title>
   </mods:titleInfo>
   <mods:name type="corporate" authority="naf" valueURI="http://id.loc.gov/authorities/names/n86134559">
      <mods:namePart>New York, New Haven, and Hartford Railroad Company</mods:namePart>
      <mods:role>
         <mods:roleTerm authority="marcrelator" authorityURI="http://id.loc.gov/vocabulary/relators" valueURI="http://id.loc.gov/vocabulary/relators/cre" type="text">Creator</mods:roleTerm>
      </mods:role>
   </mods:name>
   <mods:name type="corporate" authority="local">
      <mods:namePart>Old Colony Railroad Company</mods:namePart>
      <mods:role>
         <mods:roleTerm authority="marcrelator" authorityURI="http://id.loc.gov/vocabulary/relators" valueURI="http://id.loc.gov/vocabulary/relators/ctb" type="text">Contributor</mods:roleTerm>
      </mods:role>
   </mods:name>
   <mods:typeOfResource>cartographic</mods:typeOfResource>
   <mods:genre authority="aat" valueURI="300028094">maps (documents)</mods:genre>
   <mods:genre authority="aat" valueURI="300264387">images (object genre)</mods:genre>
   <mods:originInfo>
      <mods:dateIssued encoding="w3cdtf" keyDate="yes">1915-06-30</mods:dateIssued>
   </mods:originInfo>
   <mods:physicalDescription>
      <mods:internetMediaType>image/jp2</mods:internetMediaType>
      <mods:digitalOrigin>reformatted digital</mods:digitalOrigin>
      <mods:note type="physical description">Source extent: 1 map ; 142 x 61 cm. 1 map ; 142 x 61 cm.</mods:note>
   </mods:physicalDescription>
   <mods:abstract>Right of way and track map, Old Colony R.R. Co. operated by the New York, New Haven and Hartford R.R. Co operating from Middleboro to Provincetown station 3256+80 to station 3309+60, town of Eastham, state of Mass.</mods:abstract>
   <mods:targetAudience>CHO</mods:targetAudience>
   <mods:targetAudience>GEO</mods:targetAudience>
   <mods:note type="ownership">Archives &amp; Special Collections at the Thomas J. Dodd Research Center, University of Connecticut Libraries</mods:note>
   <mods:note type="source note">New York, New Haven, and Hartford Railroad Company Valuation Maps Collection</mods:note>
   <mods:note>Bounding box coordinates recorded as S, W, N, E</mods:note>
   <mods:subject>
      <mods:topic>Railroads</mods:topic>
      <mods:geographic>Eastham (Mass.)</mods:geographic>
      <mods:geographic>Cape Cod (Mass.)</mods:geographic>
      <mods:geographic>Massachusetts</mods:geographic>
      <mods:cartographics>
         <mods:coordinates>41.807665, -69.989155, 41.824619, -69.976127</mods:coordinates>
      </mods:cartographics>
   </mods:subject>
   <mods:identifier type="local">Roll no. 78</mods:identifier>
   <mods:identifier type="local">Valuation no. 6.16</mods:identifier>
   <mods:identifier type="local">sheet 63</mods:identifier>
   <mods:identifier type="local">Accession number MSS1998-0378</mods:identifier>
   <mods:identifier type="local">uconn_asc_1998-0378_map_6_16_63.tif</mods:identifier>
   <mods:accessCondition type="use and reproduction">These Materials are provided for educational and research purposes only. The University of Connecticut Libraries hold the copyright except where noted. Permission must be obtained in writing from the University of Connecticut Libraries and/or the owner(s) of the copyright to publish reproductions or quotations beyond "fair use."</mods:accessCondition>
   <mods:accessCondition type="restrictions on access">The collection is open and available for research.</mods:accessCondition>
   <mods:extension xmlns:fgdc="http://www.fgdc.gov/schemas/metadata/fgdc-std-001-1998.xsd">
      <fgdc:metadata>
         <fgdc:idinfo>
            <fgdc:spdom>
               <fgdc:bounding>
                  <fgdc:westbc>-69.989155</fgdc:westbc>
                  <fgdc:eastbc>-69.976127</fgdc:eastbc>
                  <fgdc:northbc>41.824619</fgdc:northbc>
                  <fgdc:southbc>41.807665</fgdc:southbc>
               </fgdc:bounding>
            </fgdc:spdom>
         </fgdc:idinfo>
      </fgdc:metadata>
   </mods:extension>
   <mods:recordInfo>
      <mods:recordContentSource>University of Connecticut Libraries</mods:recordContentSource>
      <mods:recordCreationDate encoding="w3cdtf">2015-04-07-04:00</mods:recordCreationDate>
      <mods:languageOfCataloging>
         <mods:languageTerm authority="iso639-2b" type="code">eng</mods:languageTerm>
      </mods:languageOfCataloging>
      <mods:recordOrigin>This MODS record was migrated from University of Connecticut Libraries Archives and Special Collections CONTENTdm site. . Other information: MJB</mods:recordOrigin>
   </mods:recordInfo>
<identifier xmlns="http://www.loc.gov/mods/v3" type="hdl">http://hdl.handle.net/11134/20002:860072245</identifier></mods:mods></metadata></record><record><header><identifier>oai:drupal-site.org:20002_860232661</identifier><datestamp>2016-12-21T17:34:46Z</datestamp><setSpec>20002_860169623</setSpec></header><metadata><mods:mods xmlns:mods="http://www.loc.gov/mods/v3" xmlns="http://www.loc.gov/mods/v3" xmlns:xsi="http://www.w3.org/2001/XMLSchema-instance" xmlns:xlink="http://www.w3.org/1999/xlink">
  <mods:titleInfo>
    <mods:title>Connecticut Daily Campus, Volume 81, Number 103</mods:title>
  </mods:titleInfo>
  <mods:name type="personal">
    <mods:namePart>Hill, John, III</mods:namePart>
    <mods:role>
      <mods:roleTerm authority="marcrelator" type="text">Editor</mods:roleTerm>
    </mods:role>
  </mods:name>
  <mods:typeOfResource>text</mods:typeOfResource>
  <mods:genre authority="aat" valueURI="300026656">newspapers</mods:genre>
  <abstract>Misnumbered, should be number 107.</abstract>
  <mods:originInfo>
    <mods:publisher>University of Connecticut</mods:publisher>
    <mods:place>
      <mods:placeTerm type="text">Storrs, CT</mods:placeTerm>
    </mods:place>
    <mods:dateIssued encoding="w3cdtf" keyDate="yes">1978-04-10</mods:dateIssued>
    <mods:issuance>serial</mods:issuance>
  </mods:originInfo>
  <mods:accessCondition type="use and reproduction">This work is licensed under a Creative Commons Attribution-NonCommercial 4.0 International License, CC BY-NC.</mods:accessCondition>
  <mods:recordInfo>
    <mods:recordContentSource>University of Connecticut Libraries</mods:recordContentSource>
    <mods:languageOfCataloging>
      <mods:languageTerm type="code" authority="iso639-2b">eng</mods:languageTerm>
    </mods:languageOfCataloging>
  </mods:recordInfo>
<identifier type="hdl">http://hdl.handle.net/11134/20002:860232661</identifier></mods:mods></metadata></record><record><header><identifier>oai:drupal-site.org:20002_20100212</identifier><datestamp>2016-03-01T01:48:28Z</datestamp><setSpec>20002_20070055</setSpec></header><metadata><mods:mods xmlns:mods="http://www.loc.gov/mods/v3" xmlns:xlink="http://www.w3.org/1999/xlink" xmlns:xsi="http://www.w3.org/2001/XMLSchema-instance" xmlns="http://www.loc.gov/mods/v3" version="3.5" xsi:schemaLocation="http://www.loc.gov/mods/v3 http://www.loc.gov/standards/mods/v3/mods-3-5.xsd">
  <mods:titleInfo>
    <mods:title>New Haven Railroad wooden parlor/observation car 2181</mods:title>
  </mods:titleInfo>
  <mods:name type="corporate" authority="fast" valueURI="http://id.worldcat.org/fast/621230">
    <mods:namePart>New York, New Haven &amp; Hartford Railroad Company</mods:namePart>
    <mods:role>
      <mods:roleTerm authority="marcrelator" authorityURI="http://id.loc.gov/vocabulary/relators" valueURI="http://id.loc.gov/vocabulary/relators/cre" type="text">Creator</mods:roleTerm>
    </mods:role>
  </mods:name>
  <mods:typeOfResource>still image</mods:typeOfResource>
  <mods:genre authority="aat" valueURI="300127173">negatives (photographic)</mods:genre>
  <mods:originInfo>
    <mods:dateIssued encoding="w3cdtf" keyDate="yes" qualifier="approximate">1903</mods:dateIssued>
  </mods:originInfo>
  <mods:physicalDescription>
    <mods:internetMediaType>image/tiff</mods:internetMediaType>
    <mods:digitalOrigin>reformatted digital</mods:digitalOrigin>
    <mods:note type="physical description">Source Extent: 4.0 Linear feet</mods:note>
  </mods:physicalDescription>
  <mods:abstract>Three-quarter view of wooden parlor/observation car 2181 with row of knuckle couplers in foreground; photograph taken from observation end.</mods:abstract>
  <mods:note type="ownership">Archives &amp; Special Collections at the Thomas J. Dodd Research Center, University of Connecticut Libraries</mods:note>
  <mods:note type="source note">New York, New Haven &amp; Hartford Railroad Glass Negative Collection</mods:note>
  <mods:note type="source identifier">MSS20070055</mods:note>
  <mods:note type="source identifier">http://doddcenter.uconn.edu/asc/findaids/NHRR_glass/MSS20070055.html</mods:note>
  <mods:note type="acquisition">The collection was purchased from a dealer in May 2007.</mods:note>
  <mods:note xlink:href="http://doddcenter.uconn.edu/asc/dodda2z/curatorinfo.cfm?curatorinfo=4">Archives &amp; Special Collections has a substantial collection of materials pertaining to the railroads of southern New England, particularly the New York, New Haven &amp; Hartford Railroad. For detailed information on these collections please contact the Reading Room desk.</mods:note>
  <mods:subject>
    <mods:topic authority="fast" valueURI="http://id.worldcat.org/fast/1431051">Railroad cars</mods:topic>
    <mods:topic>Parlor cars</mods:topic>
    <mods:geographic authority="tgn" valueURI="7007568">New York (state)</mods:geographic>
    <mods:geographic authority="tgn" valueURI="7007159">Connecticut (state)</mods:geographic>
    <mods:temporal authority="fast" valueURI="http://id.worldcat.org/fast/1159810">Twentieth century</mods:temporal>
  </mods:subject>
  <mods:accessCondition type="use and reproduction">Permission to publish from these Papers must be obtained in writing from both the University of Connecticut Libraries and the owner(s) of the copyright.</mods:accessCondition>
  <mods:accessCondition type="restrictions on access">The original glass negatives are not available for use due to their fragility. Prints have been made for each glass negative in the collection and are available as a reference set.</mods:accessCondition>
  <mods:recordInfo>
    <mods:recordContentSource>University of Connecticut Libraries</mods:recordContentSource>
    <mods:recordCreationDate encoding="w3cdtf">2014-03-12</mods:recordCreationDate>
    <mods:languageOfCataloging>
      <mods:languageTerm authority="iso639-2b" type="code">eng</mods:languageTerm>
    </mods:languageOfCataloging>
    <mods:recordOrigin>This finding aid was produced using the Archivists' Toolkit 2014-03-12T15:17-0400</mods:recordOrigin>
    <mods:descriptionStandard>Describing Archives: A Content Standard</mods:descriptionStandard>
  </mods:recordInfo>
  <identifier type="hdl">http://hdl.handle.net/11134/20002:20100212</identifier>
  <mods:targetAudience>CHO</mods:targetAudience>
</mods:mods></metadata></record><record><header><identifier>oai:drupal-site.org:20002_860131614</identifier><datestamp>2016-03-15T13:23:35Z</datestamp><setSpec>20002_CG</setSpec></header><metadata><mods:mods xmlns:mods="http://www.loc.gov/mods/v3" xmlns="http://www.loc.gov/mods/v3" xmlns:xsi="http://www.w3.org/2001/XMLSchema-instance" xmlns:xlink="http://www.w3.org/1999/xlink">
  <mods:titleInfo>
    <mods:title>A Guide to the A. William Hoglund Papers</mods:title>
  </mods:titleInfo>
  <mods:typeOfResource>text</mods:typeOfResource>
  <mods:genre authority="aat" valueURI="300026539">finding aids</mods:genre>
  <mods:originInfo>
    <mods:dateIssued encoding="w3cdtf" keyDate="yes">2012</mods:dateIssued>
  </mods:originInfo>
  <mods:note type="ownership">Archives &amp; Special Collections at the Thomas J. Dodd Research Center, University of Connecticut Libraries</mods:note>
  <mods:subject>
    <mods:topic>Hoglund , Arthur William, 1926-2008</mods:topic>
    <mods:topic>Archives (institutions)</mods:topic>
    <mods:topic>Faculty</mods:topic>
    <mods:topic>Universities and colleges</mods:topic>
    <mods:geographic>Connecticut</mods:geographic>
  </mods:subject>
  <mods:accessCondition type="use and reproduction">This work is licensed under a Creative Commons Attribution-NonCommercial 4.0 International License, CC BY-NC.</mods:accessCondition>
  <mods:recordInfo>
    <mods:recordContentSource>University of Connecticut Libraries</mods:recordContentSource>
    <mods:languageOfCataloging>
      <mods:languageTerm type="code" authority="iso639-2b">eng</mods:languageTerm>
    </mods:languageOfCataloging>
  </mods:recordInfo>
<identifier type="hdl">http://hdl.handle.net/11134/20002:860131614</identifier></mods:mods></metadata></record><record><header><identifier>oai:drupal-site.org:20002_860196558</identifier><datestamp>2016-09-19T18:59:14Z</datestamp><setSpec>20002_bekasidump</setSpec></header><metadata><mods:mods xmlns:mods="http://www.loc.gov/mods/v3" xmlns="http://www.loc.gov/mods/v3" xmlns:xsi="http://www.w3.org/2001/XMLSchema-instance" xmlns:xlink="http://www.w3.org/1999/xlink">
  <mods:titleInfo>
    <mods:title>Children Scavenge For Anything That Can Be Eaten Or Sold</mods:title>
  </mods:titleInfo>
  <mods:name type="personal" authority="naf" valueURI="https://lccn.loc.gov/n97852224">
    <mods:namePart>Romano, U. Roberto</mods:namePart>
    <mods:role>
      <mods:roleTerm type="text" authority="marcrelator">Creator</mods:roleTerm>
    </mods:role>
  </mods:name>
  <mods:typeOfResource>still image</mods:typeOfResource>
  <mods:genre authority="aat" valueURI="300046300">photographs</mods:genre>
  <mods:originInfo>
    <mods:dateIssued encoding="w3cdtf" keyDate="yes">2003</mods:dateIssued>
  </mods:originInfo>
  <mods:physicalDescription>
    <mods:internetMediaType>image/tiff</mods:internetMediaType>
    <mods:digitalOrigin>born digital</mods:digitalOrigin>
  </mods:physicalDescription>
  <mods:abstract>In Bekasi on the outskirts of Jakarta is the largest garbage dump in Indonesia, 1087 hectares of trash, which comes every day from throughout West Java.  And for 24 hours every day, 3,000 scavengers work there, 1,000 of whom are kids, some of them only three years old.  The children earn around 5,000 to 8,000 Pr. ($0.50 to $0-.80) a week.  They usually work in family groupings, and a family will make about $7 to $10 a week.  They live in makeshift shelters assembled at the dump from scraps found there.</mods:abstract>
  <mods:note type="ownership">Archives &amp; Special Collections at the Thomas J. Dodd Research Center, University of Connecticut Libraries</mods:note>
  <mods:note type="source note">U. Roberto Romano (Robin) Romano Papers</mods:note>
  <mods:subject>
    <mods:topic authority="fast" valueURI="1198516">Ragpickers</mods:topic>
    <mods:topic authority="fast" valueURI="963285">Human rights</mods:topic>
    <mods:topic authority="fast" valueURI="856519">Children's rights</mods:topic>
    <mods:topic authority="fast" valueURI="1074093">Poverty</mods:topic>
    <mods:geographic authority="tgn" valueURI="1077479">Bekasi (inhabited place)</mods:geographic>
    <mods:geographic authority="tgn" valueURI="1000116">Indonesia (nation)</mods:geographic>
    <mods:cartographics>
      <mods:coordinates>06 12 00 S  106 53 00 E</mods:coordinates>
    </mods:cartographics>
    <mods:name type="personal" authority="naf" valueURI="https://lccn.loc.gov/n97852224">
      <mods:namePart>Romano, U. Roberto</mods:namePart>
    </mods:name>
  </mods:subject>
  <mods:identifier type="local">0017ROR03FN16</mods:identifier>
  <mods:accessCondition type="use and reproduction">This work is licensed under a Creative Commons Attribution-NonCommercial 4.0 International License, CC BY-NC.</mods:accessCondition>
  <mods:recordInfo>
    <mods:recordContentSource>University of Connecticut Libraries</mods:recordContentSource>
    <mods:languageOfCataloging>
      <mods:languageTerm type="code" authority="iso639-2b">eng</mods:languageTerm>
    </mods:languageOfCataloging>
  </mods:recordInfo>
<identifier type="hdl">http://hdl.handle.net/11134/20002:860196558</identifier></mods:mods></metadata></record><record><header><identifier>oai:drupal-site.org:20002_859920119</identifier><datestamp>2014-12-10T14:03:26Z</datestamp><setSpec>20002_MSS20000039</setSpec></header><metadata><mods:mods xmlns:mods="http://www.loc.gov/mods/v3" xmlns:xlink="http://www.w3.org/1999/xlink" xmlns:xsi="http://www.w3.org/2001/XMLSchema-instance">
   <mods:titleInfo supplied="yes">
      <mods:title>Locomotive 0215, experimental, built 1912</mods:title>
   </mods:titleInfo>
   <mods:titleInfo type="alternative">
      <mods:title>0215 NHRR STAM CT experimental</mods:title>
   </mods:titleInfo>
   <mods:name type="personal" authority="local">
      <mods:namePart>Makowsky, Fred Otto</mods:namePart>
      <mods:role>
         <mods:roleTerm authority="marcrelator" authorityURI="http://id.loc.gov/vocabulary/relators" valueURI="http://id.loc.gov/vocabulary/relators/cre" type="text">Creator</mods:roleTerm>
      </mods:role>
   </mods:name>
   <mods:typeOfResource>still image</mods:typeOfResource>
   <mods:genre authority="aat" valueURI="300215302">digital images</mods:genre>
   <mods:originInfo>
      <mods:dateIssued encoding="w3cdtf" keyDate="yes">1934</mods:dateIssued>
   </mods:originInfo>
   <mods:physicalDescription>
      <mods:internetMediaType/>
      <mods:digitalOrigin>reformatted digital</mods:digitalOrigin>
      <mods:note type="physical description">Source extent: 1 photographic print ; 7 x 11 cm.</mods:note>
   </mods:physicalDescription>
   <mods:abstract>Side view of New Haven Railroad electric engine switcher number 0215, engine type B+B, experimental steeple cab type, coupled to unidentified engine type 1-B-B-1 in railroad yard at Stamford, Connecticut. Raised pantograph.</mods:abstract>
   <mods:note type="ownership">Archives &amp; Special Collections at the Thomas J. Dodd Research Center, University of Connecticut Libraries</mods:note>
   <mods:note type="source note">Fred Otto Makowsky papers</mods:note>
   <mods:note>Aug 1934.Title supplied by cataloger.</mods:note>
   <mods:subject>
      <mods:topic>Electric locomotives -- Connecticut -- Stamford</mods:topic>
      <mods:topic>Railroad locomotives -- Connecticut -- Stamford -- 1930-1940</mods:topic>
      <mods:topic>Railroad switching</mods:topic>
      <mods:topic>Railroad shops &amp; yards -- Connecticut -- Stamford</mods:topic>
      <mods:geographic>Stamford (Conn.)</mods:geographic>
      <mods:name type="corporate" authority="local">
         <mods:namePart>New York, New Haven, and Hartford Railroad Company</mods:namePart>
      </mods:name>
   </mods:subject>
   <mods:identifier type="local">Accession number UC18 0937. (OCoLC)ocm49114159</mods:identifier>
   <mods:identifier type="local">UC18 0937-007.jpg</mods:identifier>
   <mods:accessCondition type="use and reproduction">These Materials are provided for educational and research purposes only. The University of Connecticut Libraries hold the copyright except where noted. Permission must be obtained in writing from the University of Connecticut Libraries and/or the owner(s) of the copyright to publish reproductions or quotations beyond "fair use."</mods:accessCondition>
   <mods:accessCondition type="restrictions on access">The collection is open and available for research.</mods:accessCondition>
   <mods:recordInfo>
      <mods:recordContentSource>University of Connecticut Libraries</mods:recordContentSource>
      <mods:recordCreationDate encoding="w3cdtf">2014-09-17-04:00</mods:recordCreationDate>
      <mods:languageOfCataloging>
         <mods:languageTerm authority="iso639-2b" type="code">eng</mods:languageTerm>
      </mods:languageOfCataloging>
      <mods:recordOrigin>This MODS record was migrated from CHO's CONTENTdm, with the following Reference URL: http://images.lib.uconn.edu:81/u?/photographs,420. Other information: transfered to photo collection by wda--1/22/08</mods:recordOrigin>
   </mods:recordInfo>
<identifier xmlns="http://www.loc.gov/mods/v3" type="hdl">http://hdl.handle.net/11134/20002:859920119</identifier></mods:mods></metadata></record><record><header><identifier>oai:drupal-site.org:20002_860166861</identifier><datestamp>2016-07-06T16:54:30Z</datestamp><setSpec>20002_MSS19880010</setSpec></header><metadata><mods:mods xmlns:mods="http://www.loc.gov/mods/v3" xmlns="http://www.loc.gov/mods/v3" xmlns:xsi="http://www.w3.org/2001/XMLSchema-instance" xmlns:xlink="http://www.w3.org/1999/xlink">
  <mods:titleInfo>
    <mods:title>Commencement, College of Agricultural, Health and Natural Resources, 2016</mods:title>
  </mods:titleInfo>
  <mods:name type="corporate" authority="naf" valueURI="https://lccn.loc.gov/n84053081">
    <mods:namePart>University of Connecticut. College of Agriculture and Natural Resources</mods:namePart>
    <mods:role>
      <mods:roleTerm type="text" authority="marcrelator">Creator</mods:roleTerm>
    </mods:role>
  </mods:name>
  <mods:name type="corporate" authority="local">
    <mods:namePart>GradImages</mods:namePart>
  </mods:name>
  <mods:typeOfResource>still image</mods:typeOfResource>
  <mods:genre authority="aat" valueURI="300215302">digital images</mods:genre>
  <mods:genre authority="aat" valueURI="300046300">photographs</mods:genre>
  <mods:originInfo>
    <mods:dateIssued encoding="w3cdtf" keyDate="yes">2016</mods:dateIssued>
  </mods:originInfo>
  <mods:physicalDescription>
    <mods:internetMediaType>image/jpg</mods:internetMediaType>
    <mods:digitalOrigin>born digital</mods:digitalOrigin>
  </mods:physicalDescription>
  <mods:note type="ownership">Archives &amp; Special Collections at the Thomas J. Dodd Research Center, University of Connecticut Libraries</mods:note>
  <mods:note type="source note">University of Connecticut Photograph Collection</mods:note>
  <mods:note type="source identifier">MSS 1988.0010</mods:note>
  <mods:subject>
    <mods:topic authority="fast" valueURI="http://id.worldcat.org/fast/869276">Commencement ceremonies</mods:topic>
    <mods:geographic authority="tgn" valueURI="7014549">Storrs (inhabited place)</mods:geographic>
    <mods:geographic authority="tgn" valueURI="7007159">Connecticut (state)</mods:geographic>
  </mods:subject>
  <mods:identifier type="local">MSS 1988.0010</mods:identifier>
  <mods:accessCondition type="use and reproduction">This work is licensed under a Creative Commons Attribution-NonCommercial 4.0 International License, CC BY-NC.</mods:accessCondition>
  <mods:recordInfo>
    <mods:recordContentSource>University of Connecticut Libraries</mods:recordContentSource>
    <mods:languageOfCataloging>
      <mods:languageTerm type="code" authority="iso639-2b">eng</mods:languageTerm>
    </mods:languageOfCataloging>
  </mods:recordInfo>
<identifier type="hdl">http://hdl.handle.net/11134/20002:860166861</identifier></mods:mods></metadata></record><record><header><identifier>oai:drupal-site.org:20002_1692</identifier><datestamp>2016-02-06T21:50:23Z</datestamp><setSpec>20002_IMTNuremberg</setSpec></header><metadata><mods:mods xmlns:mods="http://www.loc.gov/mods/v3" xmlns:xlink="http://www.w3.org/1999/xlink" xmlns:xsi="http://www.w3.org/2001/XMLSchema-instance" xmlns="http://www.loc.gov/mods/v3" version="3.5" xsi:schemaLocation="http://www.loc.gov/mods/v3 http://www.loc.gov/standards/mods/v3/mods-3-5.xsd">
  <mods:titleInfo>
    <mods:title>Defense of Kaltenbrunner</mods:title>
  </mods:titleInfo>
  <mods:name authority="fast" type="personal" valueURI="http://id.worldcat.org/fast/255922">
    <mods:namePart>Dodd, Thomas J. (Thomas Joseph), 1907-1971</mods:namePart>
    <mods:role>
      <mods:roleTerm authority="marcrelator" type="text">Collector</mods:roleTerm>
    </mods:role>
  </mods:name>
  <mods:typeOfResource>text</mods:typeOfResource>
  <mods:genre authority="aat" valueURI="300027590">legal documents</mods:genre>
  <mods:genre authority="aat" valueURI="300027473">financial records</mods:genre>
  <mods:genre authority="aat" valueURI="300026877">correspondence</mods:genre>
  <mods:genre authority="aat" valueURI="300027425">administrative records</mods:genre>
  <mods:originInfo>
    <mods:dateIssued encoding="w3cdtf" keyDate="yes" point="start">1946-04-05</mods:dateIssued>
    <mods:dateIssued encoding="w3cdtf" keyDate="yes" point="end">1946-04-30</mods:dateIssued>
  </mods:originInfo>
  <mods:physicalDescription>
    <mods:internetMediaType>image/jp2</mods:internetMediaType>
    <mods:digitalOrigin>reformatted digital</mods:digitalOrigin>
  </mods:physicalDescription>
  <mods:abstract>The files are arranged alphabetically by defendant with trial briefs that include detailed biographies of each leader. Each set of defendant files is divided into the prosecution and defense portions of their trial.</mods:abstract>
  <mods:note type="Preferred Citation">Defense of Kaltenbrunner, 304:7763, Thomas J. Dodd Papers. Archives &amp; Special Collections at the Thomas J. Dodd Research Center, University of Connecticut Libraries.</mods:note>
  <mods:subject>
    <mods:topic authority="fast" valueURI="http://id.worldcat.org/fast/1709901">Nuremberg War Crime Trials (Germany : 1946-1949)</mods:topic>
    <mods:topic authority="fast" valueURI="http://id.worldcat.org/fast/917186">Evidence (Law)</mods:topic>
    <mods:topic authority="fast" valueURI="http://id.worldcat.org/fast/1715681">Legal briefs</mods:topic>
    <mods:topic authority="fast" valueURI="http://id.worldcat.org/fast/796238">Actions and defenses</mods:topic>
  </mods:subject>
  <mods:identifier type="local">MSS19940065:304:7763</mods:identifier>
  <mods:accessCondition type="use and reproduction">This work is licensed under a Creative Commons Attribution-NonCommercial 4.0 International License, CC BY-NC.</mods:accessCondition>
  <mods:accessCondition type="use and reproduction" displayLabel="Digital Object Disclaimer">This work is licensed under a Creative Commons Attribution-NonCommercial 4.0 International License, CC BY-NC.</mods:accessCondition>
  <mods:accessCondition type="restrictions on access">The collection is open and available for research.</mods:accessCondition>
  <mods:accessCondition type="use and reproduction" displayLabel="Intellectual Rights Statement">This work is licensed under a Creative Commons Attribution-NonCommercial 4.0 International License, CC BY-NC.</mods:accessCondition>
  <mods:recordInfo>
    <mods:recordCreationDate encoding="w3cdtf">2011-12-16T15:09-0500</mods:recordCreationDate>
    <mods:recordOrigin>This finding aid was produced using the Archivists' Toolkit</mods:recordOrigin>
    <mods:languageOfCataloging>
      <mods:languageTerm type="code" authority="iso639-3">eng</mods:languageTerm>
    </mods:languageOfCataloging>
    <mods:descriptionStandard>Describing Archives: A Content Standard</mods:descriptionStandard>
    <mods:recordContentSource>University of Connecticut Libraries</mods:recordContentSource>
    <mods:languageOfCataloging>
      <mods:languageTerm type="code" authority="iso639-2b">eng</mods:languageTerm>
    </mods:languageOfCataloging>
  </mods:recordInfo>
  <identifier type="hdl">http://hdl.handle.net/11134/20002:1692</identifier>
  <mods:note type="ownership">Archives &amp; Special Collections at the Thomas J. Dodd Research Center, University of Connecticut Libraries</mods:note>
  <mods:note type="source note">Thomas J. Dodd Papers</mods:note>
  <mods:note type="source identifier">MSS 1994.0065</mods:note>
</mods:mods></metadata></record><record><header><identifier>oai:drupal-site.org:20002_859964285</identifier><datestamp>2015-09-01T17:03:51Z</datestamp><setSpec>20002_20100060</setSpec></header><metadata><mods:mods xmlns:mods="http://www.loc.gov/mods/v3" xmlns:xlink="http://www.w3.org/1999/xlink" xmlns:xsi="http://www.w3.org/2001/XMLSchema-instance" xmlns="http://www.loc.gov/mods/v3" version="3.5" xsi:schemaLocation="http://www.loc.gov/mods/v3 http://www.loc.gov/standards/mods/v3/mods-3-5.xsd">
  <mods:titleInfo supplied="yes">
    <mods:title>Goats wander along the outskirts of a camp for internally displaced persons (IDPs) along the border of Chad and Darfur</mods:title>
  </mods:titleInfo>
  <mods:name type="personal" authority="naf" valueURI="http://id.loc.gov/authorities/names/n85151771">
    <mods:namePart>Farrow, Mia, 1945-</mods:namePart>
    <mods:role>
      <mods:roleTerm authority="marcrelator" authorityURI="http://id.loc.gov/vocabulary/relators" valueURI="http://id.loc.gov/vocabulary/relators/cre" type="text">Creator</mods:roleTerm>
    </mods:role>
  </mods:name>
  <mods:typeOfResource>still image</mods:typeOfResource>
  <mods:genre authority="aat" valueURI="300215302">digital images</mods:genre>
  <mods:genre authority="aat" valueURI="300046300">photographs</mods:genre>
  <mods:physicalDescription>
    <mods:internetMediaType>image/tiff</mods:internetMediaType>
    <mods:digitalOrigin>reformatted digital</mods:digitalOrigin>
  </mods:physicalDescription>
  <mods:abstract>Hundreds of thousands of Darfuri people have fled their homeland and sought refugee in neighboring Chad and Central African Republic, where they continue to be subject to attack.</mods:abstract>
  <mods:note type="ownership">Archives &amp; Special Collections at the Thomas J. Dodd Research Center, University of Connecticut Libraries</mods:note>
  <mods:note type="source note">Mia Farrow Collection</mods:note>
  <mods:note type="source note">Collection Code: sudan</mods:note>
  <mods:note>Title supplied by cataloger.</mods:note>
  <mods:subject>
    <mods:geographic>Chad</mods:geographic>
  </mods:subject>
  <mods:identifier type="local">2010-0060_ph1675</mods:identifier>
  <mods:accessCondition type="use and reproduction">These Materials are provided for educational and research purposes only. The University of Connecticut Libraries hold the copyright except where noted. Permission must be obtained in writing from the University of Connecticut Libraries and/or the owner(s) of the copyright to publish reproductions or quotations beyond "fair use."</mods:accessCondition>
  <mods:accessCondition type="restrictions on access">The collection is open and available for research.</mods:accessCondition>
  <mods:recordInfo>
    <mods:recordContentSource>University of Connecticut Libraries</mods:recordContentSource>
    <mods:recordCreationDate encoding="w3cdtf">2014-09-17-04:00</mods:recordCreationDate>
    <mods:languageOfCataloging>
      <mods:languageTerm authority="iso639-2b" type="code">eng</mods:languageTerm>
    </mods:languageOfCataloging>
    <mods:recordOrigin>This MODS record was migrated from CHO's CONTENTdm, with the following Reference URL: http://images.lib.uconn.edu:81/u?/photographs,2136</mods:recordOrigin>
  </mods:recordInfo>
  <identifier type="hdl">http://hdl.handle.net/11134/20002:859964285</identifier>
</mods:mods></metadata></record><record><header><identifier>oai:drupal-site.org:20002_860201737</identifier><datestamp>2016-10-04T16:21:09Z</datestamp><setSpec>20002_19830009SII</setSpec></header><metadata><mods:mods xmlns:mods="http://www.loc.gov/mods/v3" xmlns="http://www.loc.gov/mods/v3" xmlns:xsi="http://www.w3.org/2001/XMLSchema-instance" xmlns:xlink="http://www.w3.org/1999/xlink">
  <mods:targetAudience/>
  <mods:titleInfo>
    <mods:title>Dinner Meetings, 1967</mods:title>
  </mods:titleInfo>
  <mods:name type="personal" authority="naf" valueURI="https://lccn.loc.gov/n92079616">
    <mods:namePart>Woodhouse, Chase Going, 1890-1984</mods:namePart>
    <mods:role>
      <mods:roleTerm type="text" authority="marcrelator">Collector</mods:roleTerm>
    </mods:role>
  </mods:name>
  <mods:typeOfResource>text</mods:typeOfResource>
  <mods:genre authority="aat" valueURI="300027425">adminsitrative records</mods:genre>
  <mods:originInfo>
    <mods:dateIssued encoding="w3cdtf" keyDate="yes">1967</mods:dateIssued>
  </mods:originInfo>
  <mods:physicalDescription>
    <mods:internetMediaType>image/jp2</mods:internetMediaType>
    <mods:digitalOrigin>reformatted digital</mods:digitalOrigin>
  </mods:physicalDescription>
  <mods:note type="ownership">Archives &amp; Special Collections at the Thomas J. Dodd Research Center, University of Connecticut Libraries</mods:note>
  <mods:note type="source note">Chase Going Woodhouse Papers</mods:note>
  <mods:note type="source identifier">MSS 1983.0009</mods:note>
  <mods:subject>
    <mods:topic authority="fast" authorityURI="http://id.worldcat.org/fast/797974">Advisory boards</mods:topic>
    <mods:topic authority="fast" authorityURI="http://id.worldcat.org/fast/1177857">Women in community organization</mods:topic>
   
    <mods:name type="personal" authority="naf" valueURI="https://lccn.loc.gov/n92079616">
      <mods:namePart>Woodhouse, Chase Going, 1890-1984</mods:namePart>
    </mods:name>
  </mods:subject>
  <mods:identifier type="local">MSS 1983.0009</mods:identifier>
  <mods:identifier type="local">39153019711961</mods:identifier>
  <mods:identifier type="local">1983-0009/SeriesII:Auerbach Service Bureau/Meetings/Box12:20</mods:identifier>
  <mods:accessCondition type="use and reproduction">This work is licensed under a Creative Commons Attribution-NonCommercial 4.0 International License, CC BY-NC.</mods:accessCondition>
  <mods:recordInfo>
    <mods:recordContentSource>University of Connecticut Libraries</mods:recordContentSource>
    <mods:languageOfCataloging>
      <mods:languageTerm type="code" authority="iso639-2b">eng</mods:languageTerm>
    </mods:languageOfCataloging>
  </mods:recordInfo>
<identifier type="hdl">http://hdl.handle.net/11134/20002:860201737</identifier></mods:mods></metadata></record><record><header><identifier>oai:drupal-site.org:20002_860136241</identifier><datestamp>2016-04-05T16:44:47Z</datestamp><setSpec>20002_MSS19880010</setSpec></header><metadata><mods:mods xmlns:mods="http://www.loc.gov/mods/v3" xmlns="http://www.loc.gov/mods/v3" xmlns:xsi="http://www.w3.org/2001/XMLSchema-instance" xmlns:xlink="http://www.w3.org/1999/xlink">
  <mods:titleInfo>
    <mods:title>Handicapped Homemaker Project Mrs. Matthews</mods:title>
  </mods:titleInfo>
  <mods:name type="personal" authority="naf" valueURI="http://lccn.loc.gov/n2009161601">
    <mods:namePart>Manter, Jerauld A., 1889-1990</mods:namePart>
    <mods:role>
      <mods:roleTerm type="text" authority="marcrelator">Creator</mods:roleTerm>
    </mods:role>
  </mods:name>
  <mods:typeOfResource>still image</mods:typeOfResource>
  <mods:physicalDescription>
    <mods:internetMediaType>image/jp2</mods:internetMediaType>
    <mods:digitalOrigin>reformatted digital</mods:digitalOrigin>
  </mods:physicalDescription>
  <mods:note type="ownership">Archives &amp; Special Collections at the Thomas J. Dodd Research Center, University of Connecticut Libraries</mods:note>
  <mods:note type="source note">Jerauld A. Manter Photograph Collection, University of Connecticut Photograph Collection</mods:note>
  <mods:note type="source identifier">1988-0010/RG4</mods:note>
  <mods:accessCondition type="use and reproduction">These Materials are provided for educational and research purposes only. The University of Connecticut Libraries hold the copyright except where noted. Permission must be obtained in writing from the University of Connecticut Libraries and/or the owner(s) of the copyright to publish reproductions or quotations beyond "fair use."</mods:accessCondition>
  <mods:recordInfo>
    <mods:recordContentSource>University of Connecticut Libraries</mods:recordContentSource>
    <mods:languageOfCataloging>
      <mods:languageTerm type="code" authority="iso639-2b">eng</mods:languageTerm>
    </mods:languageOfCataloging>
  </mods:recordInfo>
 
  <mods:targetAudience>CHO</mods:targetAudience>
  <mods:genre authority="aat" valueURI="300127173">negatives (photographic)</mods:genre>
  <mods:originInfo>
    <mods:dateIssued encoding="w3cdtf" keyDate="yes" point="start">1956</mods:dateIssued>
    <mods:dateIssued encoding="w3cdtf" point="end">1959</mods:dateIssued>
  </mods:originInfo>
  <mods:subject>
    <mods:topic authority="fast" valueURI="http://id.worldcat.org/fast/1111735">Self-help devices for people with disabilities</mods:topic>
    
    <mods:geographic authority="tgn" valueURI="7014549">Storrs (inhabited place)</mods:geographic>
    <mods:geographic authority="tgn" valueURI="7007159">Connecticut (state)</mods:geographic>
    <mods:name type="corporate" authority="naf" valueURI="http://lccn.loc.gov/n79056688">
      <mods:namePart>University of Connecticut</mods:namePart>
    </mods:name>
   
    <mods:name type="personal" valueURI="http://lccn.loc.gov/n2009161601">
      <mods:namePart>Manter, Jerauld A., 1889-1990</mods:namePart>
    </mods:name>
  </mods:subject>
  <mods:identifier type="local">1988-0010/RG4/Series1/Box448:1204</mods:identifier>
  <mods:identifier type="local">39153019280223</mods:identifier>
  <mods:accessCondition type="restrictions on access">The collection is open and available for research.</mods:accessCondition>
<identifier type="hdl">http://hdl.handle.net/11134/20002:860136241</identifier></mods:mods></metadata></record><record><header><identifier>oai:drupal-site.org:20002_860162624</identifier><datestamp>2016-06-17T15:24:27Z</datestamp><setSpec>20002_MSS19880010</setSpec></header><metadata><mods:mods xmlns:mods="http://www.loc.gov/mods/v3" xmlns="http://www.loc.gov/mods/v3" xmlns:xsi="http://www.w3.org/2001/XMLSchema-instance" xmlns:xlink="http://www.w3.org/1999/xlink">
  <mods:titleInfo>
    <mods:title>Milk inspector at Buell's Farm, Plainfield, Connecticut</mods:title>
  </mods:titleInfo>
  <mods:name type="personal" authority="naf" valueURI="http://lccn.loc.gov/n2009161601">
    <mods:namePart>Manter, Jerauld A., 1889-1990</mods:namePart>
    <mods:role>
      <mods:roleTerm type="text" authority="marcrelator">Creator</mods:roleTerm>
    </mods:role>
  </mods:name>
  <mods:typeOfResource>still image</mods:typeOfResource>
  <mods:physicalDescription>
    <mods:internetMediaType>image/jp2</mods:internetMediaType>
    <mods:digitalOrigin>reformatted digital</mods:digitalOrigin>
  </mods:physicalDescription>
  <mods:note type="ownership">Archives &amp; Special Collections at the Thomas J. Dodd Research Center, University of Connecticut Libraries</mods:note>
  <mods:note type="source note">Jerauld A. Manter Photograph Collection, University of Connecticut Photograph Collection</mods:note>
  <mods:note type="source identifier">1988-0010/RG4</mods:note>
  <mods:accessCondition type="use and reproduction">This work is licensed under a Creative Commons Attribution-NonCommercial 4.0 International License, CC BY-NC.</mods:accessCondition>
  <mods:recordInfo>
    <mods:recordContentSource>University of Connecticut Libraries</mods:recordContentSource>
    <mods:languageOfCataloging>
      <mods:languageTerm type="code" authority="iso639-2b">eng</mods:languageTerm>
    </mods:languageOfCataloging>
  </mods:recordInfo>
  <mods:targetAudience>CHO</mods:targetAudience>
  <mods:genre authority="aat" valueURI="300127173">negatives (photographic)</mods:genre>
  <mods:originInfo>
    <mods:dateIssued encoding="w3cdtf" keyDate="yes">1951</mods:dateIssued>
  </mods:originInfo>
  <mods:subject>
    <mods:topic authority="fast" authorityURI="http://id.worldcat.org/fast/1021615">Milk</mods:topic>
    <mods:topic authority="fast" authorityURI="http://id.worldcat.org/fast/930953">Food inspectors</mods:topic>   
    <mods:geographic authority="tgn" valueURI="2017296">Plainfield (inhabited place)</mods:geographic>
    <mods:geographic authority="tgn" valueURI="7007159">Connecticut (state)</mods:geographic>
    
    <mods:name type="corporate" authority="naf" valueURI="http://lccn.loc.gov/n79056688">
      <mods:namePart>University of Connecticut</mods:namePart>
    </mods:name>
    
    <mods:name type="personal" authority="naf" valueURI="http://lccn.loc.gov/n2009161601">
      <mods:namePart>Manter, Jerauld A., 1889-1990</mods:namePart>
    </mods:name>
  </mods:subject>
  <mods:identifier type="local">1988-0010/RG4/Series1/Box446:976</mods:identifier>
  <mods:identifier type="local">39153019277989</mods:identifier>
  <mods:accessCondition type="restrictions on access">The collection is open and available for research.</mods:accessCondition>
  
<identifier type="hdl">http://hdl.handle.net/11134/20002:860162624</identifier></mods:mods></metadata></record><record><header><identifier>oai:drupal-site.org:20002_860013672</identifier><datestamp>2015-09-01T14:20:36Z</datestamp><setSpec>20002_MSS19880010</setSpec></header><metadata><mods:mods xmlns:mods="http://www.loc.gov/mods/v3" xmlns="http://www.loc.gov/mods/v3" xmlns:xsi="http://www.w3.org/2001/XMLSchema-instance" xmlns:xlink="http://www.w3.org/1999/xlink">
  <mods:titleInfo>
    <mods:title>Horse show</mods:title>
  </mods:titleInfo>
  <mods:name type="personal" authority="naf" valueURI="http://lccn.loc.gov/n2009161601">
    <mods:namePart>Manter, Jerauld A., 1889-1990</mods:namePart>
    <mods:role>
      <mods:roleTerm type="text" authority="marcrelator">Creator</mods:roleTerm>
    </mods:role>
  </mods:name>
  <mods:typeOfResource>still image</mods:typeOfResource>
  <mods:physicalDescription>
    <mods:internetMediaType>image/jp2</mods:internetMediaType>
    <mods:digitalOrigin>reformatted digital</mods:digitalOrigin>
  </mods:physicalDescription>
  <mods:note type="ownership">Archives &amp; Special Collections at the Thomas J. Dodd Research Center, University of Connecticut Libraries</mods:note>
  <mods:note type="source note">Jerauld A. Manter Photograph Collection, University of Connecticut Photograph Collection</mods:note>
  <mods:note type="source identifier">1988-0010/RG4</mods:note>
  <mods:accessCondition type="use and reproduction">These Materials are provided for educational and research purposes only. The University of Connecticut Libraries hold the copyright except where noted. Permission must be obtained in writing from the University of Connecticut Libraries and/or the owner(s) of the copyright to publish reproductions or quotations beyond "fair use."</mods:accessCondition>
  <mods:recordInfo>
    <mods:recordContentSource>University of Connecticut Libraries</mods:recordContentSource>
    <mods:languageOfCataloging>
      <mods:languageTerm type="code" authority="iso639-2b">eng</mods:languageTerm>
    </mods:languageOfCataloging>
  </mods:recordInfo>
  
  <mods:targetAudience>CHO</mods:targetAudience>
  <mods:genre authority="aat" valueURI="300127173">negatives (photographic)</mods:genre>
  <mods:originInfo>
    <mods:dateIssued encoding="w3cdtf" keyDate="yes" point="start">1942</mods:dateIssued>
    <mods:dateIssued encoding="w3cdtf" point="end">1944</mods:dateIssued>
  </mods:originInfo>
  <mods:subject>
    <mods:topic authority="fast" valueURI="http://id.worldcat.org/fast/960524">Horse shows</mods:topic>
    
    <mods:geographic authority="tgn" valueURI="7014549">Storrs (inhabited place)</mods:geographic>
    <mods:geographic authority="tgn" valueURI="7007159">Connecticut (state)</mods:geographic>
    <mods:name type="corporate" authority="naf" valueURI="http://lccn.loc.gov/n79056688">
      <mods:namePart>University of Connecticut</mods:namePart>
    </mods:name>
    
    <mods:name type="personal" valueURI="http://lccn.loc.gov/n2009161601">
      <mods:namePart>Manter, Jerauld A., 1889-1990</mods:namePart>
    </mods:name>
  </mods:subject>
  <mods:identifier type="local">1988-0010/RG4/Series1/Box438:246</mods:identifier>
  <mods:identifier type="local">39153019688888</mods:identifier>
  <mods:accessCondition type="restrictions on access">The collection is open and available for research.</mods:accessCondition>
<identifier type="hdl">http://hdl.handle.net/11134/20002:860013672</identifier></mods:mods></metadata></record><record><header><identifier>oai:drupal-site.org:20002_199713714</identifier><datestamp>2014-12-10T18:10:37Z</datestamp><setSpec>20002_MSS19890073</setSpec></header><metadata><mods:mods xmlns:mods="http://www.loc.gov/mods/v3" xmlns:xlink="http://www.w3.org/1999/xlink" xmlns:xsi="http://www.w3.org/2001/XMLSchema-instance">
   <mods:titleInfo supplied="yes">
      <mods:title>Old Freight House, Railroad Station, Meriden</mods:title>
   </mods:titleInfo>
   <mods:typeOfResource>still image</mods:typeOfResource>
   <mods:genre authority="aat" valueURI="300046300">photographs</mods:genre>
   <mods:originInfo>
      <mods:dateIssued encoding="w3cdtf" keyDate="yes">1916</mods:dateIssued>
   </mods:originInfo>
   <mods:physicalDescription>
      <mods:internetMediaType>image/tiff</mods:internetMediaType>
      <mods:digitalOrigin>reformatted digital</mods:digitalOrigin>
   </mods:physicalDescription>
   <mods:abstract>Brick building with overhang over load doors on right and platform on left.</mods:abstract>
   <mods:targetAudience>CHO</mods:targetAudience>
   <mods:note type="ownership">Archives &amp; Special Collections at the Thomas J. Dodd Research Center, University of Connecticut Libraries</mods:note>
   <mods:note type="source note">Leroy Roberts CT Railroad Station Photograph Collection</mods:note>
   <mods:note type="theme">Infrastructure</mods:note>
   <mods:note>Title supplied by cataloger. Writing with ink on photograph.</mods:note>
   <mods:subject>
      <mods:topic>Railroads -- Buildings and structures</mods:topic>
      <mods:geographic>Meriden (inhabited place)</mods:geographic>
   </mods:subject>
   <mods:identifier type="local">Accession number UC17-0726</mods:identifier>
   <mods:identifier type="local">IMG0005-1579</mods:identifier>
   <mods:location>
      <mods:physicalLocation>Box Greenwich-, ff Meriden/State Street</mods:physicalLocation>
   </mods:location>
   <mods:accessCondition type="use and reproduction">Permission to publish from these Papers must be obtained in writing from both the University of Connecticut Libraries and the owner(s) of the copyright.</mods:accessCondition>
   <mods:accessCondition type="use and reproduction" displayLabel="Digital Object Disclaimer" xlink:href="http://doddcenter.uconn/asc/research/reproduction.htm">This digital object is owned, held, or licensed by the University of Connecticut and is available for non-commercial or education use only. Ownership must be properly cited. Any commercial use of this object without express written permission of the University of Connecticut is strictly prohibited. For more information or to obtain a reproduction of this digital object, contact University Archives &amp; Special Collections.</mods:accessCondition>
   <mods:accessCondition type="use and reproduction" displayLabel="Intellectual Rights Statement">As a publically supported institution, the University of Connecticut Libraries generally does not own rights in its collections. Permission to publish from these papers must be obtained in writing from both the University of Connecticut Libraries and the owner(s) of the copyright. Possible fees may be incurred on the part of the user.</mods:accessCondition>
   <mods:accessCondition type="restrictions on access">The collection is open and available for research.</mods:accessCondition>
   <mods:recordInfo>
      <mods:recordContentSource>University of Connecticut Libraries</mods:recordContentSource>
      <mods:recordCreationDate encoding="w3cdtf">2014-05-28-04:00</mods:recordCreationDate>
      <mods:languageOfCataloging>
         <mods:languageTerm authority="iso639-2b" type="code">eng</mods:languageTerm>
      </mods:languageOfCataloging>
      <mods:recordOrigin>This MODS record was migrated from CHO's CONTENTdm. The object had the following CONTENTdm reference URL: http://images.lib.uconn.edu:81/u?/cho,5653 and CONTENTdm file name: 5848.jp2</mods:recordOrigin>
   </mods:recordInfo>
<identifier xmlns="http://www.loc.gov/mods/v3" type="hdl">http://hdl.handle.net/11134/20002:199713714</identifier></mods:mods></metadata></record><record><header><identifier>oai:drupal-site.org:20002_860235209</identifier><datestamp>2017-01-20T17:08:50Z</datestamp><setSpec>20002_MSS19880010</setSpec></header><metadata><mods:mods xmlns:mods="http://www.loc.gov/mods/v3" xmlns:xlink="http://www.w3.org/1999/xlink" xmlns:xsi="http://www.w3.org/2001/XMLSchema-instance">
   <mods:titleInfo>
      <mods:title>Engineering</mods:title>
   </mods:titleInfo>
   <mods:name type="corporate" authority="lcnaf" valueURI="http://lccn.loc.gov/n79056688">
      <mods:namePart>University of Connecticut</mods:namePart>
      <mods:role>
         <mods:roleTerm authority="marcrelator" authorityURI="http://id.loc.gov/vocabulary/relators" valueURI="http://id.loc.gov/vocabulary/relators/col" type="text">Collector</mods:roleTerm>
      </mods:role>
   </mods:name>
   <mods:typeOfResource>still image</mods:typeOfResource>
   <mods:genre authority="aat" valueURI="">negatives (photographic)</mods:genre>
   <mods:originInfo>
      <mods:dateIssued encoding="w3cdtf" keyDate="yes">1987-10-30</mods:dateIssued>
   </mods:originInfo>
   <mods:physicalDescription>
      <mods:digitalOrigin>reformatted digital</mods:digitalOrigin>
   </mods:physicalDescription>
   <mods:abstract>Cecilia Wandiga, Russell Charles, Andrew Wardley, Dean Harris</mods:abstract>
   <mods:note type="ownership">Archives &amp; Special Collections at the Thomas J. Dodd Research Center, University of Connecticut Libraries</mods:note>
   <mods:subject>
      <mods:topic authority="fast" valueURI="http://id.worldcat.org/fast/867976">College students</mods:topic>
   </mods:subject>
   <mods:subject>
      <mods:topic authority="fast" valueURI="http://id.worldcat.org/fast/872776">Computers</mods:topic>
   </mods:subject>
   <mods:subject>
      <mods:name type="corporate" authority="lcnaf" valueURI="https://lccn.loc.gov/no89009843">
         <mods:namePart>University of Connecticut. School of Engineering</mods:namePart>
      </mods:name>
   </mods:subject>
   <mods:subject>
      <mods:cartographics>
         <mods:coordinates>41.8000,-72.2500</mods:coordinates>
      </mods:cartographics>
   </mods:subject>
   <mods:identifier type="local">1988-0010/RG3/Box 262/64178</mods:identifier>
   <mods:identifier type="local">MSS 1988.0010RG3</mods:identifier>
   <mods:identifier>39153019709023</mods:identifier>
   <mods:identifier type="local"/>
   <mods:identifier type="local">39153019709023_0665</mods:identifier>
   <mods:accessCondition type="use and reproduction">This work is licensed under a Creative Commons Attribution-NonCommercial 4.0 International License, CC BY-NC.</mods:accessCondition>
   <mods:recordInfo>
      <mods:recordContentSource>University of Connecticut Libraries</mods:recordContentSource>
      <mods:recordCreationDate encoding="w3cdtf">2016-12-29-05:00</mods:recordCreationDate>
      <mods:languageOfCataloging>
         <mods:languageTerm authority="iso639-2b" type="code">eng</mods:languageTerm>
      </mods:languageOfCataloging>
      <mods:recordOrigin>This record was created using the spreadsheet workflow.</mods:recordOrigin>
   </mods:recordInfo>
<identifier xmlns="http://www.loc.gov/mods/v3" type="hdl">http://hdl.handle.net/11134/20002:860235209</identifier></mods:mods></metadata></record><record><header><identifier>oai:drupal-site.org:20002_860172364</identifier><datestamp>2016-07-18T14:00:01Z</datestamp><setSpec>20002_MSS19880010</setSpec></header><metadata><mods:mods xmlns:mods="http://www.loc.gov/mods/v3" xmlns="http://www.loc.gov/mods/v3" xmlns:xsi="http://www.w3.org/2001/XMLSchema-instance" xmlns:xlink="http://www.w3.org/1999/xlink">
  <mods:titleInfo>
    <mods:title>Commencement, School of Fine Arts, Undergraduate, 2016</mods:title>
  </mods:titleInfo>
  <mods:name type="corporate" authority="naf" valueURI="https://lccn.loc.gov/n89648213">
    <mods:namePart>University of Connecticut. School of Fine Arts</mods:namePart>
    <mods:role>
      <mods:roleTerm type="text" authority="marcrelator">Creator</mods:roleTerm>
    </mods:role>
  </mods:name>
  <mods:name type="corporate" authority="local">
    <mods:namePart>GradImages</mods:namePart>
  </mods:name>
  <mods:typeOfResource>still image</mods:typeOfResource>
  <mods:genre authority="aat" valueURI="300215302">digital images</mods:genre>
  <mods:genre authority="aat" valueURI="300046300">photographs</mods:genre>
  <mods:originInfo>
    <mods:dateIssued encoding="w3cdtf" keyDate="yes">2016</mods:dateIssued>
  </mods:originInfo>
  <mods:physicalDescription>
    <mods:internetMediaType>image/jpg</mods:internetMediaType>
    <mods:digitalOrigin>born digital</mods:digitalOrigin>
  </mods:physicalDescription>
  <mods:note type="ownership">Archives &amp; Special Collections at the Thomas J. Dodd Research Center, University of Connecticut Libraries</mods:note>
  <mods:note type="source note">University of Connecticut Photograph Collection</mods:note>
  <mods:note type="source identifier">MSS 1988.0010</mods:note>
  <mods:subject>
    <mods:topic authority="fast" valueURI="http://id.worldcat.org/fast/869276">Commencement ceremonies</mods:topic>
    <mods:geographic authority="tgn" valueURI="7014549">Storrs (inhabited place)</mods:geographic>
    <mods:geographic authority="tgn" valueURI="7007159">Connecticut (state)</mods:geographic>
  </mods:subject>
  <mods:identifier type="local">MSS 1988.0010</mods:identifier>
  <mods:accessCondition type="use and reproduction">This work is licensed under a Creative Commons Attribution-NonCommercial 4.0 International License, CC BY-NC.</mods:accessCondition>
  <mods:recordInfo>
    <mods:recordContentSource>University of Connecticut Libraries</mods:recordContentSource>
    <mods:languageOfCataloging>
      <mods:languageTerm type="code" authority="iso639-2b">eng</mods:languageTerm>
    </mods:languageOfCataloging>
  </mods:recordInfo>
<identifier type="hdl">http://hdl.handle.net/11134/20002:860172364</identifier></mods:mods></metadata></record><record><header><identifier>oai:drupal-site.org:20002_859943853</identifier><datestamp>2014-12-17T16:49:51Z</datestamp><setSpec>20002_19880059dj</setSpec></header><metadata><mods:mods xmlns:mods="http://www.loc.gov/mods/v3" xmlns="http://www.loc.gov/mods/v3" xmlns:xsi="http://www.w3.org/2001/XMLSchema-instance" xmlns:xlink="http://www.w3.org/1999/xlink" version="3.5" xsi:schemaLocation="http://www.loc.gov/mods/v3 http://www.loc.gov/standards/mods/v3/mods-3-5.xsd">
  <mods:titleInfo>
    <mods:title>1959</mods:title>
  </mods:titleInfo>
  <mods:name type="personal" authority="naf" valueURI="http://lccn.loc.gov/n92082891">
    <mods:namePart>Waugh, Albert E. (Albert Edmund), 1902-1985</mods:namePart>
    <mods:role>
      <mods:roleTerm type="text" authority="marcrelator">Creator</mods:roleTerm>
    </mods:role>
  </mods:name>
  <mods:typeOfResource>mixed material</mods:typeOfResource>
  <mods:genre authority="aat" valueURI="300027112">diaries</mods:genre>
  <mods:originInfo>
    <mods:dateIssued encoding="w3cdtf" keyDate="yes">1959</mods:dateIssued>
  </mods:originInfo>
  <mods:physicalDescription>
    <mods:digitalOrigin>reformatted digital</mods:digitalOrigin>
    <mods:internetMediaType>image/tiff</mods:internetMediaType>
  </mods:physicalDescription>
  <mods:abstract>The collection contains the personal and professional papers of UConn professor Albert E. Waugh. The papers include professional papers such as convention journals, bulletins, positions taken, and addresses made to the academic conventions. Among the professional papers in the collection are many of Albert Waugh's publications. Included among them is his Master's Thesis, "A Basis for the Computation of Index Numbers of Prices of Farm Products in Connecticut." There are also scrapbooks containing newspaper clippings which relate to Waugh's research, as well as lecture notes and aids used by Waugh during his economics and mathematics lectures. The collection also features a large collection of photographs taken by Waugh, documenting the campus and university events from the 1930s to the 1960s. Among the photographs are images of the campus, banquets celebrating the 50th anniversary of the University, President Jorgensen's inauguration, the opening of the College Theatre, and Trustees' meetings. The files also contain correspondence, both incoming and outgoing, and files devoted to particular people, projects, or events connected to Professor Waugh's interest in sundials.&#13;
&#13;
Among the personal papers that make up the collection are numerous papers that provide valuable insight into Waugh's political views and activities, as well as the political activity in Connecticut during this period. Additionally, the collection contains numerous journals, keep by Waugh for more than four decades, containing Waugh's observations and comments on the University of Connecticut, the town of Storrs, and his family.</mods:abstract>
  <mods:note type="ownership">Archives &amp; Special Collections at the Thomas J. Dodd Research Center, University of Connecticut Libraries</mods:note>
  <mods:note type="biographical/historical">Albert E. Waugh was born in 1902 in  Amherst, Massachusetts. He received a Bachelor of Science degree in economics from  Massachusetts Agricultural College in 1924. He received a Master of Science degree in economics from  Connecticut Agricultural College in 1926. He also attended  Columbia University in 1925 and the  University of Chicago in 1931-1932 and 1942-1943. Waugh was hired as an instructor of agricultural economics at  Connecticut Agricultural College in 1924. He was promoted to Assistant Professor in 1928, Associate Professor in 1932, and Professor in 1937. He served as head of the Department of Economics from 1939 to 1945,and Dean of the College of Arts and Sciences from 1945 to 1950. He became Provost of the  University of Connecticut in 1950, and served in that position until he retired in 1965.&#13;
&#13;
In 1938, Waugh published the textbook, Elements of Statistical Method, and its accompanying laboratory manual. The text was translated into Portugese in 1946; and in 1947, he published  Principles of Economics. He also served on many university committees; including Scholastic Standards, of which he was chairman; The Committee on Athletics; Curricula and Courses Committee; Senate Salary Committee; and Advisory Committee to the President. He was also a member of the University Senate, elected and ex-officio, during most of his years at the University.&#13;
&#13;
In addition to his University commitments, Waugh was also a member of the American Economic Society, the  American Academy of Arts and Sciences, the  American Association of University Professors, and  Phi Kappa Phi. He was an active member of his community as well, serving on the Board of Trustees of the  Windham Community Memorial Hospital, and as Director of the  Willimantic Trust Company. He was well known as the moderator of Mansfield Town Meetings, a service he began in 1941. He served on a number of State commissions; and in 1965, he was chosen by the Republican Party to attend the State Constitutional Convention.&#13;
&#13;
Dr. Waugh died in 1985 at the age of 82.</mods:note>
  <mods:note type="acquisition">The collection was in 1985. Daily Journal (1974-1983) materials were donated in 2010.</mods:note>
  <mods:subject>
    <mods:geographic authority="tgn" valueURI="7007159">Connecticut (state)</mods:geographic>
    <mods:geographic authority="tgn" valueURI="7014549">Storrs (inhabited place)</mods:geographic>
    <mods:name type="corporate" authority="fast" valueURI="http://id.worldcat.org/fast/532983">
      <mods:namePart>University of Connecticut</mods:namePart>
    </mods:name>
    <mods:name type="personal" authority="naf" valueURI="http://lccn.loc.gov/n92082891">
      <mods:namePart>Waugh, Albert E. (Albert Edmund), 1902-1985</mods:namePart>
    </mods:name>
  </mods:subject>
  <mods:identifier type="local">MSS19880059</mods:identifier>
  <mods:identifier type="uri">http://doddcenter.uconn.edu/asc/findaids/Waugh/MSS19880059.html</mods:identifier>
  <mods:accessCondition type="use and reproduction">These Materials are provided for educational and research purposes only. The University of Connecticut Libraries hold the copyright except where noted. Permission must be obtained in writing from the University of Connecticut Libraries and/or the owner(s) of the copyright to publish reproductions or quotations beyond "fair use."</mods:accessCondition>
  <mods:accessCondition type="restrictions on access">The collection is open and available for research.</mods:accessCondition>
  <mods:recordInfo>
    <mods:recordContentSource>University of Connecticut Libraries</mods:recordContentSource>
    <mods:languageOfCataloging>
      <mods:languageTerm type="code" authority="iso639-2b">eng</mods:languageTerm>
    </mods:languageOfCataloging>
  </mods:recordInfo>
  <identifier type="hdl">http://hdl.handle.net/11134/20002:859943853</identifier>
</mods:mods></metadata></record><record><header><identifier>oai:drupal-site.org:20002_860118473</identifier><datestamp>2016-02-24T15:04:17Z</datestamp><setSpec>20002_1990129SOMOvrsgtComm</setSpec></header><metadata><mods:mods xmlns:mods="http://www.loc.gov/mods/v3" xmlns="http://www.loc.gov/mods/v3" xmlns:xsi="http://www.w3.org/2001/XMLSchema-instance" xmlns:xlink="http://www.w3.org/1999/xlink">
  <mods:targetAudience>CHO</mods:targetAudience>
  <mods:titleInfo>
    <mods:title>2009-10-08 Minutes</mods:title>
  </mods:titleInfo>
  <mods:name type="corporate" authority="naf" valueURI="https://lccn.loc.gov/n79089278">
    <mods:namePart>University of Connecticut. Health Center.</mods:namePart>
    <mods:role>
      <mods:roleTerm type="text" authority="marcrelator">Creator</mods:roleTerm>
    </mods:role>
  </mods:name>
  <mods:typeOfResource>text</mods:typeOfResource>
  <mods:genre authority="aat" valueURI="300027440">minutes (administrative records)</mods:genre>
  <mods:originInfo>
    <mods:dateIssued encoding="w3cdtf" keyDate="yes">2009-10-08</mods:dateIssued>
  </mods:originInfo>
  <mods:physicalDescription>
    <mods:internetMediaType>application/pdf</mods:internetMediaType>
    <mods:digitalOrigin>reformatted digital</mods:digitalOrigin>
  </mods:physicalDescription>
  
  <mods:note type="ownership">Archives &amp; Special Collections at the Thomas J. Dodd Research Center, University of Connecticut Libraries</mods:note>
  <mods:note type="source note">University of Connecticut Health Center Records</mods:note>
  <mods:note type="source identifier">MSS 1997.0129</mods:note>
  
    <mods:name type="corporate" authority="naf" valueURI="https://lccn.loc.gov/n79089278">
      <mods:namePart>University of Connecticut. Health Center.</mods:namePart>
    </mods:name>
  <mods:identifier type="local">MSS 1997.0129</mods:identifier>
  <mods:identifier type="local">1997.0129/SOM/Oversight</mods:identifier>
  <mods:accessCondition type="use and reproduction">This work is licensed under a Creative Commons Attribution-NonCommercial 4.0 International License, CC BY-NC.</mods:accessCondition>
  <mods:recordInfo>
    <mods:recordContentSource>University of Connecticut Libraries</mods:recordContentSource>
    <mods:languageOfCataloging>
      <mods:languageTerm type="code" authority="iso639-2b">eng</mods:languageTerm>
    </mods:languageOfCataloging>
  </mods:recordInfo>
<identifier type="hdl">http://hdl.handle.net/11134/20002:860118473</identifier></mods:mods></metadata></record><record><header><identifier>oai:drupal-site.org:20002_860139103</identifier><datestamp>2016-10-31T13:21:20Z</datestamp><setSpec>20002_860135355</setSpec></header><metadata><mods:mods xmlns:mods="http://www.loc.gov/mods/v3" xmlns="http://www.loc.gov/mods/v3" xmlns:xsi="http://www.w3.org/2001/XMLSchema-instance" xmlns:xlink="http://www.w3.org/1999/xlink" version="3.5" xsi:schemaLocation="http://www.loc.gov/mods/v3 http://www.loc.gov/standards/mods/v3/mods-3-5.xsd">
  <mods:titleInfo>
    <mods:title>Girl Peeking Behind Book</mods:title>
  </mods:titleInfo>
  <mods:name type="personal" authority="naf" valueURI="http://id.loc.gov/authorities/names/n97852224">
    <mods:namePart>Romano, U. Roberto</mods:namePart>
    <mods:role>
      <mods:roleTerm type="text" authority="marcrelator">Creator</mods:roleTerm>
    </mods:role>
  </mods:name>
  <mods:typeOfResource>still image</mods:typeOfResource>
  <mods:genre authority="aat" valueURI="300046300">photographs</mods:genre>
  <mods:originInfo>
    <mods:dateIssued encoding="w3cdtf" keyDate="yes">2000</mods:dateIssued>
  </mods:originInfo>
  <mods:physicalDescription>
    <mods:internetMediaType>image/tiff</mods:internetMediaType>
    <mods:digitalOrigin>reformatted digital</mods:digitalOrigin>
  </mods:physicalDescription>
  <mods:abstract>Young girls, most of them ex-carpet children, attend a special RugMark School north of Lahore, Pakistan. For many, this is first school they have ever attended. RugMark provides the uniforms and books that they would normally not be able to afford. In the rug-making capitals of South Asia, the deterrent effect of RugMark inspections, coupled with increased educational opportunities, have led to a dramatic reduction in the use of child labor in the carpet industry. (Punjab, Pakistan, 2000)</mods:abstract>
  <mods:note type="ownership">Archives &amp; Special Collections at the Thomas J. Dodd Research Center, University of Connecticut Libraries</mods:note>
  <mods:note type="acquisition">Over two hundred digital images and thirty-four framed photographic prints were donated by Mr. Romano in 2008/2009. Additional materials were transferred in 2011-2012 and are on deposit.</mods:note>
  <mods:note type="source note">U. Roberto (Robin) Romano Papers, 1971-2011</mods:note>
  <mods:note type="source identifier">2008.0006</mods:note>
  <mods:subject>
    <mods:topic authority="fast" valueURI="http://id.worldcat.org/fast/856519">Children's rights</mods:topic>
    <mods:topic authority="fast" valueURI="http://id.worldcat.org/fast/902499">Education</mods:topic>
    <mods:topic authority="fast" valueURI="http://id.worldcat.org/fast/1101085">Rug and carpet industry</mods:topic>
    <mods:topic authority="fast" valueURI="http://id.worldcat.org/fast/854472">Child labor</mods:topic>
    <mods:geographic authority="tgn" valueURI="1001490">Punjab (province)</mods:geographic>
    <mods:geographic authority="tgn" valueURI="1000133">Pakistan (nation)</mods:geographic>
    <mods:cartographics>
      <mods:coordinates>30 51 37 N  072 19 11 E</mods:coordinates>
    </mods:cartographics>
    <mods:name type="personal" authority="naf" valueURI="https://lccn.loc.gov/n97852224">
      <mods:namePart>Romano, U. Roberto</mods:namePart>
    </mods:name>
  </mods:subject>
  <mods:identifier type="local">6070FN5A.tif</mods:identifier>
  <mods:accessCondition type="use and reproduction">This work is licensed under a Creative Commons Attribution-NonCommercial 4.0 International License, CC BY-NC.</mods:accessCondition>
  <mods:recordInfo>
    <mods:recordContentSource>University of Connecticut Libraries</mods:recordContentSource>
    <mods:languageOfCataloging>
      <mods:languageTerm type="code" authority="iso639-2b">eng</mods:languageTerm>
    </mods:languageOfCataloging>
  </mods:recordInfo>
  <identifier type="hdl">http://hdl.handle.net/11134/20002:860139103</identifier>
</mods:mods></metadata></record><record><header><identifier>oai:drupal-site.org:20002_860231070</identifier><datestamp>2016-12-16T14:13:22Z</datestamp><setSpec>20002_860169623</setSpec></header><metadata><mods:mods xmlns:mods="http://www.loc.gov/mods/v3" xmlns="http://www.loc.gov/mods/v3" xmlns:xsi="http://www.w3.org/2001/XMLSchema-instance" xmlns:xlink="http://www.w3.org/1999/xlink">
  <mods:titleInfo>
    <mods:title>Connecticut Daily Campus, Volume 81, Number 12</mods:title>
  </mods:titleInfo>
  <mods:name type="personal">
    <mods:namePart>Dupuis, Mark</mods:namePart>
    <mods:role>
      <mods:roleTerm authority="marcrelator" type="text">Editor</mods:roleTerm>
    </mods:role>
  </mods:name>
  <mods:typeOfResource>text</mods:typeOfResource>
  <mods:genre authority="aat" valueURI="300026656">newspapers</mods:genre>
  
  <mods:originInfo>
    <mods:publisher>University of Connecticut</mods:publisher>
    <mods:place>
      <mods:placeTerm type="text">Storrs, CT</mods:placeTerm>
    </mods:place>
    <mods:dateIssued encoding="w3cdtf" keyDate="yes">1977-09-27</mods:dateIssued>
    <mods:issuance>serial</mods:issuance>
  </mods:originInfo>
  <mods:accessCondition type="use and reproduction">This work is licensed under a Creative Commons Attribution-NonCommercial 4.0 International License, CC BY-NC.</mods:accessCondition>
  <mods:recordInfo>
    <mods:recordContentSource>University of Connecticut Libraries</mods:recordContentSource>
    <mods:languageOfCataloging>
      <mods:languageTerm type="code" authority="iso639-2b">eng</mods:languageTerm>
    </mods:languageOfCataloging>
  </mods:recordInfo>
<identifier type="hdl">http://hdl.handle.net/11134/20002:860231070</identifier></mods:mods></metadata></record><resumptionToken expirationDate="2017-03-09T16:45:15Z" completeListSize="34302" cursor="4280">1496718906</resumptionToken></ListRecords></OAI-PMH>

