<?xml version="1.0" encoding="UTF-8"?>
<OAI-PMH xmlns:xsi="http://www.w3.org/2001/XMLSchema-instance"  xsi:schemaLocation="http://www.loc.gov/mods/v3 http://www.loc.gov/standards/mods/v3/mods-3-5.xsd http://www.openarchives.org/OAI/2.0/ http://www.openarchives.org/OAI/2.0/OAI-PMH.xsd"  xmlns="http://www.openarchives.org/OAI/2.0/" xmlns:mods="http://www.loc.gov/mods/v3"><responseDate>2017-03-08T16:46:20Z</responseDate><request>http://archives.lib.uconn.edu/oai2</request><ListRecords><record><header><identifier>oai:drupal-site.org:20002_860061050</identifier><datestamp>2016-10-17T23:15:27Z</datestamp><setSpec>20002_MSS19880010</setSpec></header><metadata><mods:mods xmlns:mods="http://www.loc.gov/mods/v3" xmlns="http://www.loc.gov/mods/v3" xmlns:xsi="http://www.w3.org/2001/XMLSchema-instance" xmlns:xlink="http://www.w3.org/1999/xlink">
  <mods:targetAudience>CHO</mods:targetAudience>
  <mods:titleInfo>
    <mods:title>Commencement</mods:title>
  </mods:titleInfo>
  <mods:name authority="local">
    <mods:namePart>Morenus, Peter</mods:namePart>
    <mods:role>
      <mods:roleTerm type="text" authority="marcrelator">Creator</mods:roleTerm>
    </mods:role>
  </mods:name>
  <mods:typeOfResource>still image</mods:typeOfResource>
  <mods:genre authority="aat" valueURI="300046300">photographs</mods:genre>
  <mods:originInfo>
    <mods:dateIssued encoding="w3cdtf" keyDate="yes">2002-05-18</mods:dateIssued>
  </mods:originInfo>
  <mods:physicalDescription>
    <mods:internetMediaType>image/jpeg</mods:internetMediaType>
    <mods:digitalOrigin>born digital</mods:digitalOrigin>
  </mods:physicalDescription>
  <mods:note type="ownership">Archives &amp; Special Collections at the Thomas J. Dodd Research Center, University of Connecticut Libraries</mods:note>
  <mods:note type="source note">University of Connecticut Photograph Collection</mods:note>
  <mods:note type="source identifier">MSS 1988.0010</mods:note>
  <mods:subject>
    <mods:topic authority="fast" valueURI="http://id.worldcat.org/fast/869276">Commencement ceremonies</mods:topic>
    <mods:geographic authority="tgn" valueURI="70145549">Storrs (inhabited place)</mods:geographic>
  </mods:subject>
  <mods:identifier type="local">MSS 1988.0010</mods:identifier>
  <mods:accessCondition type="use and reproduction">These Materials are provided for educational and research purposes only. The University of Connecticut Libraries hold the copyright except where noted. Permission must be obtained in writing from the University of Connecticut Libraries and/or the owner(s) of the copyright to publish reproductions or quotations beyond "fair use."</mods:accessCondition>
  <mods:accessCondition type="restrictions on access">The collection is open and available for research.</mods:accessCondition>
  <mods:recordInfo>
    <mods:recordContentSource>University of Connecticut Libraries</mods:recordContentSource>
    <mods:languageOfCataloging>
      <mods:languageTerm type="code" authority="iso639-2b">eng</mods:languageTerm>
    </mods:languageOfCataloging>
  </mods:recordInfo>
<identifier type="hdl">http://hdl.handle.net/11134/20002:860061050</identifier></mods:mods></metadata></record><record><header><identifier>oai:drupal-site.org:20002_860029435</identifier><datestamp>2016-01-25T15:31:26Z</datestamp><setSpec>20002_MSS19880010</setSpec></header><metadata><mods:mods xmlns:mods="http://www.loc.gov/mods/v3" xmlns="http://www.loc.gov/mods/v3" xmlns:xsi="http://www.w3.org/2001/XMLSchema-instance" xmlns:xlink="http://www.w3.org/1999/xlink" version="3.5" xsi:schemaLocation="http://www.loc.gov/mods/v3 http://www.loc.gov/standards/mods/v3/mods-3-5.xsd">
  <mods:titleInfo>
    <mods:title>Presentation of portrait on the retirement of Roy E. Jones</mods:title>
    <mods:subTitle>Roy Edwin Jones dinner</mods:subTitle>
  </mods:titleInfo>
  <mods:name type="personal" authority="naf" valueURI="http://lccn.loc.gov/n2009161601">
    <mods:namePart>Manter, Jerauld A., 1889-1990</mods:namePart>
    <mods:role>
      <mods:roleTerm type="text" authority="marcrelator">Creator</mods:roleTerm>
    </mods:role>
  </mods:name>
  <mods:typeOfResource>still image</mods:typeOfResource>
  <mods:physicalDescription>
    <mods:internetMediaType>image/jp2</mods:internetMediaType>
    <mods:digitalOrigin>reformatted digital</mods:digitalOrigin>
  </mods:physicalDescription>
  <mods:note type="ownership">Archives &amp; Special Collections at the Thomas J. Dodd Research Center, University of Connecticut Libraries</mods:note>
  <mods:note type="source note">Jerauld A. Manter Photograph Collection, University of Connecticut Photograph Collection</mods:note>
  <mods:note type="source identifier">1988-0010/RG4</mods:note>
  <mods:accessCondition type="use and reproduction">This work is licensed under a Creative Commons Attribution-NonCommercial 4.0 International License, CC BY-NC.</mods:accessCondition>
  <mods:recordInfo>
    <mods:recordContentSource>University of Connecticut Libraries</mods:recordContentSource>
    <mods:languageOfCataloging>
      <mods:languageTerm type="code" authority="iso639-2b">eng</mods:languageTerm>
    </mods:languageOfCataloging>
  </mods:recordInfo>
  <mods:targetAudience>CHO</mods:targetAudience>
  <mods:genre authority="aat" valueURI="300127173">negatives (photographic)</mods:genre>
  <mods:subject>
    <mods:topic authority="fast" authorityURI="http://id.worldcat.org/fast/1096288">Retirement</mods:topic>
    <mods:geographic authority="tgn" valueURI="7014549">Storrs (inhabited place)</mods:geographic>
    <mods:geographic authority="tgn" valueURI="7007159">Connecticut (state)</mods:geographic>
    <mods:name type="corporate" authority="naf" valueURI="http://lccn.loc.gov/n79056688">
      <mods:namePart>University of Connecticut</mods:namePart>
    </mods:name>
    <mods:name type="corporate" authority="naf" valueURI="http://lccn.loc.gov/n92059445">
      <mods:namePart>Connecticut State College</mods:namePart>
    </mods:name>
    <mods:name type="personal" authority="naf" valueURI="http://lccn.loc.gov/n2009161601">
      <mods:namePart>Manter, Jerauld A., 1889-1990</mods:namePart>
    </mods:name>
    <mods:name type="personal" authority="local">
      <mods:namePart>Jones, Roy. E. (Edwin)</mods:namePart>
    </mods:name>
  </mods:subject>
  <mods:identifier type="local">1988-0010/RG4/Series1/Box436:29</mods:identifier>
  <mods:identifier type="local">36153016353830</mods:identifier>
  <mods:accessCondition type="restrictions on access">The collection is open and available for research.</mods:accessCondition>
  <identifier type="hdl">http://hdl.handle.net/11134/20002:860029435</identifier>
  <mods:note type="biographical/historical">Roy E. (Edwin) Jones was the head of the poultry department at the University of Connecticut.</mods:note>
</mods:mods></metadata></record><record><header><identifier>oai:drupal-site.org:20002_860138593</identifier><datestamp>2016-04-14T15:27:24Z</datestamp><setSpec>20002_CG</setSpec></header><metadata><mods:mods xmlns:mods="http://www.loc.gov/mods/v3" xmlns="http://www.loc.gov/mods/v3" xmlns:xsi="http://www.w3.org/2001/XMLSchema-instance" xmlns:xlink="http://www.w3.org/1999/xlink">
  <mods:titleInfo>
    <mods:title>A Guide to the University of Connecticut, Committee of Five Records</mods:title>
  </mods:titleInfo>
  <mods:typeOfResource>text</mods:typeOfResource>
  <mods:genre authority="aat" valueURI="300026539">finding aids</mods:genre>
  <mods:originInfo>
    <mods:dateIssued encoding="w3cdtf" keyDate="yes">1997</mods:dateIssued>
  </mods:originInfo>
  <mods:note type="ownership">Archives &amp; Special Collections at the Thomas J. Dodd Research Center, University of Connecticut Libraries</mods:note>
  <mods:subject>
    <mods:topic>Anti-communist movements</mods:topic>
    <mods:topic>Communists</mods:topic>
    <mods:topic>Education</mods:topic>
    <mods:topic>Political participation</mods:topic>
    <mods:topic>Communism</mods:topic>
    <mods:topic>Academic freedom</mods:topic>
    <mods:geographic>United States (nation)</mods:geographic>
    <mods:geographic>Connecticut (state)</mods:geographic>
  </mods:subject>
  <mods:accessCondition type="use and reproduction">This work is licensed under a Creative Commons Attribution-NonCommercial 4.0 International License, CC BY-NC.</mods:accessCondition>
  <mods:recordInfo>
    <mods:recordContentSource>University of Connecticut Libraries</mods:recordContentSource>
    <mods:languageOfCataloging>
      <mods:languageTerm type="code" authority="iso639-2b">eng</mods:languageTerm>
    </mods:languageOfCataloging>
  </mods:recordInfo>
<identifier type="hdl">http://hdl.handle.net/11134/20002:860138593</identifier></mods:mods></metadata></record><record><header><identifier>oai:drupal-site.org:20002_860202764</identifier><datestamp>2016-10-05T15:24:48Z</datestamp><setSpec>20002_20060251</setSpec></header><metadata><mods:mods xmlns:mods="http://www.loc.gov/mods/v3" xmlns:xlink="http://www.w3.org/1999/xlink" xmlns:xsi="http://www.w3.org/2001/XMLSchema-instance">
   <mods:titleInfo>
      <mods:title>Trolley Car and Missouri Pacific Railroad diesels in New Orelans;Gulf,Mobile and Ohio Railroad diesels in Mobile,Alabama</mods:title>
   </mods:titleInfo>
   <mods:name type="personal" authority="lcnaf" valueURI="https://lccn.loc.gov/n88177242">
      <mods:namePart>Swanberg, J. W. (Jack W.), 1939-</mods:namePart>
      <mods:role>
         <mods:roleTerm authority="marcrelator" authorityURI="http://id.loc.gov/vocabulary/relators" valueURI="http://id.loc.gov/vocabulary/relators/cre" type="text">Creator</mods:roleTerm>
      </mods:role>
   </mods:name>
   <mods:typeOfResource>still image</mods:typeOfResource>
   <mods:genre authority="aat" valueURI="300127173">negatives (photographs)</mods:genre>
   <mods:originInfo>
      <mods:dateIssued encoding="w3cdtf" keyDate="yes">1963-04</mods:dateIssued>
   </mods:originInfo>
   <mods:physicalDescription>
      <mods:digitalOrigin>reformatted digital</mods:digitalOrigin>
   </mods:physicalDescription>
   <mods:abstract>GM&amp;O Ingalls Shipbuilding diesel locomotive</mods:abstract>
   <mods:note type="ownership">Archives &amp; Special Collections at the Thomas J. Dodd Research Center, University of Connecticut Libraries</mods:note>
   <mods:subject>
      <mods:topic authority="fast" valueURI="http://id.worldcat.org/fast/1157316">Trolley cars</mods:topic>
   </mods:subject>
   <mods:subject>
      <mods:topic authority="fast" valueURI="http://id.worldcat.org/fast/893178">Diesel locomotives</mods:topic>
   </mods:subject>
   <mods:subject>
      <mods:name type="corporate" authority="lcnaf" valueURI="https://lccn.loc.gov/n50000516">
         <mods:namePart>Illinois Central Railroad Company</mods:namePart>
      </mods:name>
   </mods:subject>
   <mods:subject>
      <mods:name type="corporate" authority="lcnaf" valueURI="https://lccn.loc.gov/n79093093">
         <mods:namePart>Missouri Pacific Railroad Company</mods:namePart>
      </mods:name>
   </mods:subject>
   <mods:identifier type="local">2006-0251/SeriesIII:Photo/SubseriesB:PhotoNegs/Box7/39153019763046_0273</mods:identifier>
   <mods:identifier type="local">PC-183</mods:identifier>
   <mods:identifier>MSS 2006.0251</mods:identifier>
   <mods:identifier type="local"/>
   <mods:identifier type="local">39153019763046_0274</mods:identifier>
   <mods:accessCondition type="use and reproduction">This work is licensed under a Creative Commons Attribution-NonCommercial 4.0 International License, CC BY-NC.</mods:accessCondition>
   <mods:recordInfo>
      <mods:recordContentSource>University of Connecticut Libraries</mods:recordContentSource>
      <mods:recordCreationDate encoding="w3cdtf">2016-09-16-04:00</mods:recordCreationDate>
      <mods:languageOfCataloging>
         <mods:languageTerm authority="iso639-2b" type="code">eng</mods:languageTerm>
      </mods:languageOfCataloging>
      <mods:recordOrigin>This record was created using the spreadsheet workflow.</mods:recordOrigin>
   </mods:recordInfo>
<identifier xmlns="http://www.loc.gov/mods/v3" type="hdl">http://hdl.handle.net/11134/20002:860202764</identifier></mods:mods></metadata></record><record><header><identifier>oai:drupal-site.org:20002_199713755</identifier><datestamp>2014-12-10T18:10:13Z</datestamp><setSpec>20002_MSS19890073</setSpec></header><metadata><mods:mods xmlns:mods="http://www.loc.gov/mods/v3" xmlns:xlink="http://www.w3.org/1999/xlink" xmlns:xsi="http://www.w3.org/2001/XMLSchema-instance">
   <mods:titleInfo supplied="yes">
      <mods:title>Joseph Mcmahon Bridge, Looking West, Devon</mods:title>
   </mods:titleInfo>
   <mods:typeOfResource>still image</mods:typeOfResource>
   <mods:genre authority="aat" valueURI="300046300">photographs</mods:genre>
   <mods:originInfo>
      <mods:dateIssued encoding="w3cdtf" keyDate="yes" point="start" qualifier="questionable">1900</mods:dateIssued>
      <mods:dateIssued encoding="w3cdtf" keyDate="yes" point="end" qualifier="questionable">1999</mods:dateIssued>
   </mods:originInfo>
   <mods:physicalDescription>
      <mods:internetMediaType>image/tiff</mods:internetMediaType>
      <mods:digitalOrigin>reformatted digital</mods:digitalOrigin>
   </mods:physicalDescription>
   <mods:abstract>Railroad tracks on steel bridge.</mods:abstract>
   <mods:targetAudience>CHO</mods:targetAudience>
   <mods:note type="ownership">Archives &amp; Special Collections at the Thomas J. Dodd Research Center, University of Connecticut Libraries</mods:note>
   <mods:note type="source note">Leroy Roberts CT Railroad Station Photograph Collection</mods:note>
   <mods:note type="theme">Infrastructure</mods:note>
   <mods:note>Title supplied by cataloger. Writing with ink on photograph.</mods:note>
   <mods:subject>
      <mods:topic>Railroad bridges</mods:topic>
      <mods:geographic>Devon (inhabited place)</mods:geographic>
   </mods:subject>
   <mods:identifier type="local">Accession number UC17-0767</mods:identifier>
   <mods:identifier type="local">IMG0087-14548</mods:identifier>
   <mods:location>
      <mods:physicalLocation>Box Greenwich-, ff Milford/Devon</mods:physicalLocation>
   </mods:location>
   <mods:accessCondition type="use and reproduction">Permission to publish from these Papers must be obtained in writing from both the University of Connecticut Libraries and the owner(s) of the copyright.</mods:accessCondition>
   <mods:accessCondition type="use and reproduction" displayLabel="Digital Object Disclaimer" xlink:href="http://doddcenter.uconn/asc/research/reproduction.htm">This digital object is owned, held, or licensed by the University of Connecticut and is available for non-commercial or education use only. Ownership must be properly cited. Any commercial use of this object without express written permission of the University of Connecticut is strictly prohibited. For more information or to obtain a reproduction of this digital object, contact University Archives &amp; Special Collections.</mods:accessCondition>
   <mods:accessCondition type="use and reproduction" displayLabel="Intellectual Rights Statement">As a publically supported institution, the University of Connecticut Libraries generally does not own rights in its collections. Permission to publish from these papers must be obtained in writing from both the University of Connecticut Libraries and the owner(s) of the copyright. Possible fees may be incurred on the part of the user.</mods:accessCondition>
   <mods:accessCondition type="restrictions on access">The collection is open and available for research.</mods:accessCondition>
   <mods:recordInfo>
      <mods:recordContentSource>University of Connecticut Libraries</mods:recordContentSource>
      <mods:recordCreationDate encoding="w3cdtf">2014-05-28-04:00</mods:recordCreationDate>
      <mods:languageOfCataloging>
         <mods:languageTerm authority="iso639-2b" type="code">eng</mods:languageTerm>
      </mods:languageOfCataloging>
      <mods:recordOrigin>This MODS record was migrated from CHO's CONTENTdm. The object had the following CONTENTdm reference URL: http://images.lib.uconn.edu:81/u?/cho,6008 and CONTENTdm file name: 5932.jp2</mods:recordOrigin>
   </mods:recordInfo>
<identifier xmlns="http://www.loc.gov/mods/v3" type="hdl">http://hdl.handle.net/11134/20002:199713755</identifier></mods:mods></metadata></record><record><header><identifier>oai:drupal-site.org:20002_860233388</identifier><datestamp>2017-01-06T17:21:02Z</datestamp><setSpec>20002_MAGICHISMAP</setSpec></header><metadata><mods:mods xmlns:mods="http://www.loc.gov/mods/v3" xmlns="http://www.loc.gov/mods/v3" xmlns:xsi="http://www.w3.org/2001/XMLSchema-instance" xmlns:xlink="http://www.w3.org/1999/xlink">
  <mods:targetAudience displayLabel="GEO">GEO</mods:targetAudience>
  <mods:titleInfo>
    <mods:title>Newburyport &amp; Ipswich &amp; Essex and Annisquam, Mass.</mods:title>
  </mods:titleInfo>
  <mods:name type="personal" authority="naf" valueURI="http://id.loc.gov/authorities/names/no2014029359">
    <mods:namePart>Eldridge, Geo. W. (George Washington), 1845-1914</mods:namePart>
    <mods:role>
      <mods:roleTerm type="text" authority="marcrelator">Creator</mods:roleTerm>
    </mods:role>
  </mods:name>
  <mods:typeOfResource>cartographic</mods:typeOfResource>
  <mods:genre authority="aat" valueURI="300028233">historical maps</mods:genre>
  <mods:genre authority="aat" valueURI="300028325">nautical charts</mods:genre>
  <mods:originInfo>
    <mods:place>
      <mods:placeTerm type="text">Vineyard Haven, Massachusetts</mods:placeTerm>
    </mods:place>
    <mods:publisher>G.W. Eldridge</mods:publisher>
    <mods:dateIssued encoding="w3cdtf" keyDate="yes">1908</mods:dateIssued>
  </mods:originInfo>
  <mods:physicalDescription>
    <mods:form>black and white map</mods:form>
    <mods:digitalOrigin>reformatted digital</mods:digitalOrigin>
  </mods:physicalDescription>
  <mods:abstract>Harbour Charts of Newburyport, Ipswich, Essex and Annisquam in Massachusetts. Includes References and Buoys.</mods:abstract>
  <mods:note type="ownership">Archives &amp; Special Collections at the Thomas J. Dodd Research Center, University of Connecticut Libraries</mods:note>
  <mods:subject>
    <mods:topic authority="fast" valueURI="http://id.worldcat.org/fast/848025">Cartography</mods:topic>
    <mods:topic authority="fast" valueURI="http://id.worldcat.org/fast/1034762">Nautical charts</mods:topic>
    <mods:geographic authority="tgn" valueURI="7014220">Newburyport (inhabited place)</mods:geographic>
    <mods:geographic authority="tgn" valueURI="2049964">Ipswich (inhabited place)</mods:geographic>
    <mods:geographic authority="tgn" valueURI="2049752">Essex (inhabited place)</mods:geographic>
  </mods:subject>
  <mods:accessCondition type="use and reproduction">This work is licensed under a Creative Commons Attribution-NonCommercial 4.0 International License, CC BY-NC.</mods:accessCondition>
  <mods:recordInfo>
    <mods:recordContentSource>University of Connecticut Libraries</mods:recordContentSource>
    <mods:languageOfCataloging>
      <mods:languageTerm type="code" authority="iso639-2b">eng</mods:languageTerm>
    </mods:languageOfCataloging>
  </mods:recordInfo>
<identifier type="hdl">http://hdl.handle.net/11134/20002:860233388</identifier></mods:mods></metadata></record><record><header><identifier>oai:drupal-site.org:20002_860166881</identifier><datestamp>2016-07-06T16:56:05Z</datestamp><setSpec>20002_MSS19880010</setSpec></header><metadata><mods:mods xmlns:mods="http://www.loc.gov/mods/v3" xmlns="http://www.loc.gov/mods/v3" xmlns:xsi="http://www.w3.org/2001/XMLSchema-instance" xmlns:xlink="http://www.w3.org/1999/xlink">
  <mods:titleInfo>
    <mods:title>Commencement, College of Agricultural, Health and Natural Resources, 2016</mods:title>
  </mods:titleInfo>
  <mods:name type="corporate" authority="naf" valueURI="https://lccn.loc.gov/n84053081">
    <mods:namePart>University of Connecticut. College of Agriculture and Natural Resources</mods:namePart>
    <mods:role>
      <mods:roleTerm type="text" authority="marcrelator">Creator</mods:roleTerm>
    </mods:role>
  </mods:name>
  <mods:name type="corporate" authority="local">
    <mods:namePart>GradImages</mods:namePart>
  </mods:name>
  <mods:typeOfResource>still image</mods:typeOfResource>
  <mods:genre authority="aat" valueURI="300215302">digital images</mods:genre>
  <mods:genre authority="aat" valueURI="300046300">photographs</mods:genre>
  <mods:originInfo>
    <mods:dateIssued encoding="w3cdtf" keyDate="yes">2016</mods:dateIssued>
  </mods:originInfo>
  <mods:physicalDescription>
    <mods:internetMediaType>image/jpg</mods:internetMediaType>
    <mods:digitalOrigin>born digital</mods:digitalOrigin>
  </mods:physicalDescription>
  <mods:note type="ownership">Archives &amp; Special Collections at the Thomas J. Dodd Research Center, University of Connecticut Libraries</mods:note>
  <mods:note type="source note">University of Connecticut Photograph Collection</mods:note>
  <mods:note type="source identifier">MSS 1988.0010</mods:note>
  <mods:subject>
    <mods:topic authority="fast" valueURI="http://id.worldcat.org/fast/869276">Commencement ceremonies</mods:topic>
    <mods:geographic authority="tgn" valueURI="7014549">Storrs (inhabited place)</mods:geographic>
    <mods:geographic authority="tgn" valueURI="7007159">Connecticut (state)</mods:geographic>
  </mods:subject>
  <mods:identifier type="local">MSS 1988.0010</mods:identifier>
  <mods:accessCondition type="use and reproduction">This work is licensed under a Creative Commons Attribution-NonCommercial 4.0 International License, CC BY-NC.</mods:accessCondition>
  <mods:recordInfo>
    <mods:recordContentSource>University of Connecticut Libraries</mods:recordContentSource>
    <mods:languageOfCataloging>
      <mods:languageTerm type="code" authority="iso639-2b">eng</mods:languageTerm>
    </mods:languageOfCataloging>
  </mods:recordInfo>
<identifier type="hdl">http://hdl.handle.net/11134/20002:860166881</identifier></mods:mods></metadata></record><record><header><identifier>oai:drupal-site.org:20002_860137605</identifier><datestamp>2016-04-11T12:41:46Z</datestamp><setSpec>20002_MSS19880010</setSpec></header><metadata><mods:mods xmlns:mods="http://www.loc.gov/mods/v3" xmlns="http://www.loc.gov/mods/v3" xmlns:xsi="http://www.w3.org/2001/XMLSchema-instance" xmlns:xlink="http://www.w3.org/1999/xlink">
  <mods:titleInfo>
    <mods:title>Handicapped Homemaker Project Day</mods:title>
  </mods:titleInfo>
  <mods:name type="personal" authority="naf" valueURI="http://lccn.loc.gov/n2009161601">
    <mods:namePart>Manter, Jerauld A., 1889-1990</mods:namePart>
    <mods:role>
      <mods:roleTerm type="text" authority="marcrelator">Creator</mods:roleTerm>
    </mods:role>
  </mods:name>
  <mods:typeOfResource>still image</mods:typeOfResource>
  <mods:physicalDescription>
    <mods:internetMediaType>image/jp2</mods:internetMediaType>
    <mods:digitalOrigin>reformatted digital</mods:digitalOrigin>
  </mods:physicalDescription>
  <mods:note type="ownership">Archives &amp; Special Collections at the Thomas J. Dodd Research Center, University of Connecticut Libraries</mods:note>
  <mods:note type="source note">Jerauld A. Manter Photograph Collection, University of Connecticut Photograph Collection</mods:note>
  <mods:note type="source identifier">1988-0010/RG4</mods:note>
  <mods:accessCondition type="use and reproduction">These Materials are provided for educational and research purposes only. The University of Connecticut Libraries hold the copyright except where noted. Permission must be obtained in writing from the University of Connecticut Libraries and/or the owner(s) of the copyright to publish reproductions or quotations beyond "fair use."</mods:accessCondition>
  <mods:recordInfo>
    <mods:recordContentSource>University of Connecticut Libraries</mods:recordContentSource>
    <mods:languageOfCataloging>
      <mods:languageTerm type="code" authority="iso639-2b">eng</mods:languageTerm>
    </mods:languageOfCataloging>
  </mods:recordInfo>
 
  <mods:targetAudience>CHO</mods:targetAudience>
  <mods:genre authority="aat" valueURI="300127173">negatives (photographic)</mods:genre>
  <mods:originInfo>
    <mods:dateIssued encoding="w3cdtf" keyDate="yes" point="start">1956</mods:dateIssued>
    <mods:dateIssued encoding="w3cdtf" point="end">1959</mods:dateIssued>
  </mods:originInfo>
  <mods:subject>
    <mods:topic authority="fast" valueURI="http://id.worldcat.org/fast/1057245">People with disabilities</mods:topic>
    
    <mods:geographic authority="tgn" valueURI="7014549">Storrs (inhabited place)</mods:geographic>
    <mods:geographic authority="tgn" valueURI="7007159">Connecticut (state)</mods:geographic>
    <mods:name type="corporate" authority="naf" valueURI="http://lccn.loc.gov/n79056688">
      <mods:namePart>University of Connecticut</mods:namePart>
    </mods:name>
   
    <mods:name type="personal" valueURI="http://lccn.loc.gov/n2009161601">
      <mods:namePart>Manter, Jerauld A., 1889-1990</mods:namePart>
    </mods:name>
  </mods:subject>
  <mods:identifier type="local">1988-0010/RG4/Series1/Box448:1196</mods:identifier>
  <mods:identifier type="local">39153019280140</mods:identifier>
  <mods:accessCondition type="restrictions on access">The collection is open and available for research.</mods:accessCondition>
<identifier type="hdl">http://hdl.handle.net/11134/20002:860137605</identifier></mods:mods></metadata></record><record><header><identifier>oai:drupal-site.org:20002_860074268</identifier><datestamp>2016-06-17T16:11:44Z</datestamp><setSpec>20002_MSS19880010</setSpec></header><metadata><mods:mods xmlns:mods="http://www.loc.gov/mods/v3" xmlns="http://www.loc.gov/mods/v3" xmlns:xsi="http://www.w3.org/2001/XMLSchema-instance" xmlns:xlink="http://www.w3.org/1999/xlink" version="3.5" xsi:schemaLocation="http://www.loc.gov/mods/v3 http://www.loc.gov/standards/mods/v3/mods-3-5.xsd">
  <mods:titleInfo>
    <mods:title>4-H Dress Winners</mods:title>
  </mods:titleInfo>
  <mods:name type="personal" authority="naf" valueURI="http://lccn.loc.gov/n2009161601">
    <mods:namePart>Manter, Jerauld A., 1889-1990</mods:namePart>
    <mods:role>
      <mods:roleTerm type="text" authority="marcrelator">Creator</mods:roleTerm>
    </mods:role>
  </mods:name>
  <mods:typeOfResource>still image</mods:typeOfResource>
  <mods:physicalDescription>
    <mods:internetMediaType>image/jp2</mods:internetMediaType>
    <mods:digitalOrigin>reformatted digital</mods:digitalOrigin>
    <mods:form>black and white</mods:form>
  </mods:physicalDescription>
  <mods:note type="ownership">Archives &amp; Special Collections at the Thomas J. Dodd Research Center, University of Connecticut Libraries</mods:note>
  <mods:note type="source note">Jerauld A. Manter Photograph Collection, University of Connecticut Photograph Collection</mods:note>
  <mods:note type="source identifier">1988-0010/RG4</mods:note>
  <mods:accessCondition type="use and reproduction">This work is licensed under a Creative Commons Attribution-NonCommercial 4.0 International License, CC BY-NC.</mods:accessCondition>
  <mods:recordInfo>
    <mods:recordContentSource>University of Connecticut Libraries</mods:recordContentSource>
    <mods:languageOfCataloging>
      <mods:languageTerm type="code" authority="iso639-2b">eng</mods:languageTerm>
    </mods:languageOfCataloging>
  </mods:recordInfo>
  <mods:targetAudience>CHO</mods:targetAudience>
  <mods:genre authority="aat" valueURI="300127173">negatives (photographic)</mods:genre>
  <mods:originInfo>
    <mods:dateIssued encoding="w3cdtf" keyDate="yes">1946</mods:dateIssued>
  </mods:originInfo>
  <mods:subject>
    <mods:topic authority="fast" authorityURI="http://id.worldcat.org/fast/793713" valueURI="http://id.worldcat.org/fast/793713">4-H clubs</mods:topic>
    <mods:topic authority="fast" authorityURI="http://id.worldcat.org/fast/897995" valueURI="http://id.worldcat.org/fast/897995">Dresses</mods:topic>
    <mods:topic authority="fast" authorityURI="http://id.worldcat.org/fast/876656" valueURI="http://id.worldcat.org/fast/876656">Contests</mods:topic>
    <mods:geographic authority="tgn" valueURI="7014549">Storrs (inhabited place)</mods:geographic>
    <mods:geographic authority="tgn" valueURI="7007159">Connecticut (state)</mods:geographic>
    <mods:name type="corporate" authority="naf" valueURI="http://lccn.loc.gov/n79056688">
      <mods:namePart>University of Connecticut</mods:namePart>
    </mods:name>
    <mods:name type="personal" authority="naf" valueURI="http://lccn.loc.gov/n2009161601">
      <mods:namePart>Manter, Jerauld A., 1889-1990</mods:namePart>
    </mods:name>
    <mods:cartographics>
      <mods:coordinates>41.8000, -72.2500</mods:coordinates>
    </mods:cartographics>
  </mods:subject>
  <mods:identifier type="local">1988-0010/RG4/Series1/Box 441:458</mods:identifier>
  <mods:identifier type="local">39153019691247</mods:identifier>
  <mods:accessCondition type="restrictions on access">The collection is open and available for research.</mods:accessCondition>
  <identifier type="hdl">http://hdl.handle.net/11134/20002:860074268</identifier>
  <mods:titleInfo type="alternative">
    <mods:title>4-H Member</mods:title>
  </mods:titleInfo>
  <mods:abstract>Woman standing on steps outside a brick building, wearing a light belted dress with a lizard pin, gloves, and hat. She is one of the winners of the 4-H dressmaking contest.</mods:abstract>
</mods:mods></metadata></record><record><header><identifier>oai:drupal-site.org:20002_860200757</identifier><datestamp>2016-09-23T18:48:15Z</datestamp><setSpec>20002_20060251</setSpec></header><metadata><mods:mods xmlns:mods="http://www.loc.gov/mods/v3" xmlns:xlink="http://www.w3.org/1999/xlink" xmlns:xsi="http://www.w3.org/2001/XMLSchema-instance">
   <mods:titleInfo>
      <mods:title>New Haven Railroad electric locomotives, 1958 May 29</mods:title>
   </mods:titleInfo>
   <mods:name type="personal" authority="lcnaf" valueURI="https://lccn.loc.gov/n88177242">
      <mods:namePart>Swanberg, J. W. (Jack W.), 1939-</mods:namePart>
      <mods:role>
         <mods:roleTerm authority="marcrelator" authorityURI="http://id.loc.gov/vocabulary/relators" valueURI="http://id.loc.gov/vocabulary/relators/cre" type="text">Creator</mods:roleTerm>
      </mods:role>
   </mods:name>
   <mods:typeOfResource>still image</mods:typeOfResource>
   <mods:genre authority="aat" valueURI="300127173">negatives (photographs)</mods:genre>
   <mods:originInfo>
      <mods:dateIssued encoding="w3cdtf" keyDate="yes">1958-05-29</mods:dateIssued>
   </mods:originInfo>
   <mods:physicalDescription>
      <mods:digitalOrigin>reformatted digital</mods:digitalOrigin>
   </mods:physicalDescription>
   <mods:abstract>New Haven Railroad stored EP-2s, EF-2, EF-1, EF-3s, EP-4, EY-2s at Van Nest, New York; also includes New York Central Railroad Putnam Division RS-3, at Sedgewick Avenue in the Bronx, New York (line abandoned thereafter)</mods:abstract>
   <mods:note type="ownership">Archives &amp; Special Collections at the Thomas J. Dodd Research Center, University of Connecticut Libraries</mods:note>
   <mods:subject>
      <mods:topic authority="fast" valueURI="http://id.worldcat.org/fast/905143">Electric locomotives</mods:topic>
   </mods:subject>
   <mods:subject>
      <mods:name type="corporate" authority="lcnaf" valueURI="https://lccn.loc.gov/n86134559">
         <mods:namePart>New York, New Haven, and Hartford Railroad Company</mods:namePart>
      </mods:name>
   </mods:subject>
   <mods:identifier type="local">2006-0251/SeriesIII:Photo/SubseriesB:PhotoNegs/Box6/39153019273707_0010</mods:identifier>
   <mods:identifier type="local">PC-66</mods:identifier>
   <mods:identifier>MSS 2006.0251</mods:identifier>
   <mods:identifier type="local"/>
   <mods:identifier type="local">39153019273707_0010</mods:identifier>
   <mods:accessCondition type="use and reproduction">This work is licensed under a Creative Commons Attribution-NonCommercial 4.0 International License, CC BY-NC.</mods:accessCondition>
   <mods:recordInfo>
      <mods:recordContentSource>University of Connecticut Libraries</mods:recordContentSource>
      <mods:recordCreationDate encoding="w3cdtf">2016-09-20-04:00</mods:recordCreationDate>
      <mods:languageOfCataloging>
         <mods:languageTerm authority="iso639-2b" type="code">eng</mods:languageTerm>
      </mods:languageOfCataloging>
      <mods:recordOrigin>This record was created using the spreadsheet workflow.</mods:recordOrigin>
   </mods:recordInfo>
<identifier xmlns="http://www.loc.gov/mods/v3" type="hdl">http://hdl.handle.net/11134/20002:860200757</identifier></mods:mods></metadata></record><record><header><identifier>oai:drupal-site.org:20002_860200549</identifier><datestamp>2016-09-23T15:41:50Z</datestamp><setSpec>20002_20060251</setSpec></header><metadata><mods:mods xmlns:mods="http://www.loc.gov/mods/v3" xmlns:xlink="http://www.w3.org/1999/xlink" xmlns:xsi="http://www.w3.org/2001/XMLSchema-instance">
   <mods:titleInfo>
      <mods:title>Canadian National Railway steam locomotives, 1958 September</mods:title>
   </mods:titleInfo>
   <mods:name type="personal" authority="lcnaf" valueURI="https://lccn.loc.gov/n88177242">
      <mods:namePart>Swanberg, J. W. (Jack W.), 1939-</mods:namePart>
      <mods:role>
         <mods:roleTerm authority="marcrelator" authorityURI="http://id.loc.gov/vocabulary/relators" valueURI="http://id.loc.gov/vocabulary/relators/cre" type="text">Creator</mods:roleTerm>
      </mods:role>
   </mods:name>
   <mods:typeOfResource>still image</mods:typeOfResource>
   <mods:genre authority="aat" valueURI="300127173">negatives (photographs)</mods:genre>
   <mods:originInfo>
      <mods:dateIssued encoding="w3cdtf" keyDate="yes">1958-09</mods:dateIssued>
   </mods:originInfo>
   <mods:physicalDescription>
      <mods:digitalOrigin>reformatted digital</mods:digitalOrigin>
   </mods:physicalDescription>
   <mods:abstract>Canadian National Railway steam locomotives at Stratford, Ontario, Canada; Grand River Railway electric locomotive in Ontario, Canada</mods:abstract>
   <mods:note type="ownership">Archives &amp; Special Collections at the Thomas J. Dodd Research Center, University of Connecticut Libraries</mods:note>
   <mods:subject>
      <mods:topic authority="fast" valueURI="http://id.worldcat.org/fast/1132241">Steam locomotives</mods:topic>
   </mods:subject>
   <mods:subject>
      <mods:name type="corporate" authority="lcnaf" valueURI="https://lccn.loc.gov/n83178313">
         <mods:namePart>Canadian National</mods:namePart>
      </mods:name>
   </mods:subject>
   <mods:subject>
      <mods:cartographics>
         <mods:coordinates>50.0000,-86.0000</mods:coordinates>
      </mods:cartographics>
   </mods:subject>
   <mods:identifier type="local">2006-0251/SeriesIII:Photo/SubseriesB:PhotoNegs/Box6/39153019273483_0004</mods:identifier>
   <mods:identifier type="local">PC-44</mods:identifier>
   <mods:identifier>MSS 2006.0251</mods:identifier>
   <mods:identifier type="local"/>
   <mods:identifier type="local">39153019273483_0004</mods:identifier>
   <mods:accessCondition type="use and reproduction">This work is licensed under a Creative Commons Attribution-NonCommercial 4.0 International License, CC BY-NC.</mods:accessCondition>
   <mods:recordInfo>
      <mods:recordContentSource>University of Connecticut Libraries</mods:recordContentSource>
      <mods:recordCreationDate encoding="w3cdtf">2016-09-20-04:00</mods:recordCreationDate>
      <mods:languageOfCataloging>
         <mods:languageTerm authority="iso639-2b" type="code">eng</mods:languageTerm>
      </mods:languageOfCataloging>
      <mods:recordOrigin>This record was created using the spreadsheet workflow.</mods:recordOrigin>
   </mods:recordInfo>
<identifier xmlns="http://www.loc.gov/mods/v3" type="hdl">http://hdl.handle.net/11134/20002:860200549</identifier></mods:mods></metadata></record><record><header><identifier>oai:drupal-site.org:20002_860200451</identifier><datestamp>2016-09-23T14:46:12Z</datestamp><setSpec>20002_20060251</setSpec></header><metadata><mods:mods xmlns:mods="http://www.loc.gov/mods/v3" xmlns:xlink="http://www.w3.org/1999/xlink" xmlns:xsi="http://www.w3.org/2001/XMLSchema-instance">
   <mods:titleInfo>
      <mods:title>Norfolk &amp; Western Railway steam locomotives, 1958 September 16-17</mods:title>
   </mods:titleInfo>
   <mods:name type="personal" authority="lcnaf" valueURI="https://lccn.loc.gov/n88177242">
      <mods:namePart>Swanberg, J. W. (Jack W.), 1939-</mods:namePart>
      <mods:role>
         <mods:roleTerm authority="marcrelator" authorityURI="http://id.loc.gov/vocabulary/relators" valueURI="http://id.loc.gov/vocabulary/relators/cre" type="text">Creator</mods:roleTerm>
      </mods:role>
   </mods:name>
   <mods:typeOfResource>still image</mods:typeOfResource>
   <mods:genre authority="aat" valueURI="300127173">negatives (photographs)</mods:genre>
   <mods:originInfo>
      <mods:dateIssued encoding="w3cdtf" keyDate="yes">1958-09-16</mods:dateIssued>
      <mods:dateIssued encoding="w3cdtf">1958-09-17</mods:dateIssued>
   </mods:originInfo>
   <mods:physicalDescription>
      <mods:digitalOrigin>reformatted digital</mods:digitalOrigin>
   </mods:physicalDescription>
   <mods:abstract>Located on Blue Ridge grade near Roanoke, Virginia; also includes Atlantic Coast Line Railroad diesel 524</mods:abstract>
   <mods:note type="ownership">Archives &amp; Special Collections at the Thomas J. Dodd Research Center, University of Connecticut Libraries</mods:note>
   <mods:subject>
      <mods:topic authority="fast" valueURI="http://id.worldcat.org/fast/1132241">Steam locomotives</mods:topic>
   </mods:subject>
   <mods:subject>
      <mods:name type="corporate" authority="lcnaf" valueURI="https://lccn.loc.gov/n82122355">
         <mods:namePart>Norfolk and Western Railroad Company</mods:namePart>
      </mods:name>
   </mods:subject>
   <mods:identifier type="local">2006-0251/SeriesIII:Photo/SubseriesB:PhotoNegs/Box6/39153019273442_0002</mods:identifier>
   <mods:identifier type="local">PC-40</mods:identifier>
   <mods:identifier>MSS 2006.0251</mods:identifier>
   <mods:identifier type="local"/>
   <mods:identifier type="local">39153019273442_0002</mods:identifier>
   <mods:accessCondition type="use and reproduction">This work is licensed under a Creative Commons Attribution-NonCommercial 4.0 International License, CC BY-NC.</mods:accessCondition>
   <mods:recordInfo>
      <mods:recordContentSource>University of Connecticut Libraries</mods:recordContentSource>
      <mods:recordCreationDate encoding="w3cdtf">2016-09-20-04:00</mods:recordCreationDate>
      <mods:languageOfCataloging>
         <mods:languageTerm authority="iso639-2b" type="code">eng</mods:languageTerm>
      </mods:languageOfCataloging>
      <mods:recordOrigin>This record was created using the spreadsheet workflow.</mods:recordOrigin>
   </mods:recordInfo>
<identifier xmlns="http://www.loc.gov/mods/v3" type="hdl">http://hdl.handle.net/11134/20002:860200451</identifier></mods:mods></metadata></record><record><header><identifier>oai:drupal-site.org:20002_860138272</identifier><datestamp>2016-04-26T03:34:11Z</datestamp><setSpec>20002_MSS19880010</setSpec></header><metadata><mods:mods xmlns:mods="http://www.loc.gov/mods/v3" xmlns="http://www.loc.gov/mods/v3" xmlns:xsi="http://www.w3.org/2001/XMLSchema-instance" xmlns:xlink="http://www.w3.org/1999/xlink">
  <mods:titleInfo>
    <mods:title>Handicapped Homemaker Project Mrs Oulette</mods:title>
  </mods:titleInfo>
  <mods:name type="personal" authority="naf" valueURI="http://lccn.loc.gov/n2009161601">
    <mods:namePart>Manter, Jerauld A., 1889-1990</mods:namePart>
    <mods:role>
      <mods:roleTerm type="text" authority="marcrelator">Creator</mods:roleTerm>
    </mods:role>
  </mods:name>
  <mods:typeOfResource>still image</mods:typeOfResource>
  <mods:physicalDescription>
    <mods:internetMediaType>image/jp2</mods:internetMediaType>
    <mods:digitalOrigin>reformatted digital</mods:digitalOrigin>
  </mods:physicalDescription>
  <mods:note type="ownership">Archives &amp; Special Collections at the Thomas J. Dodd Research Center, University of Connecticut Libraries</mods:note>
  <mods:note type="source note">Jerauld A. Manter Photograph Collection, University of Connecticut Photograph Collection</mods:note>
  <mods:note type="source identifier">1988-0010/RG4</mods:note>
  <mods:accessCondition type="use and reproduction">These Materials are provided for educational and research purposes only. The University of Connecticut Libraries hold the copyright except where noted. Permission must be obtained in writing from the University of Connecticut Libraries and/or the owner(s) of the copyright to publish reproductions or quotations beyond "fair use."</mods:accessCondition>
  <mods:recordInfo>
    <mods:recordContentSource>University of Connecticut Libraries</mods:recordContentSource>
    <mods:languageOfCataloging>
      <mods:languageTerm type="code" authority="iso639-2b">eng</mods:languageTerm>
    </mods:languageOfCataloging>
  </mods:recordInfo>
 
  <mods:targetAudience>CHO</mods:targetAudience>
  <mods:genre authority="aat" valueURI="300127173">negatives (photographic)</mods:genre>
  <mods:originInfo>
    <mods:dateIssued encoding="w3cdtf" keyDate="yes" point="start">1956</mods:dateIssued>
    <mods:dateIssued encoding="w3cdtf" point="end">1959</mods:dateIssued>
  </mods:originInfo>
  <mods:subject>
    <mods:topic authority="fast" valueURI="http://id.worldcat.org/fast/1057245">People with disabilities</mods:topic>
    <mods:topic authority="fast" valueURI="http://id.worldcat.org/fast/1178680">Women with disabilities</mods:topic>
  
    <mods:geographic authority="tgn" valueURI="7014549">Storrs (inhabited place)</mods:geographic>
    <mods:geographic authority="tgn" valueURI="7007159">Connecticut (state)</mods:geographic>
    <mods:name type="corporate" authority="naf" valueURI="http://lccn.loc.gov/n79056688">
      <mods:namePart>University of Connecticut</mods:namePart>
    </mods:name>
   
    <mods:name type="personal" valueURI="http://lccn.loc.gov/n2009161601">
      <mods:namePart>Manter, Jerauld A., 1889-1990</mods:namePart>
    </mods:name>
  </mods:subject>
  <mods:identifier type="local">1988-0010/RG4/Series1/Box448:1186</mods:identifier>
  <mods:identifier type="local">39153019280041</mods:identifier>
  <mods:accessCondition type="restrictions on access">The collection is open and available for research.</mods:accessCondition>
<identifier type="hdl">http://hdl.handle.net/11134/20002:860138272</identifier></mods:mods></metadata></record><record><header><identifier>oai:drupal-site.org:20002_860168457</identifier><datestamp>2016-10-01T13:40:24Z</datestamp><setSpec>20002_19910021VIIIIreland</setSpec></header><metadata><mods:mods xmlns:mods="http://www.loc.gov/mods/v3" xmlns="http://www.loc.gov/mods/v3" xmlns:xsi="http://www.w3.org/2001/XMLSchema-instance" xmlns:xlink="http://www.w3.org/1999/xlink">
  <mods:titleInfo>
    <mods:title>Press Clippings, Releases, Statements, 1998-2000</mods:title>
  </mods:titleInfo>
  <mods:name type="personal" authority="naf" valueURI="https://lccn.loc.gov/n88679964">
    <mods:namePart>Morrison, Bruce A.</mods:namePart>
    <mods:role>
      <mods:roleTerm type="text" authority="marcrelator">Collector</mods:roleTerm>
    </mods:role>
  </mods:name>
  <mods:typeOfResource>text</mods:typeOfResource>
  <mods:genre authority="aat" valueURI="300026867">clippings (information artifacts)</mods:genre>
  <mods:originInfo>
    <mods:dateIssued encoding="w3cdtf" keyDate="yes" point="start">1998</mods:dateIssued>
    <mods:dateIssued encoding="w3cdtf" point="end">2000</mods:dateIssued>
  </mods:originInfo>
  <mods:physicalDescription>
    <mods:internetMediaType>image/jp2</mods:internetMediaType>
    <mods:digitalOrigin>reformatted digital</mods:digitalOrigin>
  </mods:physicalDescription>
  <mods:abstract>Press clippings, releases, and statements related to the Northern Ireland Peace Process in Series VIII: Ireland in the Bruce A. Morrison Papers.</mods:abstract>
  <mods:note type="ownership">Archives &amp; Special Collections at the Thomas J. Dodd Research Center, University of Connecticut Libraries</mods:note>
  <mods:note type="source note">Bruce A. Morrison Papers</mods:note>
  <mods:note type="source identifier">MSS 1991.0021</mods:note>
  <mods:subject>
    <mods:topic authority="fast" valueURI="http://id.worldcat.org/fast/977053">International relations</mods:topic>
    <mods:geographic authority="tgn" valueURI="7002448">Northern Ireland</mods:geographic>
  </mods:subject>
  <mods:identifier type="local">MSS 1991.0021</mods:identifier>
  <mods:identifier type="local">1991-0021\SeriesVIII\NorthernIrelandPeaceProcess\Box102:15</mods:identifier>
  <mods:identifier type="local">39153019700469</mods:identifier>
  <mods:accessCondition type="use and reproduction">This work is licensed under a Creative Commons Attribution-NonCommercial 4.0 International License, CC BY-NC.</mods:accessCondition>
  <mods:recordInfo>
    <mods:recordContentSource>University of Connecticut Libraries</mods:recordContentSource>
    <mods:languageOfCataloging>
      <mods:languageTerm type="code" authority="iso639-2b">eng</mods:languageTerm>
    </mods:languageOfCataloging>
  </mods:recordInfo>
<identifier type="hdl">http://hdl.handle.net/11134/20002:860168457</identifier></mods:mods></metadata></record><record><header><identifier>oai:drupal-site.org:20002_860163414</identifier><datestamp>2016-06-20T13:42:38Z</datestamp><setSpec>20002_MSS19880010</setSpec></header><metadata><mods:mods xmlns:mods="http://www.loc.gov/mods/v3" xmlns="http://www.loc.gov/mods/v3" xmlns:xsi="http://www.w3.org/2001/XMLSchema-instance" xmlns:xlink="http://www.w3.org/1999/xlink">
  <mods:titleInfo>
    <mods:title>Commencement, School of Business, 2016</mods:title>
  </mods:titleInfo>
     <mods:name type="corporate" authority="naf" valueURI="https://lccn.loc.gov/no2010115052">
    <mods:namePart>University of Connecticut. School of Business</mods:namePart>
    <mods:role>
      <mods:roleTerm type="text" authority="marcrelator">Creator</mods:roleTerm>
    </mods:role>
  </mods:name>
  <mods:name type="corporate" authority="local">
    <mods:namePart>GradImages</mods:namePart>
  </mods:name>
  <mods:typeOfResource>still image</mods:typeOfResource>
  <mods:genre authority="aat" valueURI="300215302">digital images</mods:genre>
  <mods:genre authority="aat" valueURI="300046300">photographs</mods:genre>
  <mods:originInfo>
    <mods:dateIssued encoding="w3cdtf" keyDate="yes">2016</mods:dateIssued>
  </mods:originInfo>
  <mods:physicalDescription>
    <mods:internetMediaType>image/jpg</mods:internetMediaType>
    <mods:digitalOrigin>born digital</mods:digitalOrigin>
  </mods:physicalDescription>
  <mods:note type="ownership">Archives &amp; Special Collections at the Thomas J. Dodd Research Center, University of Connecticut Libraries</mods:note>
  <mods:note type="source note">University of Connecticut Photograph Collection</mods:note>
  <mods:note type="source identifier">MSS 1988.0010</mods:note>
  <mods:subject>
    <mods:topic authority="fast" valueURI="http://id.worldcat.org/fast/869276">Commencement ceremonies</mods:topic>
    <mods:geographic authority="tgn" valueURI="7014549">Storrs (inhabited place)</mods:geographic>
    <mods:geographic authority="tgn" valueURI="7007159">Connecticut (state)</mods:geographic>
  </mods:subject>
  <mods:identifier type="local">MSS 1988.0010</mods:identifier>
  <mods:accessCondition type="use and reproduction">This work is licensed under a Creative Commons Attribution-NonCommercial 4.0 International License, CC BY-NC.</mods:accessCondition>
  <mods:recordInfo>
    <mods:recordContentSource>University of Connecticut Libraries</mods:recordContentSource>
    <mods:languageOfCataloging>
      <mods:languageTerm type="code" authority="iso639-2b">eng</mods:languageTerm>
    </mods:languageOfCataloging>
  </mods:recordInfo>
<identifier type="hdl">http://hdl.handle.net/11134/20002:860163414</identifier></mods:mods></metadata></record><record><header><identifier>oai:drupal-site.org:20002_860235701</identifier><datestamp>2017-01-23T17:42:24Z</datestamp><setSpec>20002_MSS19880010</setSpec></header><metadata><mods:mods xmlns:mods="http://www.loc.gov/mods/v3" xmlns="http://www.loc.gov/mods/v3" xmlns:xsi="http://www.w3.org/2001/XMLSchema-instance" xmlns:xlink="http://www.w3.org/1999/xlink">
  <mods:titleInfo>
    <mods:title>Class of 1908</mods:title>
  </mods:titleInfo>
  <mods:name type="corporate" authority="naf" valueURI="http://lccn.loc.gov/n79056688">
    <mods:namePart>University of Connecticut</mods:namePart>
    <mods:role>
      <mods:roleTerm type="text" authority="marcrelator">Collector</mods:roleTerm>
    </mods:role>
  </mods:name>
  <mods:typeOfResource>still image</mods:typeOfResource>
  <mods:physicalDescription>
    <mods:internetMediaType>image/jp2</mods:internetMediaType>
    <mods:digitalOrigin>reformatted digital</mods:digitalOrigin>
  </mods:physicalDescription>
  <mods:note type="ownership">Archives &amp; Special Collections at the Thomas J. Dodd Research Center, University of Connecticut Libraries</mods:note>
  <mods:note type="source note">University of Connecticut Photograph Collection [photographic prints]</mods:note>
  <mods:note type="source identifier">1988-0010/RG1</mods:note>
  <mods:accessCondition type="use and reproduction">This work is licensed under a Creative Commons Attribution-NonCommercial 4.0 International License, CC BY-NC.</mods:accessCondition>
  <mods:recordInfo>
    <mods:recordContentSource>University of Connecticut Libraries</mods:recordContentSource>
    <mods:languageOfCataloging>
      <mods:languageTerm type="code" authority="iso639-2b">eng</mods:languageTerm>
    </mods:languageOfCataloging>
  </mods:recordInfo>
  <mods:targetAudience>CHO</mods:targetAudience>
  <mods:genre authority="aat" valueURI="300046300">photographs</mods:genre>
  <mods:originInfo>
    <mods:dateIssued encoding="w3cdtf" keyDate="yes">1908</mods:dateIssued>
  </mods:originInfo>
  <mods:subject>
    
    <mods:topic authority="fast" authorityURI="http://id.worldcat.org/fast/867976">College students</mods:topic>
    
     <mods:geographic authority="tgn" valueURI="7014549">Storrs (inhabited place)</mods:geographic>
    <mods:geographic authority="tgn" valueURI="7007159">Connecticut (state)</mods:geographic>
    
    <mods:name type="corporate" authority="naf" valueURI="http://lccn.loc.gov/n79056688">
      <mods:namePart>University of Connecticut</mods:namePart>
    </mods:name>
    <mods:name type="corporate" authority="naf" valueURI="https://lccn.loc.gov/n92059449">
      <mods:namePart>Connecticut Agricultural College</mods:namePart>
    </mods:name>
   

  </mods:subject>
  <mods:identifier type="local">1988-0010/RG1/SeriesVIII/ClassPictures/Box157:1908</mods:identifier>
  <mods:identifier type="local">39153019931585</mods:identifier>
  <mods:accessCondition type="restrictions on access">The collection is open and available for research.</mods:accessCondition>
  <identifier type="hdl">http://hdl.handle.net/11134/20002:860235701</identifier></mods:mods></metadata></record><record><header><identifier>oai:drupal-site.org:20002_KellemsRealEstate</identifier><datestamp>2016-10-12T16:08:47Z</datestamp><setSpec>20002_MSS19920033</setSpec></header><metadata><mods:mods xmlns:mods="http://www.loc.gov/mods/v3" xmlns="http://www.loc.gov/mods/v3" xmlns:xsi="http://www.w3.org/2001/XMLSchema-instance" xmlns:xlink="http://www.w3.org/1999/xlink" version="3.5" xsi:schemaLocation="http://www.loc.gov/mods/v3 http://www.loc.gov/standards/mods/v3/mods-3-5.xsd">
  <mods:titleInfo>
    <mods:title>Vivien Kellems Real Estate</mods:title>
  </mods:titleInfo>
  <mods:name type="personal" authority="naf" valueURI="https://lccn.loc.gov/n88172648">
    <mods:namePart>Kellems, Vivien, 1896-1975</mods:namePart>
    <mods:role>
      <mods:roleTerm type="text" authority="marcrelator">Creator</mods:roleTerm>
    </mods:role>
  </mods:name>
  <mods:typeOfResource>text</mods:typeOfResource>
  <mods:genre authority="aat" valueURI="300026877">correspondence</mods:genre>
  <mods:genre authority="aat" valueURI="300046300">photographs</mods:genre>
  <mods:genre authority="aat" valueURI="300027649">contracts</mods:genre>
  <mods:genre authority="aat" valueURI="300028094">maps (documents)</mods:genre>
  <mods:genre authority="aat" valueURI="300026909">telegrams</mods:genre>
  <mods:originInfo>
    <mods:dateIssued encoding="w3cdtf" keyDate="yes" point="start">1872</mods:dateIssued>
    <mods:dateIssued encoding="w3cdtf" point="end">1976</mods:dateIssued>
  </mods:originInfo>
  <mods:physicalDescription>
    <mods:extent unit="Linear feet">5</mods:extent>
    <mods:digitalOrigin>reformatted digital</mods:digitalOrigin>
  </mods:physicalDescription>
  <mods:abstract>Documents relating to properties purchased, managed, and maintained by Vivien Kellems.</mods:abstract>
  <mods:note type="shortDescription">Documents relating to properties purchased, managed, and maintained by Vivien Kellems.</mods:note>
  <mods:note type="ownership">Archives &amp; Special Collections at the Thomas J. Dodd Research Center, University of Connecticut Libraries</mods:note>
  <mods:subject>
    <mods:topic authority="fast" valueURI="http://id.worldcat.org/fast/1091069">Real estate management</mods:topic>
    <mods:topic authority="fast" valueURI="http://id.worldcat.org/fast/1091096">Real property</mods:topic>
    <mods:topic authority="fast" valueURI="http://id.worldcat.org/fast/974532">Insurance</mods:topic>
    <mods:geographic authority="tgn" valueURI="7007159">Connecticut (state)</mods:geographic>
    <mods:geographic authority="tgn" valueURI="7007567">New York (inhabited place)</mods:geographic>
    <mods:geographic authority="tgn" valueURI="2016807">East Haddam (inhabited place)</mods:geographic>
    <mods:geographic authority="tgn" valueURI="7007157">California (state)</mods:geographic>
    <mods:geographic authority="tgn" valueURI="7017852">Mystic (inhabited place)</mods:geographic>
    <mods:geographic authority="tgn" valueURI="2017493">Voluntown (inhabited place)</mods:geographic>
    <mods:geographic authority="tgn" valueURI="2017079">Mason Island (island)</mods:geographic>
    <mods:geographic authority="tgn" valueURI="2017227">North Stonington (inhabited place)</mods:geographic>
    <mods:geographic authority="tgn" valueURI="7014618">Westport (inhabited place)</mods:geographic>
    <mods:geographic authority="tgn" valueURI="2193501">Brentwood (inhabited place)</mods:geographic>
    <mods:name type="personal" authority="naf" valueURI="https://lccn.loc.gov/n88172648">
      <mods:namePart>Kellems, Vivien</mods:namePart>
    </mods:name>
    <mods:name type="corporate">
      <mods:namePart>Vivien Kellems Realty</mods:namePart>
    </mods:name>
    <mods:name type="corporate">
      <mods:namePart>John B. Benson Insurance</mods:namePart>
    </mods:name>
    <mods:name type="personal">
      <mods:namePart>Peck, Arthur J</mods:namePart>
    </mods:name>
    <mods:name type="personal" authority="local">
      <mods:namePart>Kellems, David</mods:namePart>
    </mods:name>
  </mods:subject>
  <mods:accessCondition type="use and reproduction">This work is licensed under a Creative Commons Attribution-NonCommercial 4.0 International License, CC BY-NC.</mods:accessCondition>
  <mods:recordInfo>
    <mods:recordContentSource>University of Connecticut Libraries</mods:recordContentSource>
    <mods:languageOfCataloging>
      <mods:languageTerm type="code" authority="iso639-2b">eng</mods:languageTerm>
    </mods:languageOfCataloging>
  </mods:recordInfo>
  <identifier type="hdl">http://hdl.handle.net/11134/20002:KellemsRealEstate</identifier>
</mods:mods></metadata></record><record><header><identifier>oai:drupal-site.org:20002_860201540</identifier><datestamp>2016-09-30T19:13:21Z</datestamp><setSpec>20002_mexicostreetchildren</setSpec></header><metadata><mods:mods xmlns:mods="http://www.loc.gov/mods/v3" xmlns="http://www.loc.gov/mods/v3" xmlns:xsi="http://www.w3.org/2001/XMLSchema-instance" xmlns:xlink="http://www.w3.org/1999/xlink">
  <mods:titleInfo type="alternative">
    <mods:title>Boy Lives on the Streets of Mexico City</mods:title>
  </mods:titleInfo>
  <mods:name type="personal" authority="naf" valueURI="https://lccn.loc.gov/n97852224">
    <mods:namePart>Romano, U. Roberto</mods:namePart>
    <mods:role>
      <mods:roleTerm type="text" authority="marcrelator">Creator</mods:roleTerm>
    </mods:role>
  </mods:name>
  <mods:typeOfResource>still image</mods:typeOfResource>
  <mods:genre authority="aat" valueURI="300046300">photographs</mods:genre>
  <mods:originInfo>
    <mods:dateIssued encoding="w3cdtf" keyDate="yes">2002</mods:dateIssued>
  </mods:originInfo>
  <mods:physicalDescription>
    <mods:internetMediaType>image/jpg</mods:internetMediaType>
    <mods:digitalOrigin>born digital</mods:digitalOrigin>
  </mods:physicalDescription>
  <mods:abstract>A boy lives on the streets of Mexico City, Mexico.</mods:abstract>
  <mods:note type="ownership">Archives &amp; Special Collections at the Thomas J. Dodd Research Center, University of Connecticut Libraries</mods:note>
  <mods:note type="source note">U. Roberto (Robin) Romano Papers, 1971-2011</mods:note>
  <mods:subject>
    <mods:topic authority="fast" valueURI="1134655">Street children</mods:topic>
    <mods:topic authority="fast" valueURI="856519">Children's rights</mods:topic>
    <mods:topic authority="fast" valueURI="1048433">Orphans</mods:topic>
    <mods:topic authority="fast" valueURI="837358">Boys</mods:topic>
    <mods:geographic authority="tgn" valueURI="7007227">Mexico City (inhabited place)</mods:geographic>
    <mods:geographic authority="tgn" valueURI="7005560">Mexico (nation)</mods:geographic>
    <mods:cartographics>
      <mods:coordinates>19 26 03 N  099 08 19 W</mods:coordinates>
    </mods:cartographics>
    <mods:name type="personal" authority="naf" valueURI="https://lccn.loc.gov/n97852224">
      <mods:namePart>Romano, U. Roberto</mods:namePart>
    </mods:name>
  </mods:subject>
  <mods:identifier type="local">0203ror18#16</mods:identifier>
  <mods:accessCondition type="use and reproduction">This work is licensed under a Creative Commons Attribution-NonCommercial 4.0 International License, CC BY-NC.</mods:accessCondition>
  <mods:recordInfo>
    <mods:recordContentSource>University of Connecticut Libraries</mods:recordContentSource>
    <mods:languageOfCataloging>
      <mods:languageTerm type="code" authority="iso639-2b">eng</mods:languageTerm>
    </mods:languageOfCataloging>
  </mods:recordInfo>
<identifier type="hdl">http://hdl.handle.net/11134/20002:860201540</identifier></mods:mods></metadata></record><record><header><identifier>oai:drupal-site.org:20002_860060061</identifier><datestamp>2016-04-22T19:18:35Z</datestamp><setSpec>20002_MSS19880010</setSpec></header><metadata><mods:mods xmlns:mods="http://www.loc.gov/mods/v3" xmlns="http://www.loc.gov/mods/v3" xmlns:xsi="http://www.w3.org/2001/XMLSchema-instance" xmlns:xlink="http://www.w3.org/1999/xlink" version="3.5" xsi:schemaLocation="http://www.loc.gov/mods/v3 http://www.loc.gov/standards/mods/v3/mods-3-5.xsd">
  <mods:titleInfo>
    <mods:title>Veterans Barracks, Agronomy Field</mods:title>
  </mods:titleInfo>
  <mods:name type="personal" authority="naf" valueURI="http://lccn.loc.gov/n2009161601">
    <mods:namePart>Manter, Jerauld A., 1889-1990</mods:namePart>
    <mods:role>
      <mods:roleTerm type="text" authority="marcrelator">Creator</mods:roleTerm>
    </mods:role>
  </mods:name>
  <mods:typeOfResource>still image</mods:typeOfResource>
  <mods:physicalDescription>
    <mods:internetMediaType>image/jp2</mods:internetMediaType>
    <mods:digitalOrigin>reformatted digital</mods:digitalOrigin>
  </mods:physicalDescription>
  <mods:note type="ownership">Archives &amp; Special Collections at the Thomas J. Dodd Research Center, University of Connecticut Libraries</mods:note>
  <mods:note type="source note">Jerauld A. Manter Photograph Collection, University of Connecticut Photograph Collection</mods:note>
  <mods:note type="source identifier">1988-0010/RG4</mods:note>
  <mods:accessCondition type="use and reproduction">This work is licensed under a Creative Commons Attribution-NonCommercial 4.0 International License, CC BY-NC.</mods:accessCondition>
  <mods:recordInfo>
    <mods:recordContentSource>University of Connecticut Libraries</mods:recordContentSource>
    <mods:languageOfCataloging>
      <mods:languageTerm type="code" authority="iso639-2b">eng</mods:languageTerm>
    </mods:languageOfCataloging>
  </mods:recordInfo>
  <mods:targetAudience>CHO</mods:targetAudience>
  <mods:genre authority="aat" valueURI="300127173">negatives (photographic)</mods:genre>
  <mods:originInfo>
    <mods:dateIssued encoding="w3cdtf" keyDate="yes">1946</mods:dateIssued>
  </mods:originInfo>
  <mods:subject>
    <mods:topic authority="fast" authorityURI="http://id.worldcat.org/fast/887402" valueURI="http://id.worldcat.org/fast/962245">Housing</mods:topic>
    <mods:topic authorityURI="http://id.worldcat.org/fast/1165710" valueURI="http://id.worldcat.org/fast/1165710">Veterans</mods:topic>
    <mods:geographic authority="tgn" valueURI="7014549">Storrs (inhabited place)</mods:geographic>
    <mods:geographic authority="tgn" valueURI="7007159">Connecticut (state)</mods:geographic>
    <mods:name type="corporate" authority="naf" valueURI="http://lccn.loc.gov/n79056688">
      <mods:namePart>University of Connecticut</mods:namePart>
    </mods:name>
    <mods:name type="corporate" authority="naf" valueURI="http://lccn.loc.gov/n92059445">
      <mods:namePart>Connecticut State College</mods:namePart>
    </mods:name>
    <mods:name type="personal" valueURI="http://lccn.loc.gov/n2009161601">
      <mods:namePart>Manter, Jerauld A., 1889-1990</mods:namePart>
    </mods:name>
  </mods:subject>
  <mods:identifier type="local">1988-0010/RG4/Series1/Box 440:392</mods:identifier>
  <mods:identifier type="local">39153019690587</mods:identifier>
  <mods:accessCondition type="restrictions on access">The collection is open and available for research.</mods:accessCondition>
  <identifier type="hdl">http://hdl.handle.net/11134/20002:860060061</identifier>
</mods:mods></metadata></record><record><header><identifier>oai:drupal-site.org:20002_860139702</identifier><datestamp>2016-11-09T16:05:13Z</datestamp><setSpec>20002_20130052Photo</setSpec></header><metadata><mods:mods xmlns:mods="http://www.loc.gov/mods/v3" xmlns="http://www.loc.gov/mods/v3" xmlns:xsi="http://www.w3.org/2001/XMLSchema-instance" xmlns:xlink="http://www.w3.org/1999/xlink" version="3.5" xsi:schemaLocation="http://www.loc.gov/mods/v3 http://www.loc.gov/standards/mods/v3/mods-3-5.xsd">
  <mods:titleInfo>
    <mods:title>Band performing for crowd</mods:title>
  </mods:titleInfo>
  <mods:identifier type="hdl">http://hdl.handle.net/11134/20002:860139702</mods:identifier>
  <mods:typeOfResource>still image</mods:typeOfResource>
  <mods:genre authority="aat" valueURI="300262956">musical performances</mods:genre>
  <mods:genre authority="aat" valueURI="300069210">concerts</mods:genre>
  <mods:physicalDescription>
    <mods:digitalOrigin>reformatted digital</mods:digitalOrigin>
  </mods:physicalDescription>
  <mods:note type="ownership">Archives &amp; Special Collections at the Thomas J. Dodd Research Center, University of Connecticut Libraries</mods:note>
  <mods:subject>
    <mods:topic authority="fast" valueURI="http://id.worldcat.org/fast/1084153">Punk rock music</mods:topic>
    <mods:geographic authority="tgn" valueURI="7007159">Connecticut (state)</mods:geographic>
  </mods:subject>
  <mods:accessCondition type="use and reproduction">This work is licensed under a Creative Commons Attribution-NonCommercial 4.0 International License, CC BY-NC.</mods:accessCondition>
  <mods:recordInfo>
    <mods:recordContentSource>University of Connecticut Libraries</mods:recordContentSource>
    <mods:languageOfCataloging>
      <mods:languageTerm type="code" authority="iso639-2b">eng</mods:languageTerm>
    </mods:languageOfCataloging>
  </mods:recordInfo>
</mods:mods></metadata></record><resumptionToken expirationDate="2017-03-09T16:46:20Z" completeListSize="34302" cursor="5240">1158740407</resumptionToken></ListRecords></OAI-PMH>

