<?xml version="1.0" encoding="UTF-8"?>
<OAI-PMH xmlns:xsi="http://www.w3.org/2001/XMLSchema-instance"  xsi:schemaLocation="http://www.loc.gov/mods/v3 http://www.loc.gov/standards/mods/v3/mods-3-5.xsd http://www.openarchives.org/OAI/2.0/ http://www.openarchives.org/OAI/2.0/OAI-PMH.xsd"  xmlns="http://www.openarchives.org/OAI/2.0/" xmlns:mods="http://www.loc.gov/mods/v3"><responseDate>2017-03-08T16:46:31Z</responseDate><request>http://archives.lib.uconn.edu/oai2</request><ListRecords><record><header><identifier>oai:drupal-site.org:20002_199721880</identifier><datestamp>2015-09-01T14:19:06Z</datestamp><setSpec>20002_MSS19880010</setSpec></header><metadata><mods:mods xmlns:mods="http://www.loc.gov/mods/v3" xmlns:xlink="http://www.w3.org/1999/xlink" xmlns:xsi="http://www.w3.org/2001/XMLSchema-instance">
   <mods:titleInfo>
      <mods:title>House, From South With Waterfront Terrace, Branford House</mods:title>
   </mods:titleInfo>
   <mods:typeOfResource>still image</mods:typeOfResource>
   <mods:genre authority="aat" valueURI="300046300">photographs</mods:genre>
   <mods:originInfo>
      <mods:dateIssued encoding="w3cdtf" keyDate="yes">1904</mods:dateIssued>
   </mods:originInfo>
   <mods:physicalDescription>
      <mods:internetMediaType>image/tiff</mods:internetMediaType>
      <mods:digitalOrigin>reformatted digital</mods:digitalOrigin>
   </mods:physicalDescription>
   <mods:abstract>Stone building and wall.</mods:abstract>
   <mods:targetAudience>CHO</mods:targetAudience>
   <mods:note type="ownership">Archives &amp; Special Collections at the Thomas J. Dodd Research Center, University of Connecticut Libraries</mods:note>
   <mods:note type="source note">University of Connecticut Photograph Collection</mods:note>
   <mods:note type="theme">Infrastructure</mods:note>
   <mods:note>Photograph mounted. Writing with ink on photograph.</mods:note>
   <mods:subject>
      <mods:topic>Dwellings</mods:topic>
      <mods:geographic>Avery Point</mods:geographic>
      <mods:geographic>1084 Shennecossett Road (Groton, Conn.)</mods:geographic>
      <mods:name type="corporate" authority="local">
         <mods:namePart>Branford House (University of Connecticut at Avery Point)</mods:namePart>
      </mods:name>
      <mods:name type="corporate" authority="local">
         <mods:namePart>University of Connecticut at Avery Point</mods:namePart>
      </mods:name>
   </mods:subject>
   <mods:identifier type="local">Accession number UC3-0258</mods:identifier>
   <mods:identifier type="local">IMG0055-3076</mods:identifier>
   <mods:location>
      <mods:physicalLocation>Album, Eastern Point, New London (Avery Point).</mods:physicalLocation>
   </mods:location>
   <mods:accessCondition type="use and reproduction">Permission to publish from these Papers must be obtained in writing from both the University of Connecticut Libraries and the owner(s) of the copyright.</mods:accessCondition>
   <mods:accessCondition type="use and reproduction" displayLabel="Digital Object Disclaimer" xlink:href="http://doddcenter.uconn/asc/research/reproduction.htm">This digital object is owned, held, or licensed by the University of Connecticut and is available for non-commercial or education use only. Ownership must be properly cited. Any commercial use of this object without express written permission of the University of Connecticut is strictly prohibited. For more information or to obtain a reproduction of this digital object, contact University Archives &amp; Special Collections.</mods:accessCondition>
   <mods:accessCondition type="use and reproduction" displayLabel="Intellectual Rights Statement">As a publically supported institution, the University of Connecticut Libraries generally does not own rights in its collections. Permission to publish from these papers must be obtained in writing from both the University of Connecticut Libraries and the owner(s) of the copyright. Possible fees may be incurred on the part of the user.</mods:accessCondition>
   <mods:accessCondition type="restrictions on access">The collection is open and available for research.</mods:accessCondition>
   <mods:recordInfo>
      <mods:recordContentSource>University of Connecticut Libraries</mods:recordContentSource>
      <mods:recordCreationDate encoding="w3cdtf">2014-05-28-04:00</mods:recordCreationDate>
      <mods:languageOfCataloging>
         <mods:languageTerm authority="iso639-2b" type="code">eng</mods:languageTerm>
      </mods:languageOfCataloging>
      <mods:recordOrigin>This MODS record was migrated from CHO's CONTENTdm. The object had the following CONTENTdm reference URL: http://images.lib.uconn.edu:81/u?/cho,6597 and CONTENTdm file name: 6911.jp2</mods:recordOrigin>
   </mods:recordInfo>
<identifier xmlns="http://www.loc.gov/mods/v3" type="hdl">http://hdl.handle.net/11134/20002:199721880</identifier></mods:mods></metadata></record><record><header><identifier>oai:drupal-site.org:20002_199714618</identifier><datestamp>2015-09-01T16:18:40Z</datestamp><setSpec>20002_19980018</setSpec></header><metadata><mods:mods xmlns:mods="http://www.loc.gov/mods/v3" xmlns:xlink="http://www.w3.org/1999/xlink" xmlns:xsi="http://www.w3.org/2001/XMLSchema-instance">
   <mods:titleInfo supplied="yes">
      <mods:title>Middlesex Memorial Hospital, Middletown</mods:title>
   </mods:titleInfo>
   <mods:typeOfResource>still image</mods:typeOfResource>
   <mods:genre authority="aat" valueURI="300046300">photographs</mods:genre>
   <mods:originInfo>
      <mods:dateIssued encoding="w3cdtf" keyDate="yes">1910</mods:dateIssued>
   </mods:originInfo>
   <mods:physicalDescription>
      <mods:internetMediaType>image/tiff</mods:internetMediaType>
      <mods:digitalOrigin>reformatted digital</mods:digitalOrigin>
   </mods:physicalDescription>
   <mods:abstract>Large three story brick building with doubles porches and wings (one with large glass windows). Iron fence separates sidewalk from front lawn.</mods:abstract>
   <mods:targetAudience>CHO</mods:targetAudience>
   <mods:note type="ownership">Archives &amp; Special Collections at the Thomas J. Dodd Research Center, University of Connecticut Libraries</mods:note>
   <mods:note type="source note">Wilcox College of Nursing Records</mods:note>
   <mods:note type="theme">Infrastructure</mods:note>
   <mods:note>Title supplied by cataloger. Photograph mounted.</mods:note>
   <mods:subject>
      <mods:topic>Hospitals</mods:topic>
      <mods:geographic>Crescent Street (Middletown, Conn.)</mods:geographic>
      <mods:name type="corporate" authority="local">
         <mods:namePart>Middlesex Memorial Hospital</mods:namePart>
      </mods:name>
   </mods:subject>
   <mods:identifier type="local">Accession number UC15-0027</mods:identifier>
   <mods:identifier type="local">IMG0031-1573</mods:identifier>
   <mods:location>
      <mods:physicalLocation>Box 68, ff 815</mods:physicalLocation>
   </mods:location>
   <mods:accessCondition type="use and reproduction">Permission to publish from these Papers must be obtained in writing from both the University of Connecticut Libraries and the owner(s) of the copyright.</mods:accessCondition>
   <mods:accessCondition type="use and reproduction" displayLabel="Digital Object Disclaimer" xlink:href="http://doddcenter.uconn/asc/research/reproduction.htm">This digital object is owned, held, or licensed by the University of Connecticut and is available for non-commercial or education use only. Ownership must be properly cited. Any commercial use of this object without express written permission of the University of Connecticut is strictly prohibited. For more information or to obtain a reproduction of this digital object, contact University Archives &amp; Special Collections.</mods:accessCondition>
   <mods:accessCondition type="use and reproduction" displayLabel="Intellectual Rights Statement">As a publically supported institution, the University of Connecticut Libraries generally does not own rights in its collections. Permission to publish from these papers must be obtained in writing from both the University of Connecticut Libraries and the owner(s) of the copyright. Possible fees may be incurred on the part of the user.</mods:accessCondition>
   <mods:accessCondition type="restrictions on access">The collection is open and available for research.</mods:accessCondition>
   <mods:recordInfo>
      <mods:recordContentSource>University of Connecticut Libraries</mods:recordContentSource>
      <mods:recordCreationDate encoding="w3cdtf">2014-05-28-04:00</mods:recordCreationDate>
      <mods:languageOfCataloging>
         <mods:languageTerm authority="iso639-2b" type="code">eng</mods:languageTerm>
      </mods:languageOfCataloging>
      <mods:recordOrigin>This MODS record was migrated from CHO's CONTENTdm. The object had the following CONTENTdm reference URL: http://images.lib.uconn.edu:81/u?/cho,7884 and CONTENTdm file name: 7596.jp2</mods:recordOrigin>
   </mods:recordInfo>
<identifier xmlns="http://www.loc.gov/mods/v3" type="hdl">http://hdl.handle.net/11134/20002:199714618</identifier></mods:mods></metadata></record><record><header><identifier>oai:drupal-site.org:20002_860068365</identifier><datestamp>2015-07-08T17:37:59Z</datestamp><setSpec>20002_ConnecticutValMaps</setSpec></header><metadata><mods:mods xmlns:mods="http://www.loc.gov/mods/v3" xmlns:xlink="http://www.w3.org/1999/xlink" xmlns:xsi="http://www.w3.org/2001/XMLSchema-instance">
   <mods:titleInfo>
      <mods:title>New Britain and Plainville, Connecticut</mods:title>
   </mods:titleInfo>
   <mods:name type="corporate" authority="naf" valueURI="http://id.loc.gov/authorities/names/n86134559">
      <mods:namePart>New York, New Haven, and Hartford Railroad Company</mods:namePart>
      <mods:role>
         <mods:roleTerm authority="marcrelator" authorityURI="http://id.loc.gov/vocabulary/relators" valueURI="http://id.loc.gov/vocabulary/relators/cre" type="text">Creator</mods:roleTerm>
      </mods:role>
   </mods:name>
   <mods:typeOfResource>cartographic</mods:typeOfResource>
   <mods:genre authority="aat" valueURI="300028094">maps (documents)</mods:genre>
   <mods:genre authority="aat" valueURI="300264387">images (object genre)</mods:genre>
   <mods:originInfo>
      <mods:dateIssued encoding="w3cdtf" keyDate="yes">1915-06-30</mods:dateIssued>
   </mods:originInfo>
   <mods:physicalDescription>
      <mods:internetMediaType>image/jp2</mods:internetMediaType>
      <mods:digitalOrigin>reformatted digital</mods:digitalOrigin>
      <mods:note type="physical description">Source extent: 1 map ; 142 x 61 cm 1 map ; 142 x 61 cm</mods:note>
   </mods:physicalDescription>
   <mods:abstract>Right of way and track map, the New York, New Haven and Hartford R.R. Co. ... from Boston to Hudson River, station 6761+20 to station 6814+00, towns of New Britain and Plainville, state of Conn.</mods:abstract>
   <mods:targetAudience>CHO</mods:targetAudience>
   <mods:targetAudience>GEO</mods:targetAudience>
   <mods:note type="ownership">Archives &amp; Special Collections at the Thomas J. Dodd Research Center, University of Connecticut Libraries</mods:note>
   <mods:note type="source note">New York, New Haven, and Hartford Railroad Company Valuation Maps Collection</mods:note>
   <mods:note>Bounding box coordinates recorded as S, W, N, E</mods:note>
   <mods:subject>
      <mods:topic>Railroads</mods:topic>
      <mods:geographic>Andrew's Crossing</mods:geographic>
      <mods:geographic>White Oak Pond (Conn.)</mods:geographic>
      <mods:geographic>Connecticut</mods:geographic>
      <mods:geographic>New Britain (Conn.)</mods:geographic>
      <mods:geographic>Plainville (Conn.)</mods:geographic>
      <mods:cartographics>
         <mods:coordinates>41.662511, -72.829614, 41.673284, -72.806783</mods:coordinates>
      </mods:cartographics>
   </mods:subject>
   <mods:identifier type="local">Roll no.: 268</mods:identifier>
   <mods:identifier type="local">Valuation no. 58.62, sheet 77</mods:identifier>
   <mods:identifier type="local">Accession no. MSS1998-0378</mods:identifier>
   <mods:identifier type="local">uconn_asc_1998-0378_map_58_62_77.tif</mods:identifier>
   <mods:accessCondition type="use and reproduction">These Materials are provided for educational and research purposes only. The University of Connecticut Libraries hold the copyright except where noted. Permission must be obtained in writing from the University of Connecticut Libraries and/or the owner(s) of the copyright to publish reproductions or quotations beyond "fair use."</mods:accessCondition>
   <mods:accessCondition type="restrictions on access">The collection is open and available for research.</mods:accessCondition>
   <mods:extension xmlns:fgdc="http://www.fgdc.gov/schemas/metadata/fgdc-std-001-1998.xsd">
      <fgdc:metadata>
         <fgdc:idinfo>
            <fgdc:spdom>
               <fgdc:bounding>
                  <fgdc:westbc>-72.829614</fgdc:westbc>
                  <fgdc:eastbc>-72.806783</fgdc:eastbc>
                  <fgdc:northbc>41.673284</fgdc:northbc>
                  <fgdc:southbc>41.662511</fgdc:southbc>
               </fgdc:bounding>
            </fgdc:spdom>
         </fgdc:idinfo>
      </fgdc:metadata>
   </mods:extension>
   <mods:recordInfo>
      <mods:recordContentSource>University of Connecticut Libraries</mods:recordContentSource>
      <mods:recordCreationDate encoding="w3cdtf">2015-04-07-04:00</mods:recordCreationDate>
      <mods:languageOfCataloging>
         <mods:languageTerm authority="iso639-2b" type="code">eng</mods:languageTerm>
      </mods:languageOfCataloging>
      <mods:recordOrigin>This MODS record was migrated from University of Connecticut Libraries Archives and Special Collections CONTENTdm site. . Other information: elena; reviewed by banderson</mods:recordOrigin>
   </mods:recordInfo>
<identifier xmlns="http://www.loc.gov/mods/v3" type="hdl">http://hdl.handle.net/11134/20002:860068365</identifier></mods:mods></metadata></record><record><header><identifier>oai:drupal-site.org:20002_199703401</identifier><datestamp>2014-12-10T18:25:03Z</datestamp><setSpec>20002_MSS19890073</setSpec></header><metadata><mods:mods xmlns:mods="http://www.loc.gov/mods/v3" xmlns:xlink="http://www.w3.org/1999/xlink" xmlns:xsi="http://www.w3.org/2001/XMLSchema-instance">
   <mods:titleInfo>
      <mods:title>New Haven Trolley Line, Near Summit</mods:title>
   </mods:titleInfo>
   <mods:typeOfResource>still image</mods:typeOfResource>
   <mods:genre authority="aat" valueURI="300046300">photographs</mods:genre>
   <mods:originInfo>
      <mods:dateIssued encoding="w3cdtf" keyDate="yes" point="start">1907</mods:dateIssued>
      <mods:dateIssued encoding="w3cdtf" keyDate="yes" point="end">1921</mods:dateIssued>
   </mods:originInfo>
   <mods:physicalDescription>
      <mods:internetMediaType>image/tiff</mods:internetMediaType>
      <mods:digitalOrigin>reformatted digital</mods:digitalOrigin>
   </mods:physicalDescription>
   <mods:abstract>Trolley tracks with poles supporting electrical cable over tracks.</mods:abstract>
   <mods:targetAudience>CHO</mods:targetAudience>
   <mods:note type="ownership">Archives &amp; Special Collections at the Thomas J. Dodd Research Center, University of Connecticut Libraries</mods:note>
   <mods:note type="source note">Leroy Roberts CT Railroad Station Photograph Collection</mods:note>
   <mods:note type="theme">Infrastructure</mods:note>
   <mods:note type="theme">Environment</mods:note>
   <mods:note>Photograph of postcard. Writing with ink on photograph.</mods:note>
   <mods:subject>
      <mods:topic>Railroads -- Track</mods:topic>
      <mods:geographic>Summit (Cheshire, Conn.)</mods:geographic>
   </mods:subject>
   <mods:identifier type="local">Accession number UC17-1177</mods:identifier>
   <mods:identifier type="local">IMG0075-1452</mods:identifier>
   <mods:location>
      <mods:physicalLocation>ff-Prospect/Summit</mods:physicalLocation>
   </mods:location>
   <mods:accessCondition type="use and reproduction">Permission to publish from these Papers must be obtained in writing from both the University of Connecticut Libraries and the owner(s) of the copyright.</mods:accessCondition>
   <mods:accessCondition type="use and reproduction" displayLabel="Digital Object Disclaimer" xlink:href="http://doddcenter.uconn/asc/research/reproduction.htm">This digital object is owned, held, or licensed by the University of Connecticut and is available for non-commercial or education use only. Ownership must be properly cited. Any commercial use of this object without express written permission of the University of Connecticut is strictly prohibited. For more information or to obtain a reproduction of this digital object, contact University Archives &amp; Special Collections.</mods:accessCondition>
   <mods:accessCondition type="use and reproduction" displayLabel="Intellectual Rights Statement">As a publically supported institution, the University of Connecticut Libraries generally does not own rights in its collections. Permission to publish from these papers must be obtained in writing from both the University of Connecticut Libraries and the owner(s) of the copyright. Possible fees may be incurred on the part of the user.</mods:accessCondition>
   <mods:accessCondition type="restrictions on access">The collection is open and available for research.</mods:accessCondition>
   <mods:recordInfo>
      <mods:recordContentSource>University of Connecticut Libraries</mods:recordContentSource>
      <mods:recordCreationDate encoding="w3cdtf">2014-05-28-04:00</mods:recordCreationDate>
      <mods:languageOfCataloging>
         <mods:languageTerm authority="iso639-2b" type="code">eng</mods:languageTerm>
      </mods:languageOfCataloging>
      <mods:recordOrigin>This MODS record was migrated from CHO's CONTENTdm. The object had the following CONTENTdm reference URL: http://images.lib.uconn.edu:81/u?/cho,7913 and CONTENTdm file name: 7896.jp2</mods:recordOrigin>
   </mods:recordInfo>
<identifier xmlns="http://www.loc.gov/mods/v3" type="hdl">http://hdl.handle.net/11134/20002:199703401</identifier></mods:mods></metadata></record><record><header><identifier>oai:drupal-site.org:20002_860116018</identifier><datestamp>2016-02-10T14:04:34Z</datestamp><setSpec>20002_CG</setSpec></header><metadata><mods:mods xmlns:mods="http://www.loc.gov/mods/v3" xmlns="http://www.loc.gov/mods/v3" xmlns:xsi="http://www.w3.org/2001/XMLSchema-instance" xmlns:xlink="http://www.w3.org/1999/xlink">
  <mods:titleInfo>
    <mods:title>A Guide to the Joshua's Tract Conservation and Historic Trust, Inc. Records</mods:title>
  </mods:titleInfo>
  <mods:typeOfResource>text</mods:typeOfResource>
  <mods:genre authority="aat" valueURI="300026539">finding aids</mods:genre>
  <mods:originInfo>
    <mods:dateIssued encoding="w3cdtf" keyDate="yes">2011</mods:dateIssued>
  </mods:originInfo>
  <mods:note type="ownership">Archives &amp; Special Collections at the Thomas J. Dodd Research Center, University of Connecticut Libraries</mods:note>
  <mods:subject>
    <mods:topic>Historic preservation</mods:topic>
    <mods:topic>Land use</mods:topic>
    <mods:geographic>Connecticut</mods:geographic>
  </mods:subject>
  <mods:accessCondition type="use and reproduction">This work is licensed under a Creative Commons Attribution-NonCommercial 4.0 International License, CC BY-NC.</mods:accessCondition>
  <mods:recordInfo>
    <mods:recordContentSource>University of Connecticut Libraries</mods:recordContentSource>
    <mods:languageOfCataloging>
      <mods:languageTerm type="code" authority="iso639-2b">eng</mods:languageTerm>
    </mods:languageOfCataloging>
  </mods:recordInfo>
<identifier type="hdl">http://hdl.handle.net/11134/20002:860116018</identifier></mods:mods></metadata></record><record><header><identifier>oai:drupal-site.org:20002_860060494</identifier><datestamp>2015-05-28T13:33:43Z</datestamp><setSpec>20002_MassValuationMaps</setSpec></header><metadata><mods:mods xmlns:mods="http://www.loc.gov/mods/v3" xmlns:xlink="http://www.w3.org/1999/xlink" xmlns:xsi="http://www.w3.org/2001/XMLSchema-instance">
   <mods:titleInfo>
      <mods:title>Yarmouth and Dennis, Massachusetts</mods:title>
   </mods:titleInfo>
   <mods:name type="corporate" authority="naf" valueURI="http://id.loc.gov/authorities/names/n86134559">
      <mods:namePart>New York, New Haven, and Hartford Railroad Company</mods:namePart>
      <mods:role>
         <mods:roleTerm authority="marcrelator" authorityURI="http://id.loc.gov/vocabulary/relators" valueURI="http://id.loc.gov/vocabulary/relators/cre" type="text">Creator</mods:roleTerm>
      </mods:role>
   </mods:name>
   <mods:name type="corporate" authority="local">
      <mods:namePart>Old Colony Railroad Company</mods:namePart>
      <mods:role>
         <mods:roleTerm authority="marcrelator" authorityURI="http://id.loc.gov/vocabulary/relators" valueURI="http://id.loc.gov/vocabulary/relators/ctb" type="text">Contributor</mods:roleTerm>
      </mods:role>
   </mods:name>
   <mods:typeOfResource>cartographic</mods:typeOfResource>
   <mods:genre authority="aat" valueURI="300028094">maps (documents)</mods:genre>
   <mods:genre authority="aat" valueURI="300264387">images (object genre)</mods:genre>
   <mods:originInfo>
      <mods:dateIssued encoding="w3cdtf" keyDate="yes">1915-06-30</mods:dateIssued>
   </mods:originInfo>
   <mods:physicalDescription>
      <mods:internetMediaType>image/jp2</mods:internetMediaType>
      <mods:digitalOrigin>reformatted digital</mods:digitalOrigin>
      <mods:note type="physical description">Source extent: 1 map ; 142 x 61 cm. 1 map ; 142 x 61 cm.</mods:note>
   </mods:physicalDescription>
   <mods:abstract>Right of way and track map, Old Colony R.R. Co. operated by the New York, New Haven and Hartford R.R. Co operating from Middleboro to Provincetown station 2412+00 to station 2464+80, towns of Yarmouth and Dennis, state of Mass.</mods:abstract>
   <mods:targetAudience>CHO</mods:targetAudience>
   <mods:targetAudience>GEO</mods:targetAudience>
   <mods:note type="ownership">Archives &amp; Special Collections at the Thomas J. Dodd Research Center, University of Connecticut Libraries</mods:note>
   <mods:note type="source note">New York, New Haven, and Hartford Railroad Company Valuation Maps Collection</mods:note>
   <mods:note>Bounding box coordinates recorded as S, W, N, E</mods:note>
   <mods:subject>
      <mods:topic>Railroads</mods:topic>
      <mods:geographic>Yarmouth (Mass.)</mods:geographic>
      <mods:geographic>Dennis (Mass.)</mods:geographic>
      <mods:geographic>Cape Cod (Mass.)</mods:geographic>
      <mods:geographic>Massachusetts</mods:geographic>
      <mods:cartographics>
         <mods:coordinates>41.687927, -70.183415, 41.696522, -70.162198</mods:coordinates>
      </mods:cartographics>
   </mods:subject>
   <mods:identifier type="local">Roll no. 77</mods:identifier>
   <mods:identifier type="local">Valuation no. 6.14</mods:identifier>
   <mods:identifier type="local">sheet 47</mods:identifier>
   <mods:identifier type="local">Accession number MSS1998-0378</mods:identifier>
   <mods:identifier type="local">uconn_asc_1998-0378_map_6_14_47.tif</mods:identifier>
   <mods:accessCondition type="use and reproduction">These Materials are provided for educational and research purposes only. The University of Connecticut Libraries hold the copyright except where noted. Permission must be obtained in writing from the University of Connecticut Libraries and/or the owner(s) of the copyright to publish reproductions or quotations beyond "fair use."</mods:accessCondition>
   <mods:accessCondition type="restrictions on access">The collection is open and available for research.</mods:accessCondition>
   <mods:extension xmlns:fgdc="http://www.fgdc.gov/schemas/metadata/fgdc-std-001-1998.xsd">
      <fgdc:metadata>
         <fgdc:idinfo>
            <fgdc:spdom>
               <fgdc:bounding>
                  <fgdc:westbc>-70.183415</fgdc:westbc>
                  <fgdc:eastbc>-70.162198</fgdc:eastbc>
                  <fgdc:northbc>41.696522</fgdc:northbc>
                  <fgdc:southbc>41.687927</fgdc:southbc>
               </fgdc:bounding>
            </fgdc:spdom>
         </fgdc:idinfo>
      </fgdc:metadata>
   </mods:extension>
   <mods:recordInfo>
      <mods:recordContentSource>University of Connecticut Libraries</mods:recordContentSource>
      <mods:recordCreationDate encoding="w3cdtf">2015-04-07-04:00</mods:recordCreationDate>
      <mods:languageOfCataloging>
         <mods:languageTerm authority="iso639-2b" type="code">eng</mods:languageTerm>
      </mods:languageOfCataloging>
      <mods:recordOrigin>This MODS record was migrated from University of Connecticut Libraries Archives and Special Collections CONTENTdm site. . Other information: MJB</mods:recordOrigin>
   </mods:recordInfo>
<identifier xmlns="http://www.loc.gov/mods/v3" type="hdl">http://hdl.handle.net/11134/20002:860060494</identifier></mods:mods></metadata></record><record><header><identifier>oai:drupal-site.org:20002_860073878</identifier><datestamp>2015-09-02T12:06:42Z</datestamp><setSpec>20002_FilmVideo</setSpec></header><metadata><mods:mods xmlns:mods="http://www.loc.gov/mods/v3" xmlns="http://www.loc.gov/mods/v3" xmlns:xsi="http://www.w3.org/2001/XMLSchema-instance" xmlns:xlink="http://www.w3.org/1999/xlink">
  <mods:titleInfo>
    <mods:title>Fifty Years After Nuremberg: Nobel Laureate Address by Oscar Arias</mods:title>
  </mods:titleInfo>
  <mods:name type="corporate" authority="naf" valueURI="http://lccn.loc.gov/n79056688">
    <mods:namePart>University of Connecticut</mods:namePart>
    <mods:role>
      <mods:roleTerm type="text" authority="marcrelator">Collector</mods:roleTerm>
    </mods:role>
  </mods:name>
  <mods:typeOfResource>moving image</mods:typeOfResource>
  <mods:genre authority="aat" valueURI="300263857">moving images</mods:genre>
  <mods:originInfo>
    <mods:place>
      <mods:placeTerm type="text">Storrs, CT</mods:placeTerm>
    </mods:place>
    <mods:publisher>University of Connecticut</mods:publisher>
    <mods:dateIssued encoding="w3cdtf" keyDate="yes">1995</mods:dateIssued>
  </mods:originInfo>
  <mods:physicalDescription>
    <mods:internetMediaType>video/mp4</mods:internetMediaType>
    <mods:digitalOrigin>reformatted digital</mods:digitalOrigin>
  </mods:physicalDescription>
  <mods:abstract/>
  <mods:note type="ownership">Archives &amp; Special Collections at the Thomas J. Dodd Research Center, University of Connecticut Libraries</mods:note>
  <mods:note type="source note">University Film Collection</mods:note>
  <mods:note type="source identifier">MSS 2004.0025</mods:note>
  <mods:note type="source identifier">9917914143502432 </mods:note>
  <mods:subject>
    
      <mods:topic authority="fast" valueURI="http://id.worldcat.org/fast/963285">Human rights</mods:topic>
    <mods:geographic authority="tgn" valueURI="7014549">Storrs (inhabited place)</mods:geographic>
    <mods:geographic authority="tgn" valueURI="7005364">Costa Rica (nation)</mods:geographic>
    <mods:name type="corporate" authority="naf" valueURI="http://lccn.loc.gov/n79056688">
      <mods:namePart>University of Connecticut</mods:namePart>
    </mods:name>
    <mods:name type="personal" authority="naf" valueURI="http://lccn.loc.gov/n81144540">
      <mods:namePart>Arias Sánchez, Óscar</mods:namePart>
    </mods:name>
    <mods:name type="personal" authority="local">
      <mods:namePart>Narnar, Michael A.</mods:namePart>
    </mods:name>
  </mods:subject>
  <mods:accessCondition type="use and reproduction">These Materials are provided for educational and research purposes only. The University of Connecticut Libraries hold the copyright except where noted. Permission must be obtained in writing from the University of Connecticut Libraries and/or the owner(s) of the copyright to publish reproductions or quotations beyond "fair use."</mods:accessCondition>
  <mods:accessCondition type="restrictions on access">The collection is open and available for research.</mods:accessCondition>
  <mods:recordInfo>
    <mods:recordContentSource>University of Connecticut Libraries</mods:recordContentSource>
    <mods:languageOfCataloging>
      <mods:languageTerm type="code" authority="iso639-2b">eng</mods:languageTerm>
    </mods:languageOfCataloging>
  </mods:recordInfo>
<identifier type="hdl">http://hdl.handle.net/11134/20002:860073878</identifier></mods:mods></metadata></record><record><header><identifier>oai:drupal-site.org:20002_860116527</identifier><datestamp>2016-02-10T23:02:13Z</datestamp><setSpec>20002_19970129SOMResCouncil</setSpec></header><metadata><mods:mods xmlns:mods="http://www.loc.gov/mods/v3" xmlns="http://www.loc.gov/mods/v3" xmlns:xsi="http://www.w3.org/2001/XMLSchema-instance" xmlns:xlink="http://www.w3.org/1999/xlink">
  <mods:targetAudience>CHO</mods:targetAudience>
  <mods:titleInfo>
    <mods:title>2006-11-29 Minutes</mods:title>
  </mods:titleInfo>
  <mods:name type="corporate" authority="naf" valueURI="https://lccn.loc.gov/n79089278">
    <mods:namePart>University of Connecticut. Health Center.</mods:namePart>
    <mods:role>
      <mods:roleTerm type="text" authority="marcrelator">Creator</mods:roleTerm>
    </mods:role>
  </mods:name>
  <mods:typeOfResource>text</mods:typeOfResource>
  <mods:genre authority="aat" valueURI="300027440">minutes (administrative records)</mods:genre>
  <mods:originInfo>
    <mods:dateIssued encoding="w3cdtf" keyDate="yes">2006-11-29</mods:dateIssued>
  </mods:originInfo>
  <mods:physicalDescription>
    <mods:internetMediaType>application/pdf</mods:internetMediaType>
    <mods:digitalOrigin>reformatted digital</mods:digitalOrigin>
  </mods:physicalDescription>
  
  <mods:note type="ownership">Archives &amp; Special Collections at the Thomas J. Dodd Research Center, University of Connecticut Libraries</mods:note>
  <mods:note type="source note">University of Connecticut Health Center Records</mods:note>
  <mods:note type="source identifier">MSS 1997.0129</mods:note>
  
    <mods:name type="corporate" authority="naf" valueURI="https://lccn.loc.gov/n79089278">
      <mods:namePart>University of Connecticut. Health Center.</mods:namePart>
    </mods:name>
  <mods:identifier type="local">MSS 1997.0129</mods:identifier>
  <mods:identifier type="local">1997.0129/SOM/ResearchCouncil</mods:identifier>
  <mods:accessCondition type="use and reproduction">This work is licensed under a Creative Commons Attribution-NonCommercial 4.0 International License, CC BY-NC.</mods:accessCondition>
  <mods:recordInfo>
    <mods:recordContentSource>University of Connecticut Libraries</mods:recordContentSource>
    <mods:languageOfCataloging>
      <mods:languageTerm type="code" authority="iso639-2b">eng</mods:languageTerm>
    </mods:languageOfCataloging>
  </mods:recordInfo>
<identifier type="hdl">http://hdl.handle.net/11134/20002:860116527</identifier></mods:mods></metadata></record><record><header><identifier>oai:drupal-site.org:20002_199709325</identifier><datestamp>2014-12-10T18:14:36Z</datestamp><setSpec>20002_MSS19890073</setSpec></header><metadata><mods:mods xmlns:mods="http://www.loc.gov/mods/v3" xmlns:xlink="http://www.w3.org/1999/xlink" xmlns:xsi="http://www.w3.org/2001/XMLSchema-instance">
   <mods:titleInfo>
      <mods:title>Railroad Bridge, Putnam</mods:title>
   </mods:titleInfo>
   <mods:typeOfResource>still image</mods:typeOfResource>
   <mods:genre authority="aat" valueURI="300046300">photographs</mods:genre>
   <mods:originInfo>
      <mods:dateIssued encoding="w3cdtf" keyDate="yes" point="start">1880</mods:dateIssued>
      <mods:dateIssued encoding="w3cdtf" keyDate="yes" point="end">1920</mods:dateIssued>
   </mods:originInfo>
   <mods:physicalDescription>
      <mods:internetMediaType>image/tiff</mods:internetMediaType>
      <mods:digitalOrigin>reformatted digital</mods:digitalOrigin>
   </mods:physicalDescription>
   <mods:abstract>Train engine pulling cars over steel bridge near open fields and houses.</mods:abstract>
   <mods:targetAudience>CHO</mods:targetAudience>
   <mods:note type="ownership">Archives &amp; Special Collections at the Thomas J. Dodd Research Center, University of Connecticut Libraries</mods:note>
   <mods:note type="source note">Leroy Roberts CT Railroad Station Photograph Collection</mods:note>
   <mods:note type="theme">Environment</mods:note>
   <mods:note type="theme">Infrastructure</mods:note>
   <mods:subject>
      <mods:topic>Railroad bridges</mods:topic>
      <mods:topic>Dwellings</mods:topic>
      <mods:geographic>Putnam (inhabited place)</mods:geographic>
   </mods:subject>
   <mods:identifier type="local">Accession number UC17-1197</mods:identifier>
   <mods:identifier type="local">IMG0059-0919</mods:identifier>
   <mods:location>
      <mods:physicalLocation>ff-Putnam</mods:physicalLocation>
   </mods:location>
   <mods:accessCondition type="use and reproduction">Permission to publish from these Papers must be obtained in writing from both the University of Connecticut Libraries and the owner(s) of the copyright.</mods:accessCondition>
   <mods:accessCondition type="use and reproduction" displayLabel="Digital Object Disclaimer" xlink:href="http://doddcenter.uconn/asc/research/reproduction.htm">This digital object is owned, held, or licensed by the University of Connecticut and is available for non-commercial or education use only. Ownership must be properly cited. Any commercial use of this object without express written permission of the University of Connecticut is strictly prohibited. For more information or to obtain a reproduction of this digital object, contact University Archives &amp; Special Collections.</mods:accessCondition>
   <mods:accessCondition type="use and reproduction" displayLabel="Intellectual Rights Statement">As a publically supported institution, the University of Connecticut Libraries generally does not own rights in its collections. Permission to publish from these papers must be obtained in writing from both the University of Connecticut Libraries and the owner(s) of the copyright. Possible fees may be incurred on the part of the user.</mods:accessCondition>
   <mods:accessCondition type="restrictions on access">The collection is open and available for research.</mods:accessCondition>
   <mods:recordInfo>
      <mods:recordContentSource>University of Connecticut Libraries</mods:recordContentSource>
      <mods:recordCreationDate encoding="w3cdtf">2014-05-28-04:00</mods:recordCreationDate>
      <mods:languageOfCataloging>
         <mods:languageTerm authority="iso639-2b" type="code">eng</mods:languageTerm>
      </mods:languageOfCataloging>
      <mods:recordOrigin>This MODS record was migrated from CHO's CONTENTdm. The object had the following CONTENTdm reference URL: http://images.lib.uconn.edu:81/u?/cho,7178 and CONTENTdm file name: 7305.jp2</mods:recordOrigin>
   </mods:recordInfo>
<identifier xmlns="http://www.loc.gov/mods/v3" type="hdl">http://hdl.handle.net/11134/20002:199709325</identifier></mods:mods></metadata></record><record><header><identifier>oai:drupal-site.org:20002_860119231</identifier><datestamp>2016-02-17T13:57:01Z</datestamp><setSpec>20002_CG</setSpec></header><metadata><mods:mods xmlns:mods="http://www.loc.gov/mods/v3" xmlns="http://www.loc.gov/mods/v3" xmlns:xsi="http://www.w3.org/2001/XMLSchema-instance" xmlns:xlink="http://www.w3.org/1999/xlink">
  <mods:titleInfo>
    <mods:title>A Guide to the Maxine Bartow Papers</mods:title>
  </mods:titleInfo>
  <mods:typeOfResource>text</mods:typeOfResource>
  <mods:genre authority="aat" valueURI="300026539">finding aids</mods:genre>
  <mods:originInfo>
    <mods:dateIssued encoding="w3cdtf" keyDate="yes">2002</mods:dateIssued>
  </mods:originInfo>
  <mods:note type="ownership">Archives &amp; Special Collections at the Thomas J. Dodd Research Center, University of Connecticut Libraries</mods:note>
  <mods:accessCondition type="use and reproduction">This work is licensed under a Creative Commons Attribution-NonCommercial 4.0 International License, CC BY-NC.</mods:accessCondition>
  <mods:recordInfo>
    <mods:recordContentSource>University of Connecticut Libraries</mods:recordContentSource>
    <mods:languageOfCataloging>
      <mods:languageTerm type="code" authority="iso639-2b">eng</mods:languageTerm>
    </mods:languageOfCataloging>
  </mods:recordInfo>
<identifier type="hdl">http://hdl.handle.net/11134/20002:860119231</identifier></mods:mods></metadata></record><record><header><identifier>oai:drupal-site.org:20002_860046480</identifier><datestamp>2016-11-25T03:34:44Z</datestamp><setSpec>20002_IMTNuremberg</setSpec></header><metadata><mods:mods xmlns:mods="http://www.loc.gov/mods/v3" xmlns:xlink="http://www.w3.org/1999/xlink" xmlns:xsi="http://www.w3.org/2001/XMLSchema-instance" xmlns="http://www.loc.gov/mods/v3" version="3.5" xsi:schemaLocation="http://www.loc.gov/mods/v3 http://www.loc.gov/standards/mods/v3/mods-3-5.xsd">
  <mods:titleInfo>
    <mods:title>Thomas Dodd and Lord Geoffrey Laurence</mods:title>
  </mods:titleInfo>
  <mods:name authority="fast" authorityURI="http://id.worldcat.org/fast/255922" type="personal">
    <mods:namePart>Dodd, Thomas J. (Thomas Joseph), 1907-1971</mods:namePart>
    <mods:role>
      <mods:roleTerm authority="marcrelator" type="text">collector</mods:roleTerm>
    </mods:role>
  </mods:name>
  <mods:typeOfResource>still image</mods:typeOfResource>
  <mods:genre authority="aat" authorityURI="300046300">photographs</mods:genre>
  <mods:originInfo>
    <mods:publisher>Archives &amp; Special Collections at the Thomas J. Dodd Research Center, University of Connecticut Libraries</mods:publisher>
    <mods:dateIssued encoding="w3cdtf" keyDate="yes" qualifier="inferred" point="start">1945</mods:dateIssued>
    <mods:dateIssued encoding="w3cdtf" keyDate="yes" qualifier="inferred" point="end">1946</mods:dateIssued>
  </mods:originInfo>
  <mods:physicalDescription>
    <mods:internetMediaType>jp2</mods:internetMediaType>
    <mods:digitalOrigin>reformatted digital</mods:digitalOrigin>
  </mods:physicalDescription>
  <mods:abstract>Encompasses a wide range of subjects and is arranged thematically according to the following categories: General Administrative; Witnesses; Defense; Interrogations; Evidence;  Thomas Dodd; Justice  Robert Jackson; Transcript Indexes; Transcripts; Photographs; Other Trials; and Post-Trial.</mods:abstract>
  <mods:note type="Preferred Citation">
					Thomas Dodd and Lord Geoffrey Laurence, 371:8473, Thomas J. Dodd Papers. Archives &amp; Special Collections at the Thomas J. Dodd Research Center, University of Connecticut Libraries.</mods:note>
  <mods:subject>
    <mods:topic authority="fast" authorityURI="http://id.worldcat.org/fast/1709901">Nuremberg War Crime Trials (Germany : 1946-1949)</mods:topic>
  </mods:subject>
  <mods:identifier type="local">MSS19940065:371:8473</mods:identifier>
  <mods:accessCondition type="use and reproduction">This work is licensed under a Creative Commons Attribution-NonCommercial 4.0 International License, CC BY-NC.</mods:accessCondition>
  <mods:recordInfo>
    <mods:recordCreationDate encoding="w3cdtf">2011-12-16T15:09-0500</mods:recordCreationDate>
    <mods:recordOrigin>This finding aid was produced using the Archivists' Toolkit</mods:recordOrigin>
    <mods:languageOfCataloging>
      <mods:languageTerm type="code" authority="iso639-3">eng</mods:languageTerm>
    </mods:languageOfCataloging>
    <mods:descriptionStandard>Describing Archives: A Content Standard</mods:descriptionStandard>
    <mods:recordContentSource>University of Connecticut Libraries</mods:recordContentSource>
    <mods:languageOfCataloging>
      <mods:languageTerm type="code" authority="iso639-2b">eng</mods:languageTerm>
    </mods:languageOfCataloging>
  </mods:recordInfo>
  <identifier type="hdl">http://hdl.handle.net/11134/20002:860046480</identifier>
  <mods:note type="ownership">Archives &amp; Special Collections at the Thomas J. Dodd Research Center, University of Connecticut Libraries</mods:note>
  <mods:note type="source note">Thomas J. Dodd Papers</mods:note>
  <mods:note type="source identifier">MSS 1994.0065</mods:note>
  <mods:identifier type="local">1994-0065/SeriesVII/Box371:8473_0001</mods:identifier>
</mods:mods></metadata></record><record><header><identifier>oai:drupal-site.org:20002_860157188</identifier><datestamp>2016-11-23T15:48:35Z</datestamp><setSpec>20002_MSS19930062</setSpec></header><metadata><mods:mods xmlns:mods="http://www.loc.gov/mods/v3" xmlns="http://www.loc.gov/mods/v3" xmlns:xsi="http://www.w3.org/2001/XMLSchema-instance" xmlns:xlink="http://www.w3.org/1999/xlink" version="3.5" xsi:schemaLocation="http://www.loc.gov/mods/v3 http://www.loc.gov/standards/mods/v3/mods-3-5.xsd">
  <mods:titleInfo>
    <mods:title>New Haven Railroad lightweight streamlined coach, Boston</mods:title>
  </mods:titleInfo>
  <mods:typeOfResource>still image</mods:typeOfResource>
  <mods:physicalDescription>
    <mods:digitalOrigin>reformatted digital</mods:digitalOrigin>
    <mods:internetMediaType>image/tiff</mods:internetMediaType>
  </mods:physicalDescription>
  <mods:note type="ownership">Archives &amp; Special Collections at the Thomas J. Dodd Research Center, University of Connecticut Libraries</mods:note>
  <mods:accessCondition type="use and reproduction">This work is licensed under a Creative Commons Attribution-NonCommercial 4.0 International License, CC BY-NC.</mods:accessCondition>
  <mods:recordInfo>
    <mods:recordContentSource>University of Connecticut Libraries</mods:recordContentSource>
    <mods:languageOfCataloging>
      <mods:languageTerm type="code" authority="iso639-2b">eng</mods:languageTerm>
    </mods:languageOfCataloging>
  </mods:recordInfo>
  <identifier type="hdl">http://hdl.handle.net/11134/20002:860157188</identifier>
  <mods:name type="personal" authority="local">
    <mods:namePart>Wall, James W.</mods:namePart>
    <mods:role>
      <mods:roleTerm type="text" authority="marcrelator">Photographer</mods:roleTerm>
    </mods:role>
  </mods:name>
  <mods:genre authority="aat" valueURI="300046300">photographs</mods:genre>
  <mods:originInfo>
    <mods:dateIssued encoding="w3cdtf" keyDate="yes">1935-02-05</mods:dateIssued>
  </mods:originInfo>
  <mods:abstract>New Haven Railroad lightweight streamlined coach seen from the Broadway Bridge in Boston, Massachusetts. The Albany Street bridge is at the left and the Boston &amp; Albany Railroad Freight House No. 3 is at the right.</mods:abstract>
  <mods:note type="source note">James W. Wall Collection</mods:note>
  <mods:subject>
    <mods:geographic authority="tgn" valueURI="7013445">Boston (inhabited place)</mods:geographic>
    <mods:cartographics>
      <mods:coordinates>42.401658, -71.060510</mods:coordinates>
    </mods:cartographics>
    <mods:name type="corporate" authority="fast" valueURI="http://id.worldcat.org/fast/621230">
      <mods:namePart>New York, New Haven, and Hartford Railroad Company</mods:namePart>
    </mods:name>
  </mods:subject>
</mods:mods></metadata></record><record><header><identifier>oai:drupal-site.org:20002_860066196</identifier><datestamp>2015-07-02T13:55:03Z</datestamp><setSpec>20002_MassValuationMaps</setSpec></header><metadata><mods:mods xmlns:mods="http://www.loc.gov/mods/v3" xmlns:xlink="http://www.w3.org/1999/xlink" xmlns:xsi="http://www.w3.org/2001/XMLSchema-instance">
   <mods:titleInfo>
      <mods:title>Southwick, Massachusetts</mods:title>
   </mods:titleInfo>
   <mods:name type="corporate" authority="naf" valueURI="http://id.loc.gov/authorities/names/n86134559">
      <mods:namePart>New York, New Haven, and Hartford Railroad Company</mods:namePart>
      <mods:role>
         <mods:roleTerm authority="marcrelator" authorityURI="http://id.loc.gov/vocabulary/relators" valueURI="http://id.loc.gov/vocabulary/relators/cre" type="text">Creator</mods:roleTerm>
      </mods:role>
   </mods:name>
   <mods:typeOfResource>cartographic</mods:typeOfResource>
   <mods:genre authority="aat" valueURI="300028094">maps (documents)</mods:genre>
   <mods:genre authority="aat" valueURI="300264387">images (object genre)</mods:genre>
   <mods:originInfo>
      <mods:dateIssued encoding="w3cdtf" keyDate="yes">1915-06-30</mods:dateIssued>
   </mods:originInfo>
   <mods:physicalDescription>
      <mods:internetMediaType>image/jp2</mods:internetMediaType>
      <mods:digitalOrigin>reformatted digital</mods:digitalOrigin>
      <mods:note type="physical description">Source extent: 1 map ; 142 x 61 cm 1 map ; 142 x 61 cm</mods:note>
   </mods:physicalDescription>
   <mods:abstract>Right of way and track map, the New York, New Haven and Hartford R.R. Co. ΓÇª from New Haven to Shelburne Jct., station 1262+41.5 to station 1315+22, town of Southwick, state of Mass.</mods:abstract>
   <mods:targetAudience>CHO</mods:targetAudience>
   <mods:targetAudience>GEO</mods:targetAudience>
   <mods:note type="ownership">Archives &amp; Special Collections at the Thomas J. Dodd Research Center, University of Connecticut Libraries</mods:note>
   <mods:note type="source note">New York, New Haven, and Hartford Railroad Company Valuation Maps Collection</mods:note>
   <mods:note>Bounding box coordinates recorded as S, W, N, E</mods:note>
   <mods:subject>
      <mods:topic>Ice houses</mods:topic>
      <mods:topic>Railroads</mods:topic>
      <mods:geographic>Southwick (Mass.)</mods:geographic>
      <mods:geographic>Congamond Lake (Conn. and Mass.)</mods:geographic>
      <mods:geographic>Suffield (Conn.)</mods:geographic>
      <mods:geographic>Massachusetts</mods:geographic>
      <mods:name type="corporate" authority="local">
         <mods:namePart>Berkshire Ice Company</mods:namePart>
      </mods:name>
      <mods:cartographics>
         <mods:coordinates>42.002068, -72.773865, 42.018219, -72.763592</mods:coordinates>
      </mods:cartographics>
   </mods:subject>
   <mods:identifier type="local">Roll no. 242</mods:identifier>
   <mods:identifier type="local">Valuation no. 56.10, sheet 52</mods:identifier>
   <mods:identifier type="local">Accession number MSS1998-0378</mods:identifier>
   <mods:identifier type="local">uconn_asc_1998-0378_map_56_10_52.tif</mods:identifier>
   <mods:accessCondition type="use and reproduction">These Materials are provided for educational and research purposes only. The University of Connecticut Libraries hold the copyright except where noted. Permission must be obtained in writing from the University of Connecticut Libraries and/or the owner(s) of the copyright to publish reproductions or quotations beyond "fair use."</mods:accessCondition>
   <mods:accessCondition type="restrictions on access">The collection is open and available for research.</mods:accessCondition>
   <mods:extension xmlns:fgdc="http://www.fgdc.gov/schemas/metadata/fgdc-std-001-1998.xsd">
      <fgdc:metadata>
         <fgdc:idinfo>
            <fgdc:spdom>
               <fgdc:bounding>
                  <fgdc:westbc>-72.773865</fgdc:westbc>
                  <fgdc:eastbc>-72.763592</fgdc:eastbc>
                  <fgdc:northbc>42.018219</fgdc:northbc>
                  <fgdc:southbc>42.002068</fgdc:southbc>
               </fgdc:bounding>
            </fgdc:spdom>
         </fgdc:idinfo>
      </fgdc:metadata>
   </mods:extension>
   <mods:recordInfo>
      <mods:recordContentSource>University of Connecticut Libraries</mods:recordContentSource>
      <mods:recordCreationDate encoding="w3cdtf">2015-04-07-04:00</mods:recordCreationDate>
      <mods:languageOfCataloging>
         <mods:languageTerm authority="iso639-2b" type="code">eng</mods:languageTerm>
      </mods:languageOfCataloging>
      <mods:recordOrigin>This MODS record was migrated from University of Connecticut Libraries Archives and Special Collections CONTENTdm site. . Other information: reviewed by wda</mods:recordOrigin>
   </mods:recordInfo>
<identifier xmlns="http://www.loc.gov/mods/v3" type="hdl">http://hdl.handle.net/11134/20002:860066196</identifier></mods:mods></metadata></record><record><header><identifier>oai:drupal-site.org:20002_860221435</identifier><datestamp>2016-11-22T13:41:59Z</datestamp><setSpec>20002_860169623</setSpec></header><metadata><mods:mods xmlns:mods="http://www.loc.gov/mods/v3" xmlns="http://www.loc.gov/mods/v3" xmlns:xsi="http://www.w3.org/2001/XMLSchema-instance" xmlns:xlink="http://www.w3.org/1999/xlink">
  <mods:titleInfo>
    <mods:title>The Daily Campus, Volume 92, Number 16</mods:title>
  </mods:titleInfo>
  <mods:name type="personal">
    <mods:namePart>Amspacher, Jim</mods:namePart>
    <mods:role>
      <mods:roleTerm authority="marcrelator" type="text">Editor</mods:roleTerm>
    </mods:role>
  </mods:name>
  <mods:typeOfResource>text</mods:typeOfResource>
  <mods:genre authority="aat" valueURI="300026656">newspapers</mods:genre>
  
  <mods:originInfo>
    <mods:publisher>University of Connecticut</mods:publisher>
    <mods:place>
      <mods:placeTerm type="text">Storrs, CT</mods:placeTerm>
    </mods:place>
    <mods:dateIssued encoding="w3cdtf" keyDate="yes">1988-09-27</mods:dateIssued>
    <mods:issuance>serial</mods:issuance>
  </mods:originInfo>
  <mods:accessCondition type="use and reproduction">This work is licensed under a Creative Commons Attribution-NonCommercial 4.0 International License, CC BY-NC.</mods:accessCondition>
  <mods:recordInfo>
    <mods:recordContentSource>University of Connecticut Libraries</mods:recordContentSource>
    <mods:languageOfCataloging>
      <mods:languageTerm type="code" authority="iso639-2b">eng</mods:languageTerm>
    </mods:languageOfCataloging>
  </mods:recordInfo>
</mods:mods></metadata></record><record><header><identifier>oai:drupal-site.org:20002_860062847</identifier><datestamp>2015-06-25T19:56:43Z</datestamp><setSpec>20002_Skating</setSpec></header><metadata><mods:mods xmlns:mods="http://www.loc.gov/mods/v3" xmlns="http://www.loc.gov/mods/v3" xmlns:xsi="http://www.w3.org/2001/XMLSchema-instance" xmlns:xlink="http://www.w3.org/1999/xlink">
  <mods:titleInfo>
    <mods:title>Dick Button on skates</mods:title>
    <mods:subTitle/>
  </mods:titleInfo>
  <mods:name type="personal" authority="local">
    <mods:namePart>Button, Dick, 1929-</mods:namePart>
  </mods:name>
  <mods:name type="personal" authority="local">
    <mods:namePart/>
  </mods:name>
  <mods:name type="personal" authority="local">
    <mods:namePart/>
  </mods:name>
  <mods:typeOfResource>text</mods:typeOfResource>
  <mods:genre authority="aat" valueURI="300060417">monographs</mods:genre>
  <mods:originInfo>
    <mods:place>
      <mods:placeTerm type="text">London</mods:placeTerm>
    </mods:place>
    <mods:publisher>P. Davies</mods:publisher>
    <mods:dateIssued encoding="w3cdtf" keyDate="yes">1956</mods:dateIssued>
  </mods:originInfo>
  <mods:physicalDescription>
    <mods:internetMediaType>image/jp2</mods:internetMediaType>
    <mods:digitalOrigin>reformatted digital</mods:digitalOrigin>
  </mods:physicalDescription>
  <mods:note type="ownership">Archives &amp; Special Collections at the Thomas J. Dodd Research Center, University of Connecticut Libraries</mods:note>
  <mods:subject>
    <mods:topic authority="fast" valueURI="http://id.worldcat.org/fast/1119901">Skating</mods:topic>
    <mods:topic authority="fast" valueURI="http://id.worldcat.org/fast/1119895">Skaters</mods:topic>
  </mods:subject>
  <mods:identifier type="local">Skating 155</mods:identifier>
  <mods:identifier type="local">17015218</mods:identifier>
  <mods:accessCondition type="use and reproduction">These Materials are provided for educational and research purposes only. The University of Connecticut Libraries hold the copyright except where noted. Permission must be obtained in writing from the University of Connecticut Libraries and/or the owner(s) of the copyright to publish reproductions or quotations beyond "fair use."</mods:accessCondition>
  <mods:accessCondition type="restrictions on access">The collection is open and available for research.</mods:accessCondition>
  <mods:recordInfo>
    <mods:recordContentSource>University of Connecticut Libraries</mods:recordContentSource>
    <mods:languageOfCataloging>
      <mods:languageTerm type="code" authority="iso639-2b">eng</mods:languageTerm>
    </mods:languageOfCataloging>
  </mods:recordInfo>
<identifier type="hdl">http://hdl.handle.net/11134/20002:860062847</identifier></mods:mods></metadata></record><record><header><identifier>oai:drupal-site.org:20002_860201539</identifier><datestamp>2016-09-30T19:07:06Z</datestamp><setSpec>20002_mexicostreetchildren</setSpec></header><metadata><mods:mods xmlns:mods="http://www.loc.gov/mods/v3" xmlns="http://www.loc.gov/mods/v3" xmlns:xsi="http://www.w3.org/2001/XMLSchema-instance" xmlns:xlink="http://www.w3.org/1999/xlink">
  <mods:titleInfo type="alternative">
    <mods:title>Portrait Of A Street Boy Inhaling Drugs</mods:title>
  </mods:titleInfo>
  <mods:name type="personal" authority="naf" valueURI="https://lccn.loc.gov/n97852224">
    <mods:namePart>Romano, U. Roberto</mods:namePart>
    <mods:role>
      <mods:roleTerm type="text" authority="marcrelator">Creator</mods:roleTerm>
    </mods:role>
  </mods:name>
  <mods:typeOfResource>still image</mods:typeOfResource>
  <mods:genre authority="aat" valueURI="300046300">photographs</mods:genre>
  <mods:originInfo>
    <mods:dateIssued encoding="w3cdtf" keyDate="yes">2002</mods:dateIssued>
  </mods:originInfo>
  <mods:physicalDescription>
    <mods:internetMediaType>image/jpg</mods:internetMediaType>
    <mods:digitalOrigin>born digital</mods:digitalOrigin>
  </mods:physicalDescription>
  <mods:abstract>A boy sits on the streets of Mexico City, Mexico.</mods:abstract>
  <mods:note type="ownership">Archives &amp; Special Collections at the Thomas J. Dodd Research Center, University of Connecticut Libraries</mods:note>
  <mods:note type="source note">U. Roberto (Robin) Romano Papers, 1971-2011</mods:note>
  <mods:subject>
    <mods:topic authority="fast" valueURI="1134655">Street children</mods:topic>
    <mods:topic authority="fast" valueURI="898761">Drugs</mods:topic>
    <mods:topic authority="fast" valueURI="1074093">Poverty</mods:topic>
    <mods:topic authority="fast" valueURI="856519">Children's rights</mods:topic>
    <mods:geographic authority="tgn" valueURI="7007227">Mexico City (inhabited place)</mods:geographic>
    <mods:geographic authority="tgn" valueURI="7005560">Mexico (nation)</mods:geographic>
    <mods:cartographics>
      <mods:coordinates>19 26 03 N  099 08 19 W</mods:coordinates>
    </mods:cartographics>
    <mods:name type="personal" authority="naf" valueURI="https://lccn.loc.gov/n97852224">
      <mods:namePart>Romano, U. Roberto</mods:namePart>
    </mods:name>
  </mods:subject>
  <mods:identifier type="local">0203ror20#24</mods:identifier>
  <mods:accessCondition type="use and reproduction">This work is licensed under a Creative Commons Attribution-NonCommercial 4.0 International License, CC BY-NC.</mods:accessCondition>
  <mods:recordInfo>
    <mods:recordContentSource>University of Connecticut Libraries</mods:recordContentSource>
    <mods:languageOfCataloging>
      <mods:languageTerm type="code" authority="iso639-2b">eng</mods:languageTerm>
    </mods:languageOfCataloging>
  </mods:recordInfo>
<identifier type="hdl">http://hdl.handle.net/11134/20002:860201539</identifier></mods:mods></metadata></record><record><header><identifier>oai:drupal-site.org:20002_199706432</identifier><datestamp>2014-12-10T18:21:24Z</datestamp><setSpec>20002_MSS19890073</setSpec></header><metadata><mods:mods xmlns:mods="http://www.loc.gov/mods/v3" xmlns:xlink="http://www.w3.org/1999/xlink" xmlns:xsi="http://www.w3.org/2001/XMLSchema-instance">
   <mods:titleInfo>
      <mods:title>New York, New Haven And Hartford Railroad Station And Buckingham Memorial, Norwich</mods:title>
   </mods:titleInfo>
   <mods:typeOfResource>still image</mods:typeOfResource>
   <mods:genre authority="aat" valueURI="300046300">photographs</mods:genre>
   <mods:genre authority="aat" valueURI="300026816">postcards</mods:genre>
   <mods:originInfo>
      <mods:dateIssued encoding="w3cdtf" keyDate="yes" qualifier="approximate">1911</mods:dateIssued>
   </mods:originInfo>
   <mods:physicalDescription>
      <mods:internetMediaType>image/tiff</mods:internetMediaType>
      <mods:digitalOrigin>reformatted digital</mods:digitalOrigin>
   </mods:physicalDescription>
   <mods:abstract>Railroad tracks near covered platform extending from station building. Houses and buildings in background.</mods:abstract>
   <mods:targetAudience>CHO</mods:targetAudience>
   <mods:note type="ownership">Archives &amp; Special Collections at the Thomas J. Dodd Research Center, University of Connecticut Libraries</mods:note>
   <mods:note type="source note">Leroy Roberts CT Railroad Station Photograph Collection</mods:note>
   <mods:note type="theme">Infrastructure</mods:note>
   <mods:note type="theme">Environment</mods:note>
   <mods:note>Postmark bleed through on postcard.</mods:note>
   <mods:subject>
      <mods:topic>Railroad stations</mods:topic>
      <mods:topic>Dwellings</mods:topic>
      <mods:geographic>Norwich (inhabited place)</mods:geographic>
      <mods:name type="corporate" authority="local">
         <mods:namePart>New York, New Haven and Hartford Railroad Company</mods:namePart>
      </mods:name>
   </mods:subject>
   <mods:identifier type="local">Accession number UC17-1038</mods:identifier>
   <mods:identifier type="local">IMG0091-1456</mods:identifier>
   <mods:location>
      <mods:physicalLocation>ff-Norwich/NHRR station</mods:physicalLocation>
   </mods:location>
   <mods:accessCondition type="use and reproduction">Permission to publish from these Papers must be obtained in writing from both the University of Connecticut Libraries and the owner(s) of the copyright.</mods:accessCondition>
   <mods:accessCondition type="use and reproduction" displayLabel="Digital Object Disclaimer" xlink:href="http://doddcenter.uconn/asc/research/reproduction.htm">This digital object is owned, held, or licensed by the University of Connecticut and is available for non-commercial or education use only. Ownership must be properly cited. Any commercial use of this object without express written permission of the University of Connecticut is strictly prohibited. For more information or to obtain a reproduction of this digital object, contact University Archives &amp; Special Collections.</mods:accessCondition>
   <mods:accessCondition type="use and reproduction" displayLabel="Intellectual Rights Statement">As a publically supported institution, the University of Connecticut Libraries generally does not own rights in its collections. Permission to publish from these papers must be obtained in writing from both the University of Connecticut Libraries and the owner(s) of the copyright. Possible fees may be incurred on the part of the user.</mods:accessCondition>
   <mods:accessCondition type="restrictions on access">The collection is open and available for research.</mods:accessCondition>
   <mods:recordInfo>
      <mods:recordContentSource>University of Connecticut Libraries</mods:recordContentSource>
      <mods:recordCreationDate encoding="w3cdtf">2014-05-28-04:00</mods:recordCreationDate>
      <mods:languageOfCataloging>
         <mods:languageTerm authority="iso639-2b" type="code">eng</mods:languageTerm>
      </mods:languageOfCataloging>
      <mods:recordOrigin>This MODS record was migrated from CHO's CONTENTdm. The object had the following CONTENTdm reference URL: http://images.lib.uconn.edu:81/u?/cho,6454 and CONTENTdm file name: 6179.jp2</mods:recordOrigin>
   </mods:recordInfo>
<identifier xmlns="http://www.loc.gov/mods/v3" type="hdl">http://hdl.handle.net/11134/20002:199706432</identifier></mods:mods></metadata></record><record><header><identifier>oai:drupal-site.org:20002_860033622</identifier><datestamp>2015-03-23T19:16:57Z</datestamp><setSpec>20002_Skating</setSpec></header><metadata><mods:mods xmlns:mods="http://www.loc.gov/mods/v3" xmlns="http://www.loc.gov/mods/v3" xmlns:xsi="http://www.w3.org/2001/XMLSchema-instance" xmlns:xlink="http://www.w3.org/1999/xlink" version="3.5" xsi:schemaLocation="http://www.loc.gov/mods/v3 http://www.loc.gov/standards/mods/v3/mods-3-5.xsd">
  <mods:titleInfo>
    <mods:title>Letters to young winter sportsmen</mods:title>
  </mods:titleInfo>
  <mods:name type="personal" authority="local">
    <mods:namePart>Lunn, Brian</mods:namePart>
  </mods:name>
  <mods:typeOfResource>text</mods:typeOfResource>
  <mods:genre authority="aat" valueURI="300060417">monographs</mods:genre>
  <mods:originInfo>
    <mods:place>
      <mods:placeTerm type="text">London</mods:placeTerm>
    </mods:place>
    <mods:publisher>P. Allan</mods:publisher>
    <mods:dateIssued encoding="w3cdtf" keyDate="yes">1927</mods:dateIssued>
  </mods:originInfo>
  <mods:physicalDescription>
    <mods:internetMediaType>image/jp2</mods:internetMediaType>
    <mods:digitalOrigin>reformatted digital</mods:digitalOrigin>
  </mods:physicalDescription>
  <mods:note type="ownership">Archives &amp; Special Collections at the Thomas J. Dodd Research Center, University of Connecticut Libraries</mods:note>
  <mods:subject>
    <mods:topic authority="fast" valueURI="http://id.worldcat.org/fast/1119901">Skating</mods:topic>
    <mods:topic authority="fast" valueURI="http://id.worldcat.org/fast/1176087">Winter sports</mods:topic>
    <mods:topic authority="fast" valueURI="http://id.worldcat.org/fast/1120169">Skis and skiing</mods:topic>
  </mods:subject>
  <mods:identifier type="local">Skating 231</mods:identifier>
  <mods:identifier type="local">06521990</mods:identifier>
  <mods:accessCondition type="use and reproduction">These Materials are provided for educational and research purposes only. The University of Connecticut Libraries hold the copyright except where noted. Permission must be obtained in writing from the University of Connecticut Libraries and/or the owner(s) of the copyright to publish reproductions or quotations beyond "fair use."</mods:accessCondition>
  <mods:accessCondition type="restrictions on access">The collection is open and available for research.</mods:accessCondition>
  <mods:recordInfo>
    <mods:recordContentSource>University of Connecticut Libraries</mods:recordContentSource>
    <mods:languageOfCataloging>
      <mods:languageTerm type="code" authority="iso639-2b">eng</mods:languageTerm>
    </mods:languageOfCataloging>
  </mods:recordInfo>
  <identifier type="hdl">http://hdl.handle.net/11134/20002:860033622</identifier>
</mods:mods></metadata></record><record><header><identifier>oai:drupal-site.org:20002_860061855</identifier><datestamp>2015-09-01T14:19:03Z</datestamp><setSpec>20002_MSS19880010</setSpec></header><metadata><mods:mods xmlns:mods="http://www.loc.gov/mods/v3" xmlns="http://www.loc.gov/mods/v3" xmlns:xsi="http://www.w3.org/2001/XMLSchema-instance" xmlns:xlink="http://www.w3.org/1999/xlink">
  <mods:titleInfo>
    <mods:title>Paper salvage, Walter Stemmons and Walter L. Kulp</mods:title>
  </mods:titleInfo>
  <mods:name type="personal" authority="naf" valueURI="http://lccn.loc.gov/n2009161601">
    <mods:namePart>Manter, Jerauld A., 1889-1990</mods:namePart>
    <mods:role>
      <mods:roleTerm type="text" authority="marcrelator">Creator</mods:roleTerm>
    </mods:role>
  </mods:name>
  <mods:typeOfResource>still image</mods:typeOfResource>
  <mods:physicalDescription>
    <mods:internetMediaType>image/jp2</mods:internetMediaType>
    <mods:digitalOrigin>reformatted digital</mods:digitalOrigin>
  </mods:physicalDescription>
  <mods:note type="ownership">Archives &amp; Special Collections at the Thomas J. Dodd Research Center, University of Connecticut Libraries</mods:note>
  <mods:note type="source note">Jerauld A. Manter Photograph Collection, University of Connecticut Photograph Collection</mods:note>
  <mods:note type="source identifier">1988-0010/RG4</mods:note>
  <mods:accessCondition type="use and reproduction">These Materials are provided for educational and research purposes only. The University of Connecticut Libraries hold the copyright except where noted. Permission must be obtained in writing from the University of Connecticut Libraries and/or the owner(s) of the copyright to publish reproductions or quotations beyond "fair use."</mods:accessCondition>
  <mods:recordInfo>
    <mods:recordContentSource>University of Connecticut Libraries</mods:recordContentSource>
    <mods:languageOfCataloging>
      <mods:languageTerm type="code" authority="iso639-2b">eng</mods:languageTerm>
    </mods:languageOfCataloging>
  </mods:recordInfo>
  <mods:targetAudience>CHO</mods:targetAudience>
  <mods:genre authority="aat" valueURI="300127173">negatives (photographic)</mods:genre>
  <mods:originInfo>
    <mods:dateIssued encoding="w3cdtf" keyDate="yes">1944</mods:dateIssued>
  </mods:originInfo>
  <mods:subject>
    
    <mods:topic authority="" authorityURI="http://id.worldcat.org/fast/1171058">Waste paper--Recycling</mods:topic>
    <mods:geographic authority="tgn" valueURI="7014549">Storrs (inhabited place)</mods:geographic>
    <mods:geographic authority="tgn" valueURI="7007159">Connecticut (state)</mods:geographic>
    <mods:name type="corporate" authority="naf" valueURI="http://lccn.loc.gov/n79056688">
      <mods:namePart>University of Connecticut</mods:namePart>
    </mods:name>
    <mods:name type="corporate" authority="naf" valueURI="http://lccn.loc.gov/n92059445">
      <mods:namePart>Connecticut State College</mods:namePart>
    </mods:name>
    <mods:name type="personal" valueURI="http://lccn.loc.gov/n2009161601">
      <mods:namePart>Manter, Jerauld A., 1889-1990</mods:namePart>
    </mods:name>
    <mods:name type="personal" valueURI="http://lccn.loc.gov/n92059533">
      <mods:namePart>Stemmons, Walter, 1884-</mods:namePart>
    </mods:name>
    <mods:name type="personal" valueURI="local">
      <mods:namePart>Kulp, WAlter L.</mods:namePart>
    </mods:name>
  </mods:subject>
  <mods:identifier type="local">1988-0010/RG4/Series1/Box 439:349</mods:identifier>
  <mods:identifier type="local">39153019689480</mods:identifier>
  <mods:accessCondition type="restrictions on access">The collection is open and available for research.</mods:accessCondition>
  
<identifier type="hdl">http://hdl.handle.net/11134/20002:860061855</identifier></mods:mods></metadata></record><record><header><identifier>oai:drupal-site.org:20002_860173929</identifier><datestamp>2016-07-21T20:43:44Z</datestamp><setSpec>20002_MHS20160001</setSpec></header><metadata><mods:mods xmlns:mods="http://www.loc.gov/mods/v3" xmlns="http://www.loc.gov/mods/v3" xmlns:xsi="http://www.w3.org/2001/XMLSchema-instance" xmlns:xlink="http://www.w3.org/1999/xlink">
  <mods:titleInfo>
    <mods:title>Ledger</mods:title>
  </mods:titleInfo>
  <mods:name type="corporate" valueURI="https://lccn.loc.gov/n92067210">
    <mods:namePart>Connecticut Soldiers’ Orphan Home</mods:namePart>
    <mods:role>
      <mods:roleTerm type="text" authority="marcrelator">Creator</mods:roleTerm>
    </mods:role>
  </mods:name>
  <mods:typeOfResource>text</mods:typeOfResource>
  <mods:genre authority="aat" valueURI="300027496">ledgers (account books)</mods:genre>
  <mods:originInfo>
    <mods:dateIssued encoding="w3cdtf" keyDate="yes" point="start">1867</mods:dateIssued>
    <mods:dateIssued encoding="w3cdtf" point="end">1875</mods:dateIssued>
  </mods:originInfo>
  <mods:physicalDescription>
    <mods:internetMediaType>image/jp2</mods:internetMediaType>
    <mods:digitalOrigin>reformatted digital</mods:digitalOrigin>
  </mods:physicalDescription>
  <mods:note type="ownership">Archives &amp; Special Collections at the Thomas J. Dodd Research Center, University of Connecticut Libraries</mods:note>
  <mods:note type="source note">Connecticut Soldiers' Orphans' Home Records</mods:note>
  <mods:note type="source identifier">MSS 1998.0269</mods:note>
  <mods:subject>
    <mods:topic authority="fast" valueURI="http://id.worldcat.org/fast/1048433">Orphans</mods:topic>
    <mods:topic authority="fast" valueURI="http://id.worldcat.org/fast/1048423">Orphanages</mods:topic>
    <mods:topic authority="fast" valueURI="http://id.worldcat.org/fast/1125233">Soldiers</mods:topic>
    <mods:geographic authority="tgn" valueURI="7014549">Storrs (inhabited place)</mods:geographic>
    <mods:geographic authority="tgn" valueURI="7007159">Connecticut (state)</mods:geographic>
    <mods:cartographics>
      <mods:coordinates>41 48 00 N, 072 15 00</mods:coordinates>
    </mods:cartographics>
    <mods:name type="corporate" authority="naf" valueURI="https://lccn.loc.gov/n92067210">
      <mods:namePart>Connecticut Soldiers’ Orphan Home</mods:namePart>
    </mods:name>
  </mods:subject>
  <mods:identifier type="local">MSS 19998.0269</mods:identifier>
  <mods:identifier type="local">39153019715434</mods:identifier>
  <mods:accessCondition type="use and reproduction">This work is licensed under a Creative Commons Attribution-NonCommercial 4.0 International License, CC BY-NC.</mods:accessCondition>
  <mods:recordInfo>
    <mods:recordContentSource>University of Connecticut Libraries</mods:recordContentSource>
    <mods:languageOfCataloging>
      <mods:languageTerm type="code" authority="iso639-2b">eng</mods:languageTerm>
    </mods:languageOfCataloging>
  </mods:recordInfo>
<identifier type="hdl">http://hdl.handle.net/11134/20002:860173929</identifier></mods:mods></metadata></record><resumptionToken expirationDate="2017-03-09T16:46:31Z" completeListSize="34302" cursor="5360">1253060934</resumptionToken></ListRecords></OAI-PMH>

