<?xml version="1.0" encoding="UTF-8"?>
<OAI-PMH xmlns:xsi="http://www.w3.org/2001/XMLSchema-instance"  xsi:schemaLocation="http://www.loc.gov/mods/v3 http://www.loc.gov/standards/mods/v3/mods-3-5.xsd http://www.openarchives.org/OAI/2.0/ http://www.openarchives.org/OAI/2.0/OAI-PMH.xsd"  xmlns="http://www.openarchives.org/OAI/2.0/" xmlns:mods="http://www.loc.gov/mods/v3"><responseDate>2017-03-08T16:41:44Z</responseDate><request>http://archives.lib.uconn.edu/oai2</request><ListRecords><record><header><identifier>oai:drupal-site.org:20002_860200596</identifier><datestamp>2016-09-23T16:27:30Z</datestamp><setSpec>20002_20060251</setSpec></header><metadata><mods:mods xmlns:mods="http://www.loc.gov/mods/v3" xmlns:xlink="http://www.w3.org/1999/xlink" xmlns:xsi="http://www.w3.org/2001/XMLSchema-instance">
   <mods:titleInfo>
      <mods:title>Canadian National Railway steam locomotive and Toronto streetcars, 1958 September</mods:title>
   </mods:titleInfo>
   <mods:name type="personal" authority="lcnaf" valueURI="https://lccn.loc.gov/n88177242">
      <mods:namePart>Swanberg, J. W. (Jack W.), 1939-</mods:namePart>
      <mods:role>
         <mods:roleTerm authority="marcrelator" authorityURI="http://id.loc.gov/vocabulary/relators" valueURI="http://id.loc.gov/vocabulary/relators/cre" type="text">Creator</mods:roleTerm>
      </mods:role>
   </mods:name>
   <mods:typeOfResource>still image</mods:typeOfResource>
   <mods:genre authority="aat" valueURI="300127173">negatives (photographs)</mods:genre>
   <mods:originInfo>
      <mods:dateIssued encoding="w3cdtf" keyDate="yes">1958-09</mods:dateIssued>
   </mods:originInfo>
   <mods:physicalDescription>
      <mods:digitalOrigin>reformatted digital</mods:digitalOrigin>
   </mods:physicalDescription>
   <mods:abstract>CNR 4-8-4 in terminal in Toronto, Ontario, Canada; Toronto Transit Commission streamlined streetcars</mods:abstract>
   <mods:note type="ownership">Archives &amp; Special Collections at the Thomas J. Dodd Research Center, University of Connecticut Libraries</mods:note>
   <mods:subject>
      <mods:topic authority="fast" valueURI="http://id.worldcat.org/fast/843578">Streetcars</mods:topic>
   </mods:subject>
   <mods:subject>
      <mods:name type="corporate" authority="lcnaf" valueURI="https://lccn.loc.gov/n83178313">
         <mods:namePart>Canadian National</mods:namePart>
      </mods:name>
   </mods:subject>
   <mods:subject>
      <mods:cartographics>
         <mods:coordinates>43.7000,-79.4167</mods:coordinates>
      </mods:cartographics>
   </mods:subject>
   <mods:identifier type="local">2006-0251/SeriesIII:Photo/SubseriesB:PhotoNegs/Box6/39153019273574_0001</mods:identifier>
   <mods:identifier type="local">PC-53</mods:identifier>
   <mods:identifier>MSS 2006.0251</mods:identifier>
   <mods:identifier type="local"/>
   <mods:identifier type="local">39153019273574_0001</mods:identifier>
   <mods:accessCondition type="use and reproduction">This work is licensed under a Creative Commons Attribution-NonCommercial 4.0 International License, CC BY-NC.</mods:accessCondition>
   <mods:recordInfo>
      <mods:recordContentSource>University of Connecticut Libraries</mods:recordContentSource>
      <mods:recordCreationDate encoding="w3cdtf">2016-09-20-04:00</mods:recordCreationDate>
      <mods:languageOfCataloging>
         <mods:languageTerm authority="iso639-2b" type="code">eng</mods:languageTerm>
      </mods:languageOfCataloging>
      <mods:recordOrigin>This record was created using the spreadsheet workflow.</mods:recordOrigin>
   </mods:recordInfo>
<identifier xmlns="http://www.loc.gov/mods/v3" type="hdl">http://hdl.handle.net/11134/20002:860200596</identifier></mods:mods></metadata></record><record><header><identifier>oai:drupal-site.org:20002_860028923</identifier><datestamp>2017-02-02T14:05:38Z</datestamp><setSpec>20002_20130030corr</setSpec></header><metadata><mods:mods xmlns:mods="http://www.loc.gov/mods/v3" xmlns="http://www.loc.gov/mods/v3" xmlns:xsi="http://www.w3.org/2001/XMLSchema-instance" xmlns:xlink="http://www.w3.org/1999/xlink" version="3.5" xsi:schemaLocation="http://www.loc.gov/mods/v3 http://www.loc.gov/standards/mods/v3/mods-3-5.xsd">
  <mods:targetAudience>CHO</mods:targetAudience>
  <mods:titleInfo>
    <mods:title>K</mods:title>
  </mods:titleInfo>
  <mods:name authority="local" type="personal">
    <mods:namePart>Keeney, Robert Leland Sr.</mods:namePart>
    <mods:role>
      <mods:roleTerm type="text" authority="marcrelator">Creator</mods:roleTerm>
    </mods:role>
  </mods:name>
  <mods:typeOfResource>mixed material</mods:typeOfResource>
  <mods:genre authority="aat" valueURI="300026877">correspondence</mods:genre>
  <mods:originInfo>
    <mods:dateIssued encoding="w3cdtf" keyDate="yes" point="start">1940</mods:dateIssued>
    <mods:dateIssued encoding="w3cdtf" point="end">1947</mods:dateIssued>
  </mods:originInfo>
  <mods:physicalDescription>
    <mods:digitalOrigin>reformatted digital</mods:digitalOrigin>
    <mods:internetMediaType>image/jp2</mods:internetMediaType>
  </mods:physicalDescription>
  <mods:abstract>The records consist of administrative and financial files and volumes, marketing material, photographs and scrapbooks, and correspondence and other materials associated with the Somersville Manufacturing Company and the company's founders and owners, the  Keeney family of  Somersville, Connecticut.&#13;
&#13;
Series V: Keeney Family (1888, 1935, 1939-1945), consists of correspondence, much of it as copies on carbon paper, from and to members of the Keeney family, particularly from Robert Leland Keeney, Sr. (Leland), written in the 1930s and 1940s.</mods:abstract>
  <mods:note type="ownership">Archives &amp; Special Collections at the Thomas J. Dodd Research Center, University of Connecticut Libraries</mods:note>
  <mods:subject>
    <mods:topic authority="fast" valueURI="http://id.worldcat.org/fast/1148828">Textile industry</mods:topic>
    <mods:topic authority="fast" valueURI="http://id.worldcat.org/fast/1180027">Wool industry</mods:topic>
    <mods:geographic authority="tgn" valueURI="2017382">Somers (inhabited place)</mods:geographic>
    <mods:geographic authority="tgn" valueURI="7007159">Connecticut (state)</mods:geographic>
    <mods:name type="corporate" authority="local">
      <mods:namePart>Somersville Manufacturing Company</mods:namePart>
    </mods:name>
    <mods:name type="personal" authority="local">
      <mods:namePart>Keeney, Robert Leland Sr.</mods:namePart>
    </mods:name>
  </mods:subject>
  <mods:identifier type="local">MSS2013.0030</mods:identifier>
  <mods:identifier type="uri">http://hdl.handle.net/11134/20002:860127019</mods:identifier>
  <mods:identifier type="uri">2013.0173_5</mods:identifier>
  <mods:accessCondition type="use and reproduction">This work is licensed under a Creative Commons Attribution-NonCommercial 4.0 International License, CC BY-NC.</mods:accessCondition>
  <mods:accessCondition type="restrictions on access">The collection is open and available for research.</mods:accessCondition>
  <mods:recordInfo>
    <mods:recordContentSource>University of Connecticut Libraries</mods:recordContentSource>
    <mods:languageOfCataloging>
      <mods:languageTerm type="code" authority="iso639-2b">eng</mods:languageTerm>
    </mods:languageOfCataloging>
  </mods:recordInfo>
  <identifier type="hdl">http://hdl.handle.net/11134/20002:860028923</identifier>
  <mods:name type="personal" authority="local">
    <mods:namePart>Keeney, Robert Leland Sr.</mods:namePart>
    <mods:role>
      <mods:roleTerm type="text" authority="marcrelator">Collector</mods:roleTerm>
    </mods:role>
  </mods:name>
  <mods:note type="source note">Somersville Manufacturing Company Records</mods:note>
  <mods:note type="source identifier">MSS 2013.0030</mods:note>
</mods:mods></metadata></record><record><header><identifier>oai:drupal-site.org:20002_860116520</identifier><datestamp>2016-02-11T02:49:09Z</datestamp><setSpec>20002_19970129SOMResCouncil</setSpec></header><metadata><mods:mods xmlns:mods="http://www.loc.gov/mods/v3" xmlns="http://www.loc.gov/mods/v3" xmlns:xsi="http://www.w3.org/2001/XMLSchema-instance" xmlns:xlink="http://www.w3.org/1999/xlink">
  <mods:targetAudience>CHO</mods:targetAudience>
  <mods:titleInfo>
    <mods:title>2006-09-13 Minutes</mods:title>
  </mods:titleInfo>
  <mods:name type="corporate" authority="naf" valueURI="https://lccn.loc.gov/n79089278">
    <mods:namePart>University of Connecticut. Health Center.</mods:namePart>
    <mods:role>
      <mods:roleTerm type="text" authority="marcrelator">Creator</mods:roleTerm>
    </mods:role>
  </mods:name>
  <mods:typeOfResource>text</mods:typeOfResource>
  <mods:genre authority="aat" valueURI="300027440">minutes (administrative records)</mods:genre>
  <mods:originInfo>
    <mods:dateIssued encoding="w3cdtf" keyDate="yes">2006-09-13</mods:dateIssued>
  </mods:originInfo>
  <mods:physicalDescription>
    <mods:internetMediaType>application/pdf</mods:internetMediaType>
    <mods:digitalOrigin>reformatted digital</mods:digitalOrigin>
  </mods:physicalDescription>
  
  <mods:note type="ownership">Archives &amp; Special Collections at the Thomas J. Dodd Research Center, University of Connecticut Libraries</mods:note>
  <mods:note type="source note">University of Connecticut Health Center Records</mods:note>
  <mods:note type="source identifier">MSS 1997.0129</mods:note>
  
    <mods:name type="corporate" authority="naf" valueURI="https://lccn.loc.gov/n79089278">
      <mods:namePart>University of Connecticut. Health Center.</mods:namePart>
    </mods:name>
  <mods:identifier type="local">MSS 1997.0129</mods:identifier>
  <mods:identifier type="local">1997.0129/SOM/ResearchCouncil</mods:identifier>
  <mods:accessCondition type="use and reproduction">This work is licensed under a Creative Commons Attribution-NonCommercial 4.0 International License, CC BY-NC.</mods:accessCondition>
  <mods:recordInfo>
    <mods:recordContentSource>University of Connecticut Libraries</mods:recordContentSource>
    <mods:languageOfCataloging>
      <mods:languageTerm type="code" authority="iso639-2b">eng</mods:languageTerm>
    </mods:languageOfCataloging>
  </mods:recordInfo>
<identifier type="hdl">http://hdl.handle.net/11134/20002:860116520</identifier></mods:mods></metadata></record><record><header><identifier>oai:drupal-site.org:20002_860235039</identifier><datestamp>2017-01-20T15:46:04Z</datestamp><setSpec>20002_MSS19880010</setSpec></header><metadata><mods:mods xmlns:mods="http://www.loc.gov/mods/v3" xmlns:xlink="http://www.w3.org/1999/xlink" xmlns:xsi="http://www.w3.org/2001/XMLSchema-instance">
   <mods:titleInfo>
      <mods:title>School of Education</mods:title>
   </mods:titleInfo>
   <mods:name type="corporate" authority="lcnaf" valueURI="http://lccn.loc.gov/n79056688">
      <mods:namePart>University of Connecticut</mods:namePart>
      <mods:role>
         <mods:roleTerm authority="marcrelator" authorityURI="http://id.loc.gov/vocabulary/relators" valueURI="http://id.loc.gov/vocabulary/relators/col" type="text">Collector</mods:roleTerm>
      </mods:role>
   </mods:name>
   <mods:typeOfResource>still image</mods:typeOfResource>
   <mods:genre authority="aat" valueURI="">negatives (photographic)</mods:genre>
   <mods:originInfo>
      <mods:dateIssued encoding="w3cdtf" keyDate="yes">1987-11-19</mods:dateIssued>
   </mods:originInfo>
   <mods:physicalDescription>
      <mods:digitalOrigin>reformatted digital</mods:digitalOrigin>
   </mods:physicalDescription>
   <mods:note type="ownership">Archives &amp; Special Collections at the Thomas J. Dodd Research Center, University of Connecticut Libraries</mods:note>
   <mods:subject>
      <mods:topic authority="fast" valueURI="http://id.worldcat.org/fast/918097">Exhibitions</mods:topic>
   </mods:subject>
   <mods:subject>
      <mods:name type="corporate" authority="lcnaf" valueURI="https://lccn.loc.gov/n81096051">
         <mods:namePart>University of Connecticut. School of Education</mods:namePart>
      </mods:name>
   </mods:subject>
   <mods:subject>
      <mods:cartographics>
         <mods:coordinates>41.8000,-72.2500</mods:coordinates>
      </mods:cartographics>
   </mods:subject>
   <mods:identifier type="local">1988-0010/RG3/Box 262/64323</mods:identifier>
   <mods:identifier type="local">MSS 1988.0010RG3</mods:identifier>
   <mods:identifier>39153019709023</mods:identifier>
   <mods:identifier type="local"/>
   <mods:identifier type="local">39153019709023_0577</mods:identifier>
   <mods:accessCondition type="use and reproduction">This work is licensed under a Creative Commons Attribution-NonCommercial 4.0 International License, CC BY-NC.</mods:accessCondition>
   <mods:recordInfo>
      <mods:recordContentSource>University of Connecticut Libraries</mods:recordContentSource>
      <mods:recordCreationDate encoding="w3cdtf">2016-12-29-05:00</mods:recordCreationDate>
      <mods:languageOfCataloging>
         <mods:languageTerm authority="iso639-2b" type="code">eng</mods:languageTerm>
      </mods:languageOfCataloging>
      <mods:recordOrigin>This record was created using the spreadsheet workflow.</mods:recordOrigin>
   </mods:recordInfo>
<identifier xmlns="http://www.loc.gov/mods/v3" type="hdl">http://hdl.handle.net/11134/20002:860235039</identifier></mods:mods></metadata></record><record><header><identifier>oai:drupal-site.org:20002_199705983</identifier><datestamp>2014-12-10T18:24:14Z</datestamp><setSpec>20002_MSS19890073</setSpec></header><metadata><mods:mods xmlns:mods="http://www.loc.gov/mods/v3" xmlns:xlink="http://www.w3.org/1999/xlink" xmlns:xsi="http://www.w3.org/2001/XMLSchema-instance">
	<mods:titleInfo>
		<mods:title>New York, New Haven And Hartford Rail Trolley, Berlin</mods:title>
	</mods:titleInfo>
	<mods:typeOfResource>still image</mods:typeOfResource>
	<mods:genre authority="aat" valueURI="300046300">photographs</mods:genre>
	<mods:genre authority="aat" valueURI="300026816">postcards</mods:genre>
	<mods:originInfo>
		<mods:dateIssued encoding="w3cdtf" keyDate="yes">1899</mods:dateIssued>
	</mods:originInfo>
	<mods:physicalDescription>
		<mods:internetMediaType>image/tiff</mods:internetMediaType>
		<mods:digitalOrigin>reformatted digital</mods:digitalOrigin>
	</mods:physicalDescription>
	<mods:abstract>Man standing in driver's area of trolley car. Trolley on tracks near other trolleys and one engine.</mods:abstract>
	<mods:targetAudience>CHO</mods:targetAudience>
	<mods:note type="ownership">Archives &amp; Special Collections at the Thomas J. Dodd Research Center, University of Connecticut Libraries</mods:note>
	<mods:note type="source note">Leroy Roberts CT Railroad Station Photograph Collection</mods:note>
	<mods:note type="theme">Infrastructure</mods:note>
	<mods:note>Typewriting on postcard.</mods:note>
	<mods:subject>
		<mods:topic>Trolley cars</mods:topic>
		<mods:topic>Steam locomotives</mods:topic>
		<mods:geographic>Berlin (inhabited place)</mods:geographic>
		<mods:name type="corporate" authority="local">
			<mods:namePart>New York, New Haven and Hartford Railroad Company</mods:namePart>
		</mods:name>
	</mods:subject>
	<mods:identifier type="local">Accession number UC17-0034</mods:identifier>
	<mods:identifier type="local">IMG0003-2498</mods:identifier>
	<mods:location>
		<mods:physicalLocation>Box A-Bridgeport, ff Berlin</mods:physicalLocation>
	</mods:location>
	<mods:accessCondition type="use and reproduction">Permission to publish from these Papers must be obtained in writing from both the University of Connecticut Libraries and the owner(s) of the copyright.</mods:accessCondition>
	<mods:accessCondition type="use and reproduction" displayLabel="Digital Object Disclaimer" xlink:href="http://doddcenter.uconn/asc/research/reproduction.htm">This digital object is owned, held, or licensed by the University of Connecticut and is available for non-commercial or education use only. Ownership must be properly cited. Any commercial use of this object without express written permission of the University of Connecticut is strictly prohibited. For more information or to obtain a
		reproduction of this digital object, contact University Archives &amp; Special Collections.</mods:accessCondition>
	<mods:accessCondition type="use and reproduction" displayLabel="Intellectual Rights Statement">As a publically supported institution, the University of Connecticut Libraries generally does not own rights in its collections. Permission to publish from these papers must be obtained in writing from both the University of Connecticut Libraries and the owner(s) of the copyright. Possible fees may be incurred on the part of the user.</mods:accessCondition>
	<mods:accessCondition type="restrictions on access">The collection is open and available for research.</mods:accessCondition>
	<mods:recordInfo>
		<mods:recordContentSource>University of Connecticut Libraries</mods:recordContentSource>
		<mods:recordCreationDate encoding="w3cdtf">2014-05-28-04:00</mods:recordCreationDate>
		<mods:languageOfCataloging>
			<mods:languageTerm authority="iso639-2b" type="code">eng</mods:languageTerm>
		</mods:languageOfCataloging>
		<mods:recordOrigin>This MODS record was migrated from CHO's CONTENTdm. The object had the following CONTENTdm reference URL: http://images.lib.uconn.edu:81/u?/cho,7412 and CONTENTdm file name: 7055.jp2</mods:recordOrigin>
	</mods:recordInfo>
<identifier xmlns="http://www.loc.gov/mods/v3" type="hdl">http://hdl.handle.net/11134/20002:199705983</identifier></mods:mods></metadata></record><record><header><identifier>oai:drupal-site.org:20002_199713652</identifier><datestamp>2014-12-10T18:11:30Z</datestamp><setSpec>20002_MSS19890073</setSpec></header><metadata><mods:mods xmlns:mods="http://www.loc.gov/mods/v3" xmlns:xlink="http://www.w3.org/1999/xlink" xmlns:xsi="http://www.w3.org/2001/XMLSchema-instance">
   <mods:titleInfo supplied="yes">
      <mods:title>Railroad Station, Forestville</mods:title>
   </mods:titleInfo>
   <mods:typeOfResource>still image</mods:typeOfResource>
   <mods:genre authority="aat" valueURI="300046300">photographs</mods:genre>
   <mods:originInfo>
      <mods:dateIssued encoding="w3cdtf" keyDate="yes" point="start">1880</mods:dateIssued>
      <mods:dateIssued encoding="w3cdtf" keyDate="yes" point="end">1900</mods:dateIssued>
   </mods:originInfo>
   <mods:physicalDescription>
      <mods:internetMediaType>image/tiff</mods:internetMediaType>
      <mods:digitalOrigin>reformatted digital</mods:digitalOrigin>
   </mods:physicalDescription>
   <mods:abstract>5 men standing in from of small station building next to baggage cart. Tracks run in front of them. Small bridge to left of station building with another structure beyond that.</mods:abstract>
   <mods:targetAudience>CHO</mods:targetAudience>
   <mods:note type="ownership">Archives &amp; Special Collections at the Thomas J. Dodd Research Center, University of Connecticut Libraries</mods:note>
   <mods:note type="source note">Leroy Roberts CT Railroad Station Photograph Collection</mods:note>
   <mods:note type="theme">Infrastructure</mods:note>
   <mods:note type="theme">Lifestyle</mods:note>
   <mods:note type="theme">Livelihood</mods:note>
   <mods:note>Title supplied by cataloger. Writing with ink on photograph.</mods:note>
   <mods:subject>
      <mods:topic>Railroad stations</mods:topic>
      <mods:geographic>Forestville (inhabited place)</mods:geographic>
   </mods:subject>
   <mods:identifier type="local">Accession number UC17-0132</mods:identifier>
   <mods:identifier type="local">IMG0094-2775</mods:identifier>
   <mods:location>
      <mods:physicalLocation>Box A-Bridgeport, ff Bristol/Forestville</mods:physicalLocation>
   </mods:location>
   <mods:accessCondition type="use and reproduction">Permission to publish from these Papers must be obtained in writing from both the University of Connecticut Libraries and the owner(s) of the copyright.</mods:accessCondition>
   <mods:accessCondition type="use and reproduction" displayLabel="Digital Object Disclaimer" xlink:href="http://doddcenter.uconn/asc/research/reproduction.htm">This digital object is owned, held, or licensed by the University of Connecticut and is available for non-commercial or education use only. Ownership must be properly cited. Any commercial use of this object without express written permission of the University of Connecticut is strictly prohibited. For more information or to obtain a reproduction of this digital object, contact University Archives &amp; Special Collections.</mods:accessCondition>
   <mods:accessCondition type="use and reproduction" displayLabel="Intellectual Rights Statement">As a publically supported institution, the University of Connecticut Libraries generally does not own rights in its collections. Permission to publish from these papers must be obtained in writing from both the University of Connecticut Libraries and the owner(s) of the copyright. Possible fees may be incurred on the part of the user.</mods:accessCondition>
   <mods:accessCondition type="restrictions on access">The collection is open and available for research.</mods:accessCondition>
   <mods:recordInfo>
      <mods:recordContentSource>University of Connecticut Libraries</mods:recordContentSource>
      <mods:recordCreationDate encoding="w3cdtf">2014-05-28-04:00</mods:recordCreationDate>
      <mods:languageOfCataloging>
         <mods:languageTerm authority="iso639-2b" type="code">eng</mods:languageTerm>
      </mods:languageOfCataloging>
      <mods:recordOrigin>This MODS record was migrated from CHO's CONTENTdm. The object had the following CONTENTdm reference URL: http://images.lib.uconn.edu:81/u?/cho,5158 and CONTENTdm file name: 5302.jp2</mods:recordOrigin>
   </mods:recordInfo>
<identifier xmlns="http://www.loc.gov/mods/v3" type="hdl">http://hdl.handle.net/11134/20002:199713652</identifier></mods:mods></metadata></record><record><header><identifier>oai:drupal-site.org:20002_860242515</identifier><datestamp>2017-02-03T17:10:11Z</datestamp><setSpec>20002_19920001Buttons</setSpec></header><metadata><mods:mods xmlns:mods="http://www.loc.gov/mods/v3" xmlns:xlink="http://www.w3.org/1999/xlink" xmlns:xsi="http://www.w3.org/2001/XMLSchema-instance">
   <mods:titleInfo>
      <mods:title>APC button 198</mods:title>
   </mods:titleInfo>
   <mods:name type="corporate" authority="lcnaf" valueURI="https://lccn.loc.gov/n80089516">
      <mods:namePart>University of Connecticut. Library</mods:namePart>
      <mods:role>
         <mods:roleTerm authority="marcrelator" authorityURI="http://id.loc.gov/vocabulary/relators" valueURI="http://id.loc.gov/vocabulary/relators/col" type="text">Collector</mods:roleTerm>
      </mods:role>
   </mods:name>
   <mods:typeOfResource>three dimensional object</mods:typeOfResource>
   <mods:genre authority="aat" valueURI="300207332">buttons (information artifacts)</mods:genre>
   <mods:physicalDescription>
      <mods:digitalOrigin>reformatted digital</mods:digitalOrigin>
   </mods:physicalDescription>
   <mods:note type="ownership">Archives &amp; Special Collections at the Thomas J. Dodd Research Center, University of Connecticut Libraries</mods:note>
   <mods:subject>
      <mods:topic authority="fast" valueURI="http://id.worldcat.org/fast/1122657">Social movemments</mods:topic>
   </mods:subject>
   <mods:identifier type="local">1992-0001/Buttons/Box</mods:identifier>
   <mods:identifier type="local">MSS 1992.0001</mods:identifier>
   <mods:identifier>39153019932906_0084</mods:identifier>
   <mods:identifier type="local"/>
   <mods:identifier type="local">39153019932906_0084</mods:identifier>
   <mods:accessCondition type="use and reproduction">This work is licensed under a Creative Commons Attribution-NonCommercial 4.0 International License, CC BY-NC.</mods:accessCondition>
   <mods:recordInfo>
      <mods:recordContentSource>University of Connecticut Libraries</mods:recordContentSource>
      <mods:recordCreationDate encoding="w3cdtf">2017-02-03-05:00</mods:recordCreationDate>
      <mods:languageOfCataloging>
         <mods:languageTerm authority="iso639-2b" type="code">eng</mods:languageTerm>
      </mods:languageOfCataloging>
      <mods:recordOrigin>This record was created using the spreadsheet workflow.</mods:recordOrigin>
   </mods:recordInfo>
<identifier xmlns="http://www.loc.gov/mods/v3" type="hdl">http://hdl.handle.net/11134/20002:860242515</identifier></mods:mods></metadata></record><record><header><identifier>oai:drupal-site.org:20002_860110086</identifier><datestamp>2016-01-26T20:46:02Z</datestamp><setSpec>20002_Skating</setSpec></header><metadata><mods:mods xmlns:mods="http://www.loc.gov/mods/v3" xmlns="http://www.loc.gov/mods/v3" xmlns:xsi="http://www.w3.org/2001/XMLSchema-instance" xmlns:xlink="http://www.w3.org/1999/xlink">
  <mods:titleInfo>
    <mods:title>Sports and the PLM Railway </mods:title>
    <mods:subTitle/>
  </mods:titleInfo>
  <mods:name type="personal" authority="local">
    <mods:namePart>Rozet, Georges</mods:namePart>
  </mods:name>
  <mods:name type="personal" authority="local">
    <mods:namePart/>
  </mods:name>
  <mods:name type="personal" authority="local">
    <mods:namePart/>
  </mods:name>
  <mods:typeOfResource>text</mods:typeOfResource>
  <mods:genre authority="aat" valueURI="300028051">books</mods:genre>
  <mods:originInfo>
    <mods:place>
      <mods:placeTerm type="text">Paris.</mods:placeTerm>
    </mods:place>
    <mods:publisher>P.L.M. Railway</mods:publisher>
    <mods:dateIssued encoding="w3cdtf" keyDate="yes">1992</mods:dateIssued>
  </mods:originInfo>
  <mods:physicalDescription>
    <mods:internetMediaType>image/jp2</mods:internetMediaType>
    <mods:digitalOrigin>reformatted digital</mods:digitalOrigin>
  </mods:physicalDescription>
  <mods:note type="ownership">Archives &amp; Special Collections at the Thomas J. Dodd Research Center, University of Connecticut Libraries</mods:note>
  <mods:subject>
    <mods:topic authority="fast" valueURI="http://id.worldcat.org/fast/1130432">Sports</mods:topic>
    <mods:topic authority="fast" valueURI="http://id.worldcat.org/fast/1153142">Tourism</mods:topic>
    <mods:topic authority="fast" valueURI="http://id.worldcat.org/fast/"/>
  </mods:subject>
  <mods:identifier type="local">Skating 289</mods:identifier>
  <mods:identifier type="local">28997447</mods:identifier>
  <mods:identifier type="local">39153019694597</mods:identifier>
  <mods:accessCondition type="use and reproduction">These Materials are provided for educational and research purposes only. The University of Connecticut Libraries hold the copyright except where noted. Permission must be obtained in writing from the University of Connecticut Libraries and/or the owner(s) of the copyright to publish reproductions or quotations beyond "fair use."</mods:accessCondition>
  <mods:accessCondition type="restrictions on access">The collection is open and available for research.</mods:accessCondition>
  <mods:recordInfo>
    <mods:recordContentSource>University of Connecticut Libraries</mods:recordContentSource>
    <mods:languageOfCataloging>
      <mods:languageTerm type="code" authority="iso639-2b">eng</mods:languageTerm>
    </mods:languageOfCataloging>
  </mods:recordInfo>
<identifier type="hdl">http://hdl.handle.net/11134/20002:860110086</identifier></mods:mods></metadata></record><record><header><identifier>oai:drupal-site.org:20002_20100178</identifier><datestamp>2016-03-01T01:12:00Z</datestamp><setSpec>20002_20070055</setSpec></header><metadata><mods:mods xmlns:mods="http://www.loc.gov/mods/v3" xmlns:xlink="http://www.w3.org/1999/xlink" xmlns:xsi="http://www.w3.org/2001/XMLSchema-instance" xmlns="http://www.loc.gov/mods/v3" version="3.5" xsi:schemaLocation="http://www.loc.gov/mods/v3 http://www.loc.gov/standards/mods/v3/mods-3-5.xsd">
  <mods:titleInfo>
    <mods:title>Interior view of New Haven Railroad electric mail and express car 4000</mods:title>
  </mods:titleInfo>
  <mods:name type="corporate" authority="fast" valueURI="http://id.worldcat.org/fast/621230">
    <mods:namePart>New York, New Haven &amp; Hartford Railroad Company</mods:namePart>
    <mods:role>
      <mods:roleTerm authority="marcrelator" authorityURI="http://id.loc.gov/vocabulary/relators" valueURI="http://id.loc.gov/vocabulary/relators/cre" type="text">Creator</mods:roleTerm>
    </mods:role>
  </mods:name>
  <mods:typeOfResource>still image</mods:typeOfResource>
  <mods:genre authority="aat" valueURI="300127173">negatives (photographic)</mods:genre>
  <mods:originInfo>
    <mods:dateIssued encoding="w3cdtf" keyDate="yes" qualifier="approximate">1900</mods:dateIssued>
  </mods:originInfo>
  <mods:physicalDescription>
    <mods:internetMediaType>image/tiff</mods:internetMediaType>
    <mods:digitalOrigin>reformatted digital</mods:digitalOrigin>
    <mods:note type="physical description">Source Extent: 4.0 Linear feet</mods:note>
  </mods:physicalDescription>
  <mods:abstract>Interior view of electric mail and express car 4000 showing wire partition and pigeon holes.</mods:abstract>
  <mods:note type="ownership">Archives &amp; Special Collections at the Thomas J. Dodd Research Center, University of Connecticut Libraries</mods:note>
  <mods:note type="source note">New York, New Haven &amp; Hartford Railroad Glass Negative Collection</mods:note>
  <mods:note type="source identifier">MSS20070055</mods:note>
  <mods:note type="source identifier">http://doddcenter.uconn.edu/asc/findaids/NHRR_glass/MSS20070055.html</mods:note>
  <mods:note type="acquisition">The collection was purchased from a dealer in May 2007.</mods:note>
  <mods:note xlink:href="http://doddcenter.uconn.edu/asc/dodda2z/curatorinfo.cfm?curatorinfo=4">Archives &amp; Special Collections has a substantial collection of materials pertaining to the railroads of southern New England, particularly the New York, New Haven &amp; Hartford Railroad. For detailed information on these collections please contact the Reading Room desk.</mods:note>
  <mods:subject>
    <mods:topic authority="fast" valueURI="http://id.worldcat.org/fast/1431051">Railroad cars</mods:topic>
    <mods:topic>Combination cars</mods:topic>
    <mods:geographic authority="tgn" valueURI="7007568">New York (state)</mods:geographic>
    <mods:geographic authority="tgn" valueURI="7007159">Connecticut (state)</mods:geographic>
    <mods:temporal authority="fast" valueURI="http://id.worldcat.org/fast/1159810">Twentieth century</mods:temporal>
  </mods:subject>
  <mods:accessCondition type="use and reproduction">Permission to publish from these Papers must be obtained in writing from both the University of Connecticut Libraries and the owner(s) of the copyright.</mods:accessCondition>
  <mods:accessCondition type="restrictions on access">The original glass negatives are not available for use due to their fragility. Prints have been made for each glass negative in the collection and are available as a reference set.</mods:accessCondition>
  <mods:recordInfo>
    <mods:recordContentSource>University of Connecticut Libraries</mods:recordContentSource>
    <mods:recordCreationDate encoding="w3cdtf">2014-03-12</mods:recordCreationDate>
    <mods:languageOfCataloging>
      <mods:languageTerm authority="iso639-2b" type="code">eng</mods:languageTerm>
    </mods:languageOfCataloging>
    <mods:recordOrigin>This finding aid was produced using the Archivists' Toolkit 2014-03-12T15:17-0400</mods:recordOrigin>
    <mods:descriptionStandard>Describing Archives: A Content Standard</mods:descriptionStandard>
  </mods:recordInfo>
  <identifier type="hdl">http://hdl.handle.net/11134/20002:20100178</identifier>
  <mods:targetAudience>CHO</mods:targetAudience>
</mods:mods></metadata></record><record><header><identifier>oai:drupal-site.org:20002_860075872</identifier><datestamp>2015-09-09T11:48:33Z</datestamp><setSpec>20002_MSS19880010</setSpec></header><metadata><mods:mods xmlns:mods="http://www.loc.gov/mods/v3" xmlns="http://www.loc.gov/mods/v3" xmlns:xsi="http://www.w3.org/2001/XMLSchema-instance" xmlns:xlink="http://www.w3.org/1999/xlink">
  <mods:titleInfo>
    <mods:title>Registration Line at Library</mods:title>
  </mods:titleInfo>
  <mods:name type="personal" authority="naf" valueURI="http://lccn.loc.gov/n2009161601">
    <mods:namePart>Manter, Jerauld A., 1889-1990</mods:namePart>
    <mods:role>
      <mods:roleTerm type="text" authority="marcrelator">Creator</mods:roleTerm>
    </mods:role>
  </mods:name>
  <mods:typeOfResource>still image</mods:typeOfResource>
  <mods:physicalDescription>
    <mods:internetMediaType>image/jp2</mods:internetMediaType>
    <mods:digitalOrigin>reformatted digital</mods:digitalOrigin>
  </mods:physicalDescription>
  <mods:note type="ownership">Archives &amp; Special Collections at the Thomas J. Dodd Research Center, University of Connecticut Libraries</mods:note>
  <mods:note type="source note">Jerauld A. Manter Photograph Collection, University of Connecticut Photograph Collection</mods:note>
  <mods:note type="source identifier">1988-0010/RG4</mods:note>
  <mods:accessCondition type="use and reproduction">These Materials are provided for educational and research purposes only. The University of Connecticut Libraries hold the copyright except where noted. Permission must be obtained in writing from the University of Connecticut Libraries and/or the owner(s) of the copyright to publish reproductions or quotations beyond "fair use."</mods:accessCondition>
  <mods:recordInfo>
    <mods:recordContentSource>University of Connecticut Libraries</mods:recordContentSource>
    <mods:languageOfCataloging>
      <mods:languageTerm type="code" authority="iso639-2b">eng</mods:languageTerm>
    </mods:languageOfCataloging>
  </mods:recordInfo>
  <mods:targetAudience>CHO</mods:targetAudience>
  <mods:genre authority="aat" valueURI="300127173">negatives (photographic)</mods:genre>
  <mods:originInfo>
    <mods:dateIssued encoding="w3cdtf" keyDate="yes">1945</mods:dateIssued>
  </mods:originInfo>
  <mods:subject>
    <mods:topic authority="fast" authorityURI="http://id.worldcat.org/fast/997341">Libraries</mods:topic>
    <mods:topic authority="fast" authorityURI="http://id.worldcat.org/fast/"/>
    <mods:topic authority="fast" authorityURI="http://id.worldcat.org/fast/"/>
   
    <mods:geographic authority="tgn" valueURI="7014549">Storrs (inhabited place)</mods:geographic>
    <mods:geographic authority="tgn" valueURI="7007159">Connecticut (state)</mods:geographic>
    <mods:name type="corporate" authority="naf" valueURI="http://lccn.loc.gov/n79056688">
      <mods:namePart>University of Connecticut</mods:namePart>
    </mods:name>
   
    <mods:name type="personal" authority="naf" valueURI="http://lccn.loc.gov/n2009161601"><mods:namePart>Manter, Jerauld A., 1889-1990</mods:namePart></mods:name>   
          </mods:subject>
  
  <mods:identifier type="local">1988-0010/RG4/Series1/Box 440:424</mods:identifier>
  <mods:identifier type="local">39153019690793</mods:identifier>
  <mods:accessCondition type="restrictions on access">The collection is open and available for research.</mods:accessCondition>
  
<identifier type="hdl">http://hdl.handle.net/11134/20002:860075872</identifier></mods:mods></metadata></record><record><header><identifier>oai:drupal-site.org:20002_860104130</identifier><datestamp>2015-12-22T19:07:22Z</datestamp><setSpec>20002_Skating</setSpec></header><metadata><mods:mods xmlns:mods="http://www.loc.gov/mods/v3" xmlns="http://www.loc.gov/mods/v3" xmlns:xsi="http://www.w3.org/2001/XMLSchema-instance" xmlns:xlink="http://www.w3.org/1999/xlink">
  <mods:titleInfo>
    <mods:title>Ice skating</mods:title>
  </mods:titleInfo>
  <mods:name type="personal" authority="local">
    <mods:namePart>Richardson, T. D.</mods:namePart>
    <mods:role>
      <mods:roleTerm type="text" authority="marcrelator">Creator</mods:roleTerm>
    </mods:role>
  </mods:name>
  <mods:typeOfResource>text</mods:typeOfResource>
  <mods:genre authority="aat" valueURI="300028051">books</mods:genre>
  <mods:originInfo>
    <mods:place>
      <mods:placeTerm type="text">London</mods:placeTerm>
    </mods:place>
    <mods:publisher>Batsford</mods:publisher>
    <mods:dateIssued encoding="w3cdtf" keyDate="yes">1956</mods:dateIssued>
  </mods:originInfo>
  <mods:physicalDescription>
    <mods:internetMediaType>image/jp2</mods:internetMediaType>
    <mods:digitalOrigin>reformatted digital</mods:digitalOrigin>
    <mods:note type="physical description">127 pages illustrations 26 cm</mods:note>
  </mods:physicalDescription>
  <mods:note type="ownership">Archives &amp; Special Collections at the Thomas J. Dodd Research Center, University of Connecticut Libraries</mods:note>
  <mods:note>With a foreword by Viscount Templewood.</mods:note>
  <mods:subject>
    <mods:topic authority="fast" valueURI="http://id.worldcat.org/fast/1119901">Skating</mods:topic>
  </mods:subject>
  <mods:identifier type="local">Skating 287</mods:identifier>
  <mods:identifier type="local">310537</mods:identifier>
  <mods:identifier type="local">39153019694571</mods:identifier>
  <mods:accessCondition type="use and reproduction">This work is licensed under a Creative Commons Attribution-NonCommercial 4.0 International License, CC BY-NC.</mods:accessCondition>
  <mods:recordInfo>
    <mods:recordContentSource>University of Connecticut Libraries</mods:recordContentSource>
    <mods:languageOfCataloging>
      <mods:languageTerm type="code" authority="iso639-2b">eng</mods:languageTerm>
    </mods:languageOfCataloging>
  </mods:recordInfo>
<identifier type="hdl">http://hdl.handle.net/11134/20002:860104130</identifier></mods:mods></metadata></record><record><header><identifier>oai:drupal-site.org:20002_860063144</identifier><datestamp>2015-06-25T12:15:02Z</datestamp><setSpec>20002_RhodeIslandValMaps</setSpec></header><metadata><mods:mods xmlns:mods="http://www.loc.gov/mods/v3" xmlns:xlink="http://www.w3.org/1999/xlink" xmlns:xsi="http://www.w3.org/2001/XMLSchema-instance">
   <mods:titleInfo>
      <mods:title>Warwick and Cranston, Rhode Island</mods:title>
   </mods:titleInfo>
   <mods:name type="corporate" authority="naf" valueURI="http://id.loc.gov/authorities/names/n86134559">
      <mods:namePart>New York, New Haven, and Hartford Railroad Company</mods:namePart>
      <mods:role>
         <mods:roleTerm authority="marcrelator" authorityURI="http://id.loc.gov/vocabulary/relators" valueURI="http://id.loc.gov/vocabulary/relators/cre" type="text">Creator</mods:roleTerm>
      </mods:role>
   </mods:name>
   <mods:typeOfResource>cartographic</mods:typeOfResource>
   <mods:genre authority="aat" valueURI="300028094">maps (documents)</mods:genre>
   <mods:genre authority="aat" valueURI="300264387">images (object genre)</mods:genre>
   <mods:originInfo>
      <mods:dateIssued encoding="w3cdtf" keyDate="yes">1915-06-30</mods:dateIssued>
   </mods:originInfo>
   <mods:physicalDescription>
      <mods:internetMediaType>image/jp2</mods:internetMediaType>
      <mods:digitalOrigin>reformatted digital</mods:digitalOrigin>
      <mods:note type="physical description">Source extent: 1 map ; 142 x 61 cm 1 map ; 142 x 61 cm</mods:note>
   </mods:physicalDescription>
   <mods:abstract>Right of way and track map, the New York, New Haven and Hartford R.R. Co. ΓÇªfrom New London to Providence, station 2920+15 to station 2972+95, towns of Warwick and Cranston, state of R.I.</mods:abstract>
   <mods:targetAudience>CHO</mods:targetAudience>
   <mods:targetAudience>GEO</mods:targetAudience>
   <mods:note type="ownership">Archives &amp; Special Collections at the Thomas J. Dodd Research Center, University of Connecticut Libraries</mods:note>
   <mods:note type="source note">New York, New Haven, and Hartford Railroad Company Valuation Maps Collection</mods:note>
   <mods:note>Bounding box coordinates recorded as S, W, N, E</mods:note>
   <mods:subject>
      <mods:topic>Railroads</mods:topic>
      <mods:geographic>Pawtuxet River (R.I.)</mods:geographic>
      <mods:geographic>Norwood (Warwick, R.I.)</mods:geographic>
      <mods:geographic>Rhode Island</mods:geographic>
      <mods:geographic>Warwick (R.I.)</mods:geographic>
      <mods:geographic>Cranston (R.I.)</mods:geographic>
      <mods:cartographics>
         <mods:coordinates>41.74768, -71.438025, 41.764501, -71.426414</mods:coordinates>
      </mods:cartographics>
   </mods:subject>
   <mods:identifier type="local">Roll no. 138</mods:identifier>
   <mods:identifier type="local">Valuation no. 36.53, sheet 38</mods:identifier>
   <mods:identifier type="local">Accession no. MSS1998-0378</mods:identifier>
   <mods:identifier type="local">uconn_asc_1998_0378_map_36_53_38.tif</mods:identifier>
   <mods:accessCondition type="use and reproduction">These Materials are provided for educational and research purposes only. The University of Connecticut Libraries hold the copyright except where noted. Permission must be obtained in writing from the University of Connecticut Libraries and/or the owner(s) of the copyright to publish reproductions or quotations beyond "fair use."</mods:accessCondition>
   <mods:accessCondition type="restrictions on access">The collection is open and available for research.</mods:accessCondition>
   <mods:extension xmlns:fgdc="http://www.fgdc.gov/schemas/metadata/fgdc-std-001-1998.xsd">
      <fgdc:metadata>
         <fgdc:idinfo>
            <fgdc:spdom>
               <fgdc:bounding>
                  <fgdc:westbc>-71.438025</fgdc:westbc>
                  <fgdc:eastbc>-71.426414</fgdc:eastbc>
                  <fgdc:northbc>41.764501</fgdc:northbc>
                  <fgdc:southbc>41.74768</fgdc:southbc>
               </fgdc:bounding>
            </fgdc:spdom>
         </fgdc:idinfo>
      </fgdc:metadata>
   </mods:extension>
   <mods:recordInfo>
      <mods:recordContentSource>University of Connecticut Libraries</mods:recordContentSource>
      <mods:recordCreationDate encoding="w3cdtf">2015-04-07-04:00</mods:recordCreationDate>
      <mods:languageOfCataloging>
         <mods:languageTerm authority="iso639-2b" type="code">eng</mods:languageTerm>
      </mods:languageOfCataloging>
      <mods:recordOrigin>This MODS record was migrated from University of Connecticut Libraries Archives and Special Collections CONTENTdm site. . Other information: reviewed by wda</mods:recordOrigin>
   </mods:recordInfo>
<identifier xmlns="http://www.loc.gov/mods/v3" type="hdl">http://hdl.handle.net/11134/20002:860063144</identifier></mods:mods></metadata></record><record><header><identifier>oai:drupal-site.org:20002_860101717</identifier><datestamp>2016-10-08T20:38:12Z</datestamp><setSpec>20002_WillCorrespondance</setSpec></header><metadata><mods:mods xmlns:mods="http://www.loc.gov/mods/v3" xmlns="http://www.loc.gov/mods/v3" xmlns:xsi="http://www.w3.org/2001/XMLSchema-instance" xmlns:xlink="http://www.w3.org/1999/xlink" version="3.5" xsi:schemaLocation="http://www.loc.gov/mods/v3 http://www.loc.gov/standards/mods/v3/mods-3-5.xsd">
  <mods:titleInfo>
    <mods:title>Unsigned Letter to Vivien Kellems (1950-02-09)</mods:title>
  </mods:titleInfo>
  <mods:identifier type="hdl">http://hdl.handle.net/11134/20002:860101717</mods:identifier>
  <mods:typeOfResource>still image</mods:typeOfResource>
  <mods:genre authority="aat" valueURI="http://id.worldcat.org/fast/996779">letters (correspondence)</mods:genre>
  <mods:originInfo>
    <mods:dateIssued encoding="w3cdtf" keyDate="yes">1950-02-09</mods:dateIssued>
  </mods:originInfo>
  <mods:physicalDescription>
    <mods:digitalOrigin>reformatted digital</mods:digitalOrigin>
  </mods:physicalDescription>
  <mods:abstract>This unsigned letter (presumably from Arthur J. Peck) dated February 9, 1950 discusses the enclosure of the updated copy of Vivien Kellem's will.</mods:abstract>
  <mods:note type="ownership">Archives &amp; Special Collections at the Thomas J. Dodd Research Center, University of Connecticut Libraries</mods:note>
  <mods:subject>
    <mods:topic authority="fast" valueURI="http://id.worldcat.org/fast/996779">Letters</mods:topic>
    <mods:topic authority="fast" valueURI="http://id.worldcat.org/fast/1175513">Wills</mods:topic>
    <mods:geographic authority="tgn" valueURI="7007568">New York (state)</mods:geographic>
    <mods:geographic authority="tgn" valueURI="7007567">New York (inhabited place)</mods:geographic>
  </mods:subject>
  <mods:accessCondition type="use and reproduction">This work is licensed under a Creative Commons Attribution-NonCommercial 4.0 International License, CC BY-NC.</mods:accessCondition>
  <mods:recordInfo>
    <mods:recordContentSource>University of Connecticut Libraries</mods:recordContentSource>
    <mods:languageOfCataloging>
      <mods:languageTerm type="code" authority="iso639-2b">eng</mods:languageTerm>
    </mods:languageOfCataloging>
  </mods:recordInfo>
  <mods:name type="personal" authority="naf" valueURI="http://id.loc.gov/authorities/names/n88172648">
    <mods:namePart>Kellems, Vivien, 1896-1975</mods:namePart>
    <mods:role>
      <mods:roleTerm type="text" authority="marcrelator">Contributor</mods:roleTerm>
    </mods:role>
  </mods:name>
</mods:mods></metadata></record><record><header><identifier>oai:drupal-site.org:20002_860225990</identifier><datestamp>2016-12-02T18:32:22Z</datestamp><setSpec>20002_galamseygoldmining</setSpec></header><metadata><mods:mods xmlns:mods="http://www.loc.gov/mods/v3" xmlns="http://www.loc.gov/mods/v3" xmlns:xsi="http://www.w3.org/2001/XMLSchema-instance" xmlns:xlink="http://www.w3.org/1999/xlink" version="3.5" xsi:schemaLocation="http://www.loc.gov/mods/v3 http://www.loc.gov/standards/mods/v3/mods-3-5.xsd">
  <mods:titleInfo type="alternative">
    <mods:title>Young Galamsey Crushes Ore Into Powder</mods:title>
  </mods:titleInfo>
  <mods:name type="personal" authority="naf" valueURI="https://lccn.loc.gov/n97852224">
    <mods:namePart>Romano, U. Roberto</mods:namePart>
    <mods:role>
      <mods:roleTerm type="text" authority="marcrelator">Creator</mods:roleTerm>
    </mods:role>
  </mods:name>
  <mods:typeOfResource>still image</mods:typeOfResource>
  <mods:genre authority="aat" valueURI="300046300">photographs</mods:genre>
  <mods:originInfo>
    <mods:dateIssued encoding="w3cdtf" keyDate="yes">2009-05-01</mods:dateIssued>
  </mods:originInfo>
  <mods:physicalDescription>
    <mods:internetMediaType>image/tiff</mods:internetMediaType>
    <mods:digitalOrigin>born digital</mods:digitalOrigin>
  </mods:physicalDescription>
  <mods:abstract>A young galamsey uses a blunt metal pole to crush ore into powder. The powder will be sifted and then soaked with water during processing, where galamsey will remove any gold contained within the mud.</mods:abstract>
  <mods:note type="ownership">Archives &amp; Special Collections at the Thomas J. Dodd Research Center, University of Connecticut Libraries</mods:note>
  <mods:note type="source note">U. Roberto (Robin) Romano Papers, 1971-2011</mods:note>
  <mods:subject>
    <mods:topic authority="fast" valueURI="944469">Gold mines and mining</mods:topic>
    <mods:topic authority="fast" valueURI="944368">Gold</mods:topic>
    <mods:topic authority="fast" valueURI="963285">Human rights</mods:topic>
    <mods:topic authority="fast" valueURI="854472">Child labor</mods:topic>
    <mods:geographic authority="tgn" valueURI="1000166">Ghana (nation)</mods:geographic>
    <mods:geographic authority="tgn" valueURI="7001242">Africa (continent)</mods:geographic>
    <mods:cartographics>
      <mods:coordinates>8.0000, -2.0000</mods:coordinates>
    </mods:cartographics>
    <mods:name type="personal" authority="naf" valueURI="https://lccn.loc.gov/n97852224">
      <mods:namePart>Romano, U. Roberto</mods:namePart>
    </mods:name>
  </mods:subject>
  <mods:identifier type="local">IMG_4021</mods:identifier>
  <mods:accessCondition type="use and reproduction">This work is licensed under a Creative Commons Attribution-NonCommercial 4.0 International License, CC BY-NC.</mods:accessCondition>
  <mods:recordInfo>
    <mods:recordContentSource>University of Connecticut Libraries</mods:recordContentSource>
    <mods:languageOfCataloging>
      <mods:languageTerm type="code" authority="iso639-2b">eng</mods:languageTerm>
    </mods:languageOfCataloging>
  </mods:recordInfo>
  <identifier type="hdl">http://hdl.handle.net/11134/20002:860225990</identifier>
</mods:mods></metadata></record><record><header><identifier>oai:drupal-site.org:20002_860129705</identifier><datestamp>2016-11-08T16:38:25Z</datestamp><setSpec>20002_MSS19880010</setSpec></header><metadata><mods:mods xmlns:mods="http://www.loc.gov/mods/v3" xmlns="http://www.loc.gov/mods/v3" xmlns:xsi="http://www.w3.org/2001/XMLSchema-instance" xmlns:xlink="http://www.w3.org/1999/xlink">
  <mods:titleInfo>
    <mods:title>Handicapped Homemaker Project, Soltys Children</mods:title>
  </mods:titleInfo>
  <mods:name type="personal" authority="naf" valueURI="http://lccn.loc.gov/n2009161601">
    <mods:namePart>Manter, Jerauld A., 1889-1990</mods:namePart>
    <mods:role>
      <mods:roleTerm type="text" authority="marcrelator">Creator</mods:roleTerm>
    </mods:role>
  </mods:name>
  <mods:typeOfResource>still image</mods:typeOfResource>
  <mods:physicalDescription>
    <mods:internetMediaType>image/jp2</mods:internetMediaType>
    <mods:digitalOrigin>reformatted digital</mods:digitalOrigin>
  </mods:physicalDescription>
  <mods:note type="ownership">Archives &amp; Special Collections at the Thomas J. Dodd Research Center, University of Connecticut Libraries</mods:note>
  <mods:note type="source note">Jerauld A. Manter Photograph Collection, University of Connecticut Photograph Collection</mods:note>
  <mods:note type="source identifier">1988-0010/RG4</mods:note>
  <mods:accessCondition type="use and reproduction">This work is licensed under a Creative Commons Attribution-NonCommercial 4.0 International License, CC BY-NC.</mods:accessCondition>
  <mods:recordInfo>
    <mods:recordContentSource>University of Connecticut Libraries</mods:recordContentSource>
    <mods:languageOfCataloging>
      <mods:languageTerm type="code" authority="iso639-2b">eng</mods:languageTerm>
    </mods:languageOfCataloging>
  </mods:recordInfo>
  <mods:targetAudience>CHO</mods:targetAudience>
  <mods:genre authority="aat" valueURI="300127173">negatives (photographic)</mods:genre>
  <mods:originInfo>
    <mods:dateIssued encoding="w3cdtf" keyDate="yes" point="start">1956</mods:dateIssued>
    <mods:dateIssued encoding="w3cdtf" point="end">1959</mods:dateIssued>
  </mods:originInfo>
  <mods:subject>
    <mods:topic authority="fast" authorityURI="http://id.worldcat.org/fast/1057245">People with disabilities</mods:topic>
    <mods:topic authority="fast" authorityURI="http://id.worldcat.org/fast/959256">Home economics for people with disabilities</mods:topic>
    
    <mods:geographic authority="tgn" valueURI="7014549">Storrs (inhabited place)</mods:geographic>
    <mods:geographic authority="tgn" valueURI="7007159">Connecticut (state)</mods:geographic>
    <mods:name type="corporate" authority="naf" valueURI="http://lccn.loc.gov/n79056688">
      <mods:namePart>University of Connecticut</mods:namePart>
    </mods:name>
    <mods:name type="corporate" authority="naf" valueURI="http://lccn.loc.gov/n92059445">
      <mods:namePart>Connecticut State College</mods:namePart>
    </mods:name>
    <mods:name type="personal" authority="" valueURI="">
      <mods:namePart/>
    </mods:name>
    <mods:name type="personal" authority="naf" valueURI="http://lccn.loc.gov/n2009161601">
      <mods:namePart>Manter, Jerauld A., 1889-1990</mods:namePart>
    </mods:name>
  </mods:subject>
  <mods:identifier type="local">1988-0010/RG4/Series1/Box 449:1235</mods:identifier>
  <mods:identifier type="local">39153019280538</mods:identifier>
  <mods:accessCondition type="restrictions on access">The collection is open and available for research.</mods:accessCondition>
  
<identifier type="hdl">http://hdl.handle.net/11134/20002:860129705</identifier></mods:mods></metadata></record><record><header><identifier>oai:drupal-site.org:20002_5430</identifier><datestamp>2016-02-02T23:28:35Z</datestamp><setSpec>20002_IMTNuremberg</setSpec></header><metadata><mods:mods xmlns:mods="http://www.loc.gov/mods/v3" xmlns:xlink="http://www.w3.org/1999/xlink" xmlns:xsi="http://www.w3.org/2001/XMLSchema-instance" xmlns="http://www.loc.gov/mods/v3" version="3.5" xsi:schemaLocation="http://www.loc.gov/mods/v3 http://www.loc.gov/standards/mods/v3/mods-3-5.xsd">
  <mods:titleInfo>
    <mods:title>Supporting documents for case against the Reich Cabinet</mods:title>
  </mods:titleInfo>
  <mods:name authority="fast" type="personal" valueURI="http://id.worldcat.org/fast/255922">
    <mods:namePart>Dodd, Thomas J. (Thomas Joseph), 1907-1971</mods:namePart>
    <mods:role>
      <mods:roleTerm authority="marcrelator" type="text">Collector</mods:roleTerm>
    </mods:role>
  </mods:name>
  <mods:typeOfResource>text</mods:typeOfResource>
  <mods:genre authority="aat" valueURI="300027590">legal documents</mods:genre>
  <mods:genre authority="aat" valueURI="300027894">laws (documents)</mods:genre>
  <mods:originInfo>
    <mods:dateIssued encoding="w3cdtf" keyDate="yes" point="start">1933</mods:dateIssued>
    <mods:dateIssued encoding="w3cdtf" keyDate="yes" point="end">1934</mods:dateIssued>
  </mods:originInfo>
  <mods:physicalDescription>
    <mods:internetMediaType>image/jp2</mods:internetMediaType>
    <mods:digitalOrigin>reformatted digital</mods:digitalOrigin>
    <mods:note type="physical description">document book</mods:note>
  </mods:physicalDescription>
  <mods:abstract>The Indicted Organizations subseries (Boxes 290-295) chronicles the cases against the Reich Cabinet, German High Command, Sturmabteilungen (SA), Geheime Staatspolizei (Gestapo), Sicherheitsdienst (SD), and the Schutzstaffeln (SS). This material includes not only prosecution trial briefs and captured German documents, but also defense documents employed against Allied jurists. Folder includes: Reich Cabinet Document no. 16, Reich Cabinet Document no. 17, Reich Cabinet Document no. 18, Reich Cabinet Document no. 21, Reich Cabinet Document no. 22, Reich Cabinet Document no. 24, Reich Cabinet Document no. 25, Reich Cabinet Document no. 26, Reich Cabinet Document no. 28, Reich Cabinet Document no. 30, Reich Cabinet Document no. 31, Reich Cabinet Document no. 34. Pages are numbered consecutively (65-91) with red colored pencil. Collection forms a booklet.</mods:abstract>
  <mods:note type="Preferred Citation">Supporting documents for case against the Reich Cabinet, 292:7425, Thomas J. Dodd Papers. Archives &amp; Special Collections at the Thomas J. Dodd Research Center, University of Connecticut Libraries.</mods:note>
  <mods:subject>
    <mods:topic authority="fast" valueURI="http://id.worldcat.org/fast/1709901">Nuremberg War Crime Trials (Germany : 1946-1949)</mods:topic>
    <mods:topic authority="fast" valueURI="http://id.worldcat.org/fast/917186">Evidence (Law)</mods:topic>
    <mods:topic authority="fast" valueURI="http://id.worldcat.org/fast/1715681">Legal briefs</mods:topic>
    <mods:topic authority="fast" valueURI="http://id.worldcat.org/fast/1156316">Trials (Conspiracy)</mods:topic>
    <mods:topic authority="fast" valueURI="http://id.worldcat.org/fast/1033761">National socialism</mods:topic>
    <mods:topic authority="fast" valueURI="http://id.worldcat.org/fast/1020840">Militarism--Economic aspects</mods:topic>
    <mods:topic authority="fast" valueURI="http://id.worldcat.org/fast/1020850">Militarism--Social aspects</mods:topic>
    <mods:geographic authority="tgn" valueURI="7000084">Germany (nation)</mods:geographic>
    <mods:name type="corporate" authority="fast" valueURI="http://id.worldcat.org/fast/1642697">
      <mods:namePart>Germany. Reichsregierung</mods:namePart>
    </mods:name>
    <mods:name type="corporate" authority="fast" valueURI="http://id.worldcat.org/fast/577957">
      <mods:namePart>Nationalsozialistische Deutsche Arbeiter-Partei. Sturmabteilung</mods:namePart>
    </mods:name>
    <mods:name type="corporate" authority="fast" valueURI="http://id.worldcat.org/fast/537326">
      <mods:namePart>Nationalsozialistische Deutsche Arbeiter-Partei. Schutzstaffel</mods:namePart>
    </mods:name>
    <mods:topic authority="fast" valueURI="http://id.worldcat.org/fast/942136">Germans--Politics and government</mods:topic>
    <mods:topic authority="fast" valueURI="http://id.worldcat.org/fast/1374601">Laws, etc. (Reichsgesetzblatt : Germany)</mods:topic>
  </mods:subject>
  <mods:identifier type="local">MSS19940065:292:7425</mods:identifier>
  <mods:accessCondition type="use and reproduction">This work is licensed under a Creative Commons Attribution-NonCommercial 4.0 International License, CC BY-NC.</mods:accessCondition>
  <mods:accessCondition type="use and reproduction" displayLabel="Digital Object Disclaimer">This work is licensed under a Creative Commons Attribution-NonCommercial 4.0 International License, CC BY-NC.</mods:accessCondition>
  <mods:accessCondition type="restrictions on access">The collection is open and available for research.</mods:accessCondition>
  <mods:accessCondition type="use and reproduction" displayLabel="Intellectual Rights Statement">This work is licensed under a Creative Commons Attribution-NonCommercial 4.0 International License, CC BY-NC.</mods:accessCondition>
  <mods:recordInfo>
    <mods:recordCreationDate encoding="w3cdtf">2011-12-16T15:09-0500</mods:recordCreationDate>
    <mods:recordOrigin>This finding aid was produced using the Archivists' Toolkit</mods:recordOrigin>
    <mods:languageOfCataloging>
      <mods:languageTerm type="code" authority="iso639-3">eng</mods:languageTerm>
    </mods:languageOfCataloging>
    <mods:descriptionStandard>Describing Archives: A Content Standard</mods:descriptionStandard>
    <mods:recordContentSource>University of Connecticut Libraries</mods:recordContentSource>
    <mods:languageOfCataloging>
      <mods:languageTerm type="code" authority="iso639-2b">eng</mods:languageTerm>
    </mods:languageOfCataloging>
  </mods:recordInfo>
  <identifier type="hdl">http://hdl.handle.net/11134/20002:5430</identifier>
  <mods:note type="ownership">Archives &amp; Special Collections at the Thomas J. Dodd Research Center, University of Connecticut Libraries</mods:note>
  <mods:name type="corporate" authority="naf" valueURI="http://id.loc.gov/authorities/names/n50069897">
    <mods:namePart>International Military Tribunal</mods:namePart>
    <mods:role>
      <mods:roleTerm type="text" authority="marcrelator">Contributor</mods:roleTerm>
    </mods:role>
  </mods:name>
  <mods:name type="corporate" authority="naf" valueURI="http://id.loc.gov/authorities/names/no92016468">
    <mods:namePart>United States. Office of Chief of Counsel for the Prosecution of Axis Criminality</mods:namePart>
    <mods:role>
      <mods:roleTerm type="text" authority="marcrelator">Contributor</mods:roleTerm>
    </mods:role>
  </mods:name>
  <mods:note type="source note">Thomas J. Dodd Papers</mods:note>
  <mods:note type="source identifier">MSS 1994.0065</mods:note>
</mods:mods></metadata></record><record><header><identifier>oai:drupal-site.org:20002_860046981</identifier><datestamp>2016-11-21T17:30:11Z</datestamp><setSpec>20002_IMTNuremberg</setSpec></header><metadata><mods:mods xmlns:mods="http://www.loc.gov/mods/v3" xmlns:xlink="http://www.w3.org/1999/xlink" xmlns:xsi="http://www.w3.org/2001/XMLSchema-instance" xmlns="http://www.loc.gov/mods/v3" version="3.5" xsi:schemaLocation="http://www.loc.gov/mods/v3 http://www.loc.gov/standards/mods/v3/mods-3-5.xsd">
  <mods:titleInfo>
    <mods:title>Young people in courtyard of Presidential Palace, Prague</mods:title>
    <mods:subTitle>Thomas Dodd visit to Czechoslovakia</mods:subTitle>
  </mods:titleInfo>
  <mods:name authority="fast" authorityURI="http://id.worldcat.org/fast/255922" type="personal">
    <mods:namePart>Dodd, Thomas J. (Thomas Joseph), 1907-1971</mods:namePart>
    <mods:role>
      <mods:roleTerm authority="marcrelator" type="text">collector</mods:roleTerm>
    </mods:role>
  </mods:name>
  <mods:typeOfResource>still image</mods:typeOfResource>
  <mods:genre authority="aat" authorityURI="300046300">photographs</mods:genre>
  <mods:originInfo>
    <mods:publisher>Archives &amp; Special Collections at the Thomas J. Dodd Research Center, University of Connecticut Libraries</mods:publisher>
    <mods:dateIssued encoding="w3cdtf" keyDate="yes">1946</mods:dateIssued>
  </mods:originInfo>
  <mods:physicalDescription>
    <mods:internetMediaType>jp2</mods:internetMediaType>
    <mods:digitalOrigin>reformatted digital</mods:digitalOrigin>
  </mods:physicalDescription>
  <mods:abstract>Encompasses a wide range of subjects and is arranged thematically according to the following categories: General Administrative; Witnesses; Defense; Interrogations; Evidence;  Thomas Dodd; Justice  Robert Jackson; Transcript Indexes; Transcripts; Photographs; Other Trials; and Post-Trial.</mods:abstract>
  <mods:note type="Preferred Citation">
					Thomas Dodd visit to Czechoslovakia, 371:8494-8496, Thomas J. Dodd Papers. Archives &amp; Special Collections at the Thomas J. Dodd Research Center, University of Connecticut Libraries.</mods:note>
  <mods:subject>
    <mods:topic authority="fast" authorityURI="http://id.worldcat.org/fast/1709901">Nuremberg War Crime Trials (Germany : 1946-1949)</mods:topic>
    <mods:geographic authority="tgn" valueURI="1000065">Czechoslovakia (general region)</mods:geographic>
    <mods:geographic authority="tgn" valueURI="7006464">Prague (inhabited place)</mods:geographic>
  </mods:subject>
  <mods:identifier type="local">MSS19940065:371:8494-8496</mods:identifier>
  <mods:accessCondition type="use and reproduction">This work is licensed under a Creative Commons Attribution-NonCommercial 4.0 International License, CC BY-NC.</mods:accessCondition><mods:recordInfo>
    <mods:recordCreationDate encoding="w3cdtf">2011-12-16T15:09-0500</mods:recordCreationDate>
    <mods:recordOrigin>This finding aid was produced using the Archivists' Toolkit</mods:recordOrigin>
    <mods:languageOfCataloging>
      <mods:languageTerm type="code" authority="iso639-3">eng</mods:languageTerm>
    </mods:languageOfCataloging>
    <mods:descriptionStandard>Describing Archives: A Content Standard</mods:descriptionStandard>
    <mods:recordContentSource>University of Connecticut Libraries</mods:recordContentSource>
    <mods:languageOfCataloging>
      <mods:languageTerm type="code" authority="iso639-2b">eng</mods:languageTerm>
    </mods:languageOfCataloging>
  </mods:recordInfo>
  <identifier type="hdl">http://hdl.handle.net/11134/20002:860046981</identifier>
  <mods:note type="ownership">Archives &amp; Special Collections at the Thomas J. Dodd Research Center, University of Connecticut Libraries</mods:note>
  <mods:note type="source note">Thomas J. Dodd Papers</mods:note>
  <mods:note type="source identifier">MSS 1994.0065</mods:note>
  <mods:identifier type="local">1994-0065/SeriesVII/Box371:8495_0012</mods:identifier>
</mods:mods></metadata></record><record><header><identifier>oai:drupal-site.org:20002_860197963</identifier><datestamp>2016-10-27T18:25:53Z</datestamp><setSpec>20002_860191689</setSpec></header><metadata><mods:mods xmlns:mods="http://www.loc.gov/mods/v3" xmlns="http://www.loc.gov/mods/v3" xmlns:xsi="http://www.w3.org/2001/XMLSchema-instance" xmlns:xlink="http://www.w3.org/1999/xlink" version="3.5" xsi:schemaLocation="http://www.loc.gov/mods/v3 http://www.loc.gov/standards/mods/v3/mods-3-5.xsd">
  <mods:titleInfo>
    <mods:title>Connecticut Campus Volume 12, Number 16</mods:title>
  </mods:titleInfo>
  <mods:name type="personal">
    <mods:namePart>Moreland, W.S.</mods:namePart>
    <mods:role>
      <mods:roleTerm authority="marcrelator" type="text">Editor</mods:roleTerm>
    </mods:role>
  </mods:name>
  <mods:typeOfResource>text</mods:typeOfResource>
  <mods:genre authority="marcgt">newspaper</mods:genre>
  <mods:originInfo>
    <mods:publisher>Connecticut Agricultural College</mods:publisher>
    <mods:place>
      <mods:placeTerm type="text">Storrs, CT</mods:placeTerm>
    </mods:place>
    <mods:dateIssued encoding="w3cdtf" keyDate="yes">1926-02-26</mods:dateIssued>
    <mods:issuance>serial</mods:issuance>
  </mods:originInfo>
  <mods:accessCondition type="use and reproduction">This work is licensed under a Creative Commons Attribution-NonCommercial 4.0 International License, CC BY-NC.</mods:accessCondition>
  <mods:recordInfo>
    <mods:recordContentSource>University of Connecticut Libraries</mods:recordContentSource>
    <mods:languageOfCataloging>
      <mods:languageTerm type="code" authority="iso639-2b">eng</mods:languageTerm>
    </mods:languageOfCataloging>
  </mods:recordInfo>
  <identifier type="hdl">http://hdl.handle.net/11134/20002:860197963</identifier>
  <mods:note type="ownership">Archives &amp; Special Collections at the Thomas J. Dodd Research Center, University of Connecticut Libraries</mods:note>
  <mods:recordInfo>
    <mods:recordContentSource>University of Connecticut Libraries</mods:recordContentSource>
    <mods:languageOfCataloging>
      <mods:languageTerm type="code" authority="iso639-2b">eng</mods:languageTerm>
    </mods:languageOfCataloging>
  </mods:recordInfo>
</mods:mods></metadata></record><record><header><identifier>oai:drupal-site.org:20002_199708590</identifier><datestamp>2014-12-10T18:16:44Z</datestamp><setSpec>20002_MSS19890073</setSpec></header><metadata><mods:mods xmlns:mods="http://www.loc.gov/mods/v3" xmlns:xlink="http://www.w3.org/1999/xlink" xmlns:xsi="http://www.w3.org/2001/XMLSchema-instance">
   <mods:titleInfo>
      <mods:title>Railroad Station From Asylum Street, Hartford</mods:title>
   </mods:titleInfo>
   <mods:name type="corporate">
      <mods:namePart>Metropolitan News and Publishing Company</mods:namePart>
      <mods:role>
         <mods:roleTerm authority="marcrelator" authorityURI="http://id.loc.gov/vocabulary/relators" valueURI="http://id.loc.gov/vocabulary/relators/cre" type="text">Creator</mods:roleTerm>
      </mods:role>
   </mods:name>
   <mods:typeOfResource>still image</mods:typeOfResource>
   <mods:genre authority="aat" valueURI="300046300">photographs</mods:genre>
   <mods:originInfo>
      <mods:dateIssued encoding="w3cdtf" keyDate="yes" qualifier="approximate">1909</mods:dateIssued>
   </mods:originInfo>
   <mods:physicalDescription>
      <mods:internetMediaType>image/tiff</mods:internetMediaType>
      <mods:digitalOrigin>reformatted digital</mods:digitalOrigin>
   </mods:physicalDescription>
   <mods:abstract>Passengers on trolley car in front of railroad station building. Pedestrians crossing street. Behind trolley car, covered platforms extend from building.</mods:abstract>
   <mods:targetAudience>CHO</mods:targetAudience>
   <mods:note type="ownership">Archives &amp; Special Collections at the Thomas J. Dodd Research Center, University of Connecticut Libraries</mods:note>
   <mods:note type="source note">Leroy Roberts CT Railroad Station Photograph Collection</mods:note>
   <mods:note type="theme">Environment</mods:note>
   <mods:note type="theme">Infrastructure</mods:note>
   <mods:note type="theme">Lifestyle</mods:note>
   <mods:note>Smudging on postcard.</mods:note>
   <mods:subject>
      <mods:topic>Trolley cars</mods:topic>
      <mods:topic>Streets</mods:topic>
      <mods:topic>Street-railroad stations</mods:topic>
      <mods:geographic>Asylum Street (Hartford, Conn.)</mods:geographic>
   </mods:subject>
   <mods:identifier type="local">Accession number UC17-0600</mods:identifier>
   <mods:identifier type="local">IMG0054-1581</mods:identifier>
   <mods:location>
      <mods:physicalLocation>Box Greenwich-, ff Hartford/Hartford Railroad</mods:physicalLocation>
   </mods:location>
   <mods:accessCondition type="use and reproduction">Permission to publish from these Papers must be obtained in writing from both the University of Connecticut Libraries and the owner(s) of the copyright.</mods:accessCondition>
   <mods:accessCondition type="use and reproduction" displayLabel="Digital Object Disclaimer" xlink:href="http://doddcenter.uconn/asc/research/reproduction.htm">This digital object is owned, held, or licensed by the University of Connecticut and is available for non-commercial or education use only. Ownership must be properly cited. Any commercial use of this object without express written permission of the University of Connecticut is strictly prohibited. For more information or to obtain a reproduction of this digital object, contact University Archives &amp; Special Collections.</mods:accessCondition>
   <mods:accessCondition type="use and reproduction" displayLabel="Intellectual Rights Statement">As a publically supported institution, the University of Connecticut Libraries generally does not own rights in its collections. Permission to publish from these papers must be obtained in writing from both the University of Connecticut Libraries and the owner(s) of the copyright. Possible fees may be incurred on the part of the user.</mods:accessCondition>
   <mods:accessCondition type="restrictions on access">The collection is open and available for research.</mods:accessCondition>
   <mods:recordInfo>
      <mods:recordContentSource>University of Connecticut Libraries</mods:recordContentSource>
      <mods:recordCreationDate encoding="w3cdtf">2014-05-28-04:00</mods:recordCreationDate>
      <mods:languageOfCataloging>
         <mods:languageTerm authority="iso639-2b" type="code">eng</mods:languageTerm>
      </mods:languageOfCataloging>
      <mods:recordOrigin>This MODS record was migrated from CHO's CONTENTdm. The object had the following CONTENTdm reference URL: http://images.lib.uconn.edu:81/u?/cho,5457 and CONTENTdm file name: 5476.jp2</mods:recordOrigin>
   </mods:recordInfo>
<identifier xmlns="http://www.loc.gov/mods/v3" type="hdl">http://hdl.handle.net/11134/20002:199708590</identifier></mods:mods></metadata></record><record><header><identifier>oai:drupal-site.org:20002_860176192</identifier><datestamp>2016-07-26T16:44:32Z</datestamp><setSpec>20002_MSS19880010</setSpec></header><metadata><mods:mods xmlns:mods="http://www.loc.gov/mods/v3" xmlns="http://www.loc.gov/mods/v3" xmlns:xsi="http://www.w3.org/2001/XMLSchema-instance" xmlns:xlink="http://www.w3.org/1999/xlink">
  <mods:titleInfo>
    <mods:title>Commencement, School of Nursing, 2016</mods:title>
  </mods:titleInfo>
  <mods:name type="corporate" authority="naf" valueURI="https://lccn.loc.gov/n94801384">
    <mods:namePart>University of Connecticut. School of Nursing</mods:namePart>
    <mods:role>
      <mods:roleTerm type="text" authority="marcrelator">Creator</mods:roleTerm>
    </mods:role>
  </mods:name>
  <mods:name type="corporate" authority="local">
    <mods:namePart>GradImages</mods:namePart>
  </mods:name>
  <mods:typeOfResource>still image</mods:typeOfResource>
  <mods:genre authority="aat" valueURI="300215302">digital images</mods:genre>
  <mods:genre authority="aat" valueURI="300046300">photographs</mods:genre>
  <mods:originInfo>
    <mods:dateIssued encoding="w3cdtf" keyDate="yes">2016</mods:dateIssued>
  </mods:originInfo>
  <mods:physicalDescription>
    <mods:internetMediaType>image/jpg</mods:internetMediaType>
    <mods:digitalOrigin>born digital</mods:digitalOrigin>
  </mods:physicalDescription>
  <mods:note type="ownership">Archives &amp; Special Collections at the Thomas J. Dodd Research Center, University of Connecticut Libraries</mods:note>
  <mods:note type="source note">University of Connecticut Photograph Collection</mods:note>
  <mods:note type="source identifier">MSS 1988.0010</mods:note>
  <mods:subject>
    <mods:topic authority="fast" valueURI="http://id.worldcat.org/fast/869276">Commencement ceremonies</mods:topic>
    <mods:geographic authority="tgn" valueURI="7014549">Storrs (inhabited place)</mods:geographic>
    <mods:geographic authority="tgn" valueURI="7007159">Connecticut (state)</mods:geographic>
  </mods:subject>
  <mods:identifier type="local">MSS 1988.0010</mods:identifier>
  <mods:accessCondition type="use and reproduction">This work is licensed under a Creative Commons Attribution-NonCommercial 4.0 International License, CC BY-NC.</mods:accessCondition>
  <mods:recordInfo>
    <mods:recordContentSource>University of Connecticut Libraries</mods:recordContentSource>
    <mods:languageOfCataloging>
      <mods:languageTerm type="code" authority="iso639-2b">eng</mods:languageTerm>
    </mods:languageOfCataloging>
  </mods:recordInfo>
<identifier type="hdl">http://hdl.handle.net/11134/20002:860176192</identifier></mods:mods></metadata></record><resumptionToken expirationDate="2017-03-09T16:41:44Z" completeListSize="34302" cursor="760">395051935</resumptionToken></ListRecords></OAI-PMH>

