<?xml version="1.0" encoding="UTF-8"?>
<OAI-PMH xmlns:xsi="http://www.w3.org/2001/XMLSchema-instance"  xsi:schemaLocation="http://www.loc.gov/mods/v3 http://www.loc.gov/standards/mods/v3/mods-3-5.xsd http://www.openarchives.org/OAI/2.0/ http://www.openarchives.org/OAI/2.0/OAI-PMH.xsd"  xmlns="http://www.openarchives.org/OAI/2.0/" xmlns:mods="http://www.loc.gov/mods/v3"><responseDate>2017-03-08T16:54:06Z</responseDate><request>http://archives.lib.uconn.edu/oai2</request><ListRecords><record><header><identifier>oai:drupal-site.org:20002_860195184</identifier><datestamp>2016-09-02T13:03:20Z</datestamp><setSpec>20002_19980229HC</setSpec></header><metadata><mods:mods xmlns:mods="http://www.loc.gov/mods/v3" xmlns="http://www.loc.gov/mods/v3" xmlns:xsi="http://www.w3.org/2001/XMLSchema-instance" xmlns:xlink="http://www.w3.org/1999/xlink">
  <mods:titleInfo>
    <mods:title>Hartford (Downtown) Campus</mods:title>
  </mods:titleInfo>
  <mods:name type="corporate" authority="naf" valueURI="https://lccn.loc.gov/n79056688">
    <mods:namePart>University of Connecticut</mods:namePart>
    <mods:role>
      <mods:roleTerm type="text" authority="marcrelator">Collector</mods:roleTerm>
    </mods:role>
  </mods:name>
  <mods:typeOfResource>mixed material</mods:typeOfResource>
  <mods:genre authority="aat" valueURI="300034727">renderings (drawings)</mods:genre>
  <mods:originInfo>
    <mods:dateIssued encoding="w3cdtf" keyDate="yes">2015-06</mods:dateIssued>
  </mods:originInfo>
  <mods:physicalDescription>
    <mods:digitalOrigin>reformatted digital</mods:digitalOrigin>
  </mods:physicalDescription>
  <mods:note type="shortDescription">Renderings of the new Downtown Hartford Campus of the University of Connecticut scheduled to open in Fall 2017.</mods:note>
  <mods:note type="ownership">Archives &amp; Special Collections at the Thomas J. Dodd Research Center, University of Connecticut Libraries</mods:note>
  <mods:subject>
    <mods:topic authority="fast" valueURI="http://id.worldcat.org/fast/867723">College buildings</mods:topic>
    <mods:topic authority="fast" valueURI="http://id.worldcat.org/fast/813321">Architectural rendering</mods:topic>
    <mods:geographic authority="tgn" valueURI="7013695">Hartford (inhabited place)</mods:geographic>
    <mods:cartographics>
      <mods:coordinates>41.7500,-72.6833</mods:coordinates>
    </mods:cartographics>
  </mods:subject>
  <mods:identifier type="local">MSS 1998.0229</mods:identifier>
  <mods:accessCondition type="use and reproduction">This work is licensed under a Creative Commons Attribution-NonCommercial 4.0 International License, CC BY-NC.</mods:accessCondition>
  <mods:recordInfo>
    <mods:recordContentSource>University of Connecticut Libraries</mods:recordContentSource>
    <mods:languageOfCataloging>
      <mods:languageTerm type="code" authority="iso639-2b">eng</mods:languageTerm>
    </mods:languageOfCataloging>
  </mods:recordInfo>
<identifier type="hdl">http://hdl.handle.net/11134/20002:860195184</identifier></mods:mods></metadata></record><record><header><identifier>oai:drupal-site.org:20002_199722607</identifier><datestamp>2015-09-01T14:34:13Z</datestamp><setSpec>20002_MSS19880010</setSpec></header><metadata><mods:mods xmlns:mods="http://www.loc.gov/mods/v3" xmlns:xlink="http://www.w3.org/1999/xlink" xmlns:xsi="http://www.w3.org/2001/XMLSchema-instance">
   <mods:titleInfo supplied="yes">
      <mods:title>Storrs Hearse And Parsonage (later Music House), Connecticut Agricultural College</mods:title>
   </mods:titleInfo>
   <mods:name type="personal" authority="local">
      <mods:namePart>Manter, Jerauld A.</mods:namePart>
      <mods:role>
         <mods:roleTerm authority="marcrelator" authorityURI="http://id.loc.gov/vocabulary/relators" valueURI="http://id.loc.gov/vocabulary/relators/cre" type="text">Creator</mods:roleTerm>
      </mods:role>
   </mods:name>
   <mods:typeOfResource>still image</mods:typeOfResource>
   <mods:genre authority="aat" valueURI="300046300">photographs</mods:genre>
   <mods:originInfo>
      <mods:dateIssued encoding="w3cdtf" keyDate="yes" qualifier="approximate">1930</mods:dateIssued>
   </mods:originInfo>
   <mods:physicalDescription>
      <mods:internetMediaType>image/tiff</mods:internetMediaType>
      <mods:digitalOrigin>reformatted digital</mods:digitalOrigin>
   </mods:physicalDescription>
   <mods:abstract>Hearse wagon in open field in front of trees and house.</mods:abstract>
   <mods:targetAudience>CHO</mods:targetAudience>
   <mods:note type="ownership">Archives &amp; Special Collections at the Thomas J. Dodd Research Center, University of Connecticut Libraries</mods:note>
   <mods:note type="source note">University of Connecticut Photograph Collection</mods:note>
   <mods:note type="theme">Infrastructure</mods:note>
   <mods:note>Title supplied by cataloger. Photograph mounted.</mods:note>
   <mods:subject>
      <mods:topic>Carriages and carts</mods:topic>
      <mods:topic>Universities and colleges</mods:topic>
      <mods:topic>Hearses (Vehicles)</mods:topic>
      <mods:topic>Parsonages</mods:topic>
      <mods:geographic>Storrs (inhabited place)</mods:geographic>
      <mods:name type="corporate" authority="local">
         <mods:namePart>Connecticut Agricultural College</mods:namePart>
      </mods:name>
   </mods:subject>
   <mods:identifier type="local">Accession number UC3-0632</mods:identifier>
   <mods:identifier type="local">IMG0034-2279</mods:identifier>
   <mods:location>
      <mods:physicalLocation>Manter E</mods:physicalLocation>
   </mods:location>
   <mods:accessCondition type="use and reproduction">Permission to publish from these Papers must be obtained in writing from both the University of Connecticut Libraries and the owner(s) of the copyright.</mods:accessCondition>
   <mods:accessCondition type="use and reproduction" displayLabel="Digital Object Disclaimer" xlink:href="http://doddcenter.uconn/asc/research/reproduction.htm">This digital object is owned, held, or licensed by the University of Connecticut and is available for non-commercial or education use only. Ownership must be properly cited. Any commercial use of this object without express written permission of the University of Connecticut is strictly prohibited. For more information or to obtain a reproduction of this digital object, contact University Archives &amp; Special Collections.</mods:accessCondition>
   <mods:accessCondition type="use and reproduction" displayLabel="Intellectual Rights Statement">As a publically supported institution, the University of Connecticut Libraries generally does not own rights in its collections. Permission to publish from these papers must be obtained in writing from both the University of Connecticut Libraries and the owner(s) of the copyright. Possible fees may be incurred on the part of the user.</mods:accessCondition>
   <mods:accessCondition type="restrictions on access">The collection is open and available for research.</mods:accessCondition>
   <mods:recordInfo>
      <mods:recordContentSource>University of Connecticut Libraries</mods:recordContentSource>
      <mods:recordCreationDate encoding="w3cdtf">2014-05-28-04:00</mods:recordCreationDate>
      <mods:languageOfCataloging>
         <mods:languageTerm authority="iso639-2b" type="code">eng</mods:languageTerm>
      </mods:languageOfCataloging>
      <mods:recordOrigin>This MODS record was migrated from CHO's CONTENTdm. The object had the following CONTENTdm reference URL: http://images.lib.uconn.edu:81/u?/cho,5014 and CONTENTdm file name: 4575.jp2</mods:recordOrigin>
   </mods:recordInfo>
<identifier xmlns="http://www.loc.gov/mods/v3" type="hdl">http://hdl.handle.net/11134/20002:199722607</identifier></mods:mods></metadata></record><record><header><identifier>oai:drupal-site.org:20002_860121529</identifier><datestamp>2016-11-11T16:03:38Z</datestamp><setSpec>20002_MSS19880010</setSpec></header><metadata><mods:mods xmlns:mods="http://www.loc.gov/mods/v3" xmlns="http://www.loc.gov/mods/v3" xmlns:xsi="http://www.w3.org/2001/XMLSchema-instance" xmlns:xlink="http://www.w3.org/1999/xlink">
  <mods:titleInfo>
    <mods:title>Handicapped Homemaker Project - Charts, Posters</mods:title>
  </mods:titleInfo>
  <mods:name type="personal" authority="naf" valueURI="http://lccn.loc.gov/n2009161601">
    <mods:namePart>Manter, Jerauld A., 1889-1990</mods:namePart>
    <mods:role>
      <mods:roleTerm type="text" authority="marcrelator">Creator</mods:roleTerm>
    </mods:role>
  </mods:name>
  <mods:typeOfResource>still image</mods:typeOfResource>
  <mods:physicalDescription>
    <mods:internetMediaType>image/jp2</mods:internetMediaType>
    <mods:digitalOrigin>reformatted digital</mods:digitalOrigin>
  </mods:physicalDescription>
  <mods:note type="ownership">Archives &amp; Special Collections at the Thomas J. Dodd Research Center, University of Connecticut Libraries</mods:note>
  <mods:note type="source note">Jerauld A. Manter Photograph Collection, University of Connecticut Photograph Collection</mods:note>
  <mods:note type="source identifier">1988-0010/RG4</mods:note>
  <mods:accessCondition type="use and reproduction">These Materials are provided for educational and research purposes only. The University of Connecticut Libraries hold the copyright except where noted. Permission must be obtained in writing from the University of Connecticut Libraries and/or the owner(s) of the copyright to publish reproductions or quotations beyond "fair use."</mods:accessCondition>
  <mods:recordInfo>
    <mods:recordContentSource>University of Connecticut Libraries</mods:recordContentSource>
    <mods:languageOfCataloging>
      <mods:languageTerm type="code" authority="iso639-2b">eng</mods:languageTerm>
    </mods:languageOfCataloging>
  </mods:recordInfo>
  <mods:targetAudience>CHO</mods:targetAudience>
  <mods:genre authority="aat" valueURI="300127173">negatives (photographic)</mods:genre>
  <mods:originInfo>
    <mods:dateIssued encoding="w3cdtf" keyDate="yes" point="start">1956</mods:dateIssued>
    <mods:dateIssued encoding="w3cdtf" point="end">1959</mods:dateIssued>
  </mods:originInfo>
  <mods:subject>
    <mods:topic authority="fast" authorityURI="http://id.worldcat.org/fast/959173">Home economics</mods:topic>
    <mods:topic authority="fast" authorityURI="http://id.worldcat.org/fast/959256">Home economics for people with disabilities</mods:topic>
    <mods:geographic authority="tgn" valueURI="7014549">Storrs (inhabited place)</mods:geographic>
    <mods:geographic authority="tgn" valueURI="7007159">Connecticut (state)</mods:geographic>
    <mods:name type="corporate" authority="naf" valueURI="http://lccn.loc.gov/n79056688">
      <mods:namePart>University of Connecticut</mods:namePart>
    </mods:name>
    <mods:name type="corporate" authority="naf" valueURI="http://lccn.loc.gov/n92059445">
      <mods:namePart>Connecticut State College</mods:namePart>
    </mods:name>
    <mods:name type="personal" authority="" valueURI="">
      <mods:namePart/>
    </mods:name>
    <mods:name type="personal" authority="naf" valueURI="http://lccn.loc.gov/n2009161601">
      <mods:namePart>Manter, Jerauld A., 1889-1990</mods:namePart>
    </mods:name>
  </mods:subject>
  <mods:identifier type="local">1988-0010/RG4/Series1/Box 449:1247</mods:identifier>
  <mods:identifier type="local">39153019280652</mods:identifier>
  <mods:accessCondition type="restrictions on access">The collection is open and available for research.</mods:accessCondition>
  
<identifier type="hdl">http://hdl.handle.net/11134/20002:860121529</identifier></mods:mods></metadata></record><record><header><identifier>oai:drupal-site.org:20002_860201248</identifier><datestamp>2016-09-30T13:00:27Z</datestamp><setSpec>20002_20060251</setSpec></header><metadata><mods:mods xmlns:mods="http://www.loc.gov/mods/v3" xmlns:xlink="http://www.w3.org/1999/xlink" xmlns:xsi="http://www.w3.org/2001/XMLSchema-instance">
   <mods:titleInfo>
      <mods:title>New Haven Railroad diesel and electric locomotives, 1958 December</mods:title>
   </mods:titleInfo>
   <mods:name type="personal" authority="lcnaf" valueURI="https://lccn.loc.gov/n88177242">
      <mods:namePart>Swanberg, J. W. (Jack W.), 1939-</mods:namePart>
      <mods:role>
         <mods:roleTerm authority="marcrelator" authorityURI="http://id.loc.gov/vocabulary/relators" valueURI="http://id.loc.gov/vocabulary/relators/cre" type="text">Creator</mods:roleTerm>
      </mods:role>
   </mods:name>
   <mods:typeOfResource>still image</mods:typeOfResource>
   <mods:genre authority="aat" valueURI="300127173">negatives (photographs)</mods:genre>
   <mods:originInfo>
      <mods:dateIssued encoding="w3cdtf" keyDate="yes">1958-12</mods:dateIssued>
   </mods:originInfo>
   <mods:physicalDescription>
      <mods:digitalOrigin>reformatted digital</mods:digitalOrigin>
   </mods:physicalDescription>
   <mods:abstract>Alco FAs (0408, train NO-7) at Danbury and New Haven, Connecticut; FL-9s, EF-3s and EP-5 at New Haven, Connecticut; caboose at Danbury, Connecticut</mods:abstract>
   <mods:note type="ownership">Archives &amp; Special Collections at the Thomas J. Dodd Research Center, University of Connecticut Libraries</mods:note>
   <mods:subject>
      <mods:topic authority="fast" valueURI="http://id.worldcat.org/fast/893178">Diesel locomotives</mods:topic>
   </mods:subject>
   <mods:subject>
      <mods:topic authority="fast" valueURI="http://id.worldcat.org/fast/905143">Electric locomotives</mods:topic>
   </mods:subject>
   <mods:subject>
      <mods:name type="corporate" authority="lcnaf" valueURI="https://lccn.loc.gov/n86134559">
         <mods:namePart>New York, New Haven, and Hartford Railroad Company</mods:namePart>
      </mods:name>
   </mods:subject>
   <mods:identifier type="local">2006-0251/SeriesIII:Photo/SubseriesB:PhotoNegs/Box6/39153019714098_0009</mods:identifier>
   <mods:identifier type="local">PC-80</mods:identifier>
   <mods:identifier>MSS 2006.0251</mods:identifier>
   <mods:identifier type="local"/>
   <mods:identifier type="local">39153019714098_0009</mods:identifier>
   <mods:accessCondition type="use and reproduction">This work is licensed under a Creative Commons Attribution-NonCommercial 4.0 International License, CC BY-NC.</mods:accessCondition>
   <mods:recordInfo>
      <mods:recordContentSource>University of Connecticut Libraries</mods:recordContentSource>
      <mods:recordCreationDate encoding="w3cdtf">2016-09-20-04:00</mods:recordCreationDate>
      <mods:languageOfCataloging>
         <mods:languageTerm authority="iso639-2b" type="code">eng</mods:languageTerm>
      </mods:languageOfCataloging>
      <mods:recordOrigin>This record was created using the spreadsheet workflow.</mods:recordOrigin>
   </mods:recordInfo>
<identifier xmlns="http://www.loc.gov/mods/v3" type="hdl">http://hdl.handle.net/11134/20002:860201248</identifier></mods:mods></metadata></record><record><header><identifier>oai:drupal-site.org:20002_860046563</identifier><datestamp>2016-11-25T01:30:49Z</datestamp><setSpec>20002_IMTNuremberg</setSpec></header><metadata><mods:mods xmlns:mods="http://www.loc.gov/mods/v3" xmlns:xlink="http://www.w3.org/1999/xlink" xmlns:xsi="http://www.w3.org/2001/XMLSchema-instance" xmlns="http://www.loc.gov/mods/v3" version="3.5" xsi:schemaLocation="http://www.loc.gov/mods/v3 http://www.loc.gov/standards/mods/v3/mods-3-5.xsd">
  <mods:titleInfo>
    <mods:title>Birthday celebration for Justice Jackson</mods:title>
  </mods:titleInfo>
  <mods:name authority="fast" authorityURI="http://id.worldcat.org/fast/255922" type="personal">
    <mods:namePart>Dodd, Thomas J. (Thomas Joseph), 1907-1971</mods:namePart>
    <mods:role>
      <mods:roleTerm authority="marcrelator" type="text">collector</mods:roleTerm>
    </mods:role>
  </mods:name>
  <mods:typeOfResource>still image</mods:typeOfResource>
  <mods:genre authority="aat" authorityURI="300046300">photographs</mods:genre>
  <mods:originInfo>
    <mods:publisher>Archives &amp; Special Collections at the Thomas J. Dodd Research Center, University of Connecticut Libraries</mods:publisher>
    <mods:dateIssued encoding="w3cdtf" keyDate="yes">1946-02-12</mods:dateIssued>
  </mods:originInfo>
  <mods:physicalDescription>
    <mods:internetMediaType>jp2</mods:internetMediaType>
    <mods:digitalOrigin>reformatted digital</mods:digitalOrigin>
  </mods:physicalDescription>
  <mods:abstract>Encompasses a wide range of subjects and is arranged thematically according to the following categories: General Administrative; Witnesses; Defense; Interrogations; Evidence;  Thomas Dodd; Justice  Robert Jackson; Transcript Indexes; Transcripts; Photographs; Other Trials; and Post-Trial.</mods:abstract>
  <mods:note type="Preferred Citation">Birthday celebration for Justice Jackson, 371:8489, Thomas J. Dodd Papers. Archives &amp; Special Collections at the Thomas J. Dodd Research Center, University of Connecticut Libraries.</mods:note>
  <mods:subject>
    <mods:topic authority="fast" authorityURI="http://id.worldcat.org/fast/1709901">Nuremberg War Crime Trials (Germany : 1946-1949)</mods:topic>
  </mods:subject>
  <mods:identifier type="local">MSS19940065:371:8489</mods:identifier>
  <mods:accessCondition type="use and reproduction">This work is licensed under a Creative Commons Attribution-NonCommercial 4.0 International License, CC BY-NC.</mods:accessCondition>
  <mods:recordInfo>
    <mods:recordCreationDate encoding="w3cdtf">2011-12-16T15:09-0500</mods:recordCreationDate>
    <mods:recordOrigin>This finding aid was produced using the Archivists' Toolkit</mods:recordOrigin>
    <mods:languageOfCataloging>
      <mods:languageTerm type="code" authority="iso639-3">eng</mods:languageTerm>
    </mods:languageOfCataloging>
    <mods:descriptionStandard>Describing Archives: A Content Standard</mods:descriptionStandard>
    <mods:recordContentSource>University of Connecticut Libraries</mods:recordContentSource>
    <mods:languageOfCataloging>
      <mods:languageTerm type="code" authority="iso639-2b">eng</mods:languageTerm>
    </mods:languageOfCataloging>
  </mods:recordInfo>
  <identifier type="hdl">http://hdl.handle.net/11134/20002:860046563</identifier>
  <mods:note type="ownership">Archives &amp; Special Collections at the Thomas J. Dodd Research Center, University of Connecticut Libraries</mods:note>
  <mods:note type="source note">Thomas J. Dodd Papers</mods:note>
  <mods:note type="source identifier">MSS 1994.0065</mods:note>
  <mods:identifier type="local">1994-0065/SeriesVII/Box371:8489_0000</mods:identifier>
</mods:mods></metadata></record><record><header><identifier>oai:drupal-site.org:20002_860134157</identifier><datestamp>2016-03-28T12:38:12Z</datestamp><setSpec>20002_20060230AV</setSpec></header><metadata><mods:mods xmlns:mods="http://www.loc.gov/mods/v3" xmlns="http://www.loc.gov/mods/v3" xmlns:xsi="http://www.w3.org/2001/XMLSchema-instance" xmlns:xlink="http://www.w3.org/1999/xlink">
  <mods:titleInfo>
    <mods:title>German Folk Tune (Band I/Run)</mods:title>
  </mods:titleInfo>
  <mods:name type="personal" valueURI="https://lccn.loc.gov/n90663894">
    <mods:namePart>Barnett, Elise B. (Elise Braun)</mods:namePart>
    <mods:role>
      <mods:roleTerm type="text" authority="marcrelator">Creator</mods:roleTerm>
    </mods:role>
  </mods:name>
  <mods:name type="corporate" authority="naf" valueURI="https://lccn.loc.gov/n80113491">
    <mods:namePart>American Montessori Society</mods:namePart>
  </mods:name>
  <mods:typeOfResource>sound recording</mods:typeOfResource>
  <mods:genre authority="aat" valueURI="300028633">sound recordings</mods:genre>
  <mods:originInfo>
    <mods:place>
      <mods:placeTerm type="text">New York</mods:placeTerm>
    </mods:place>
    <mods:publisher>American Montessori Society</mods:publisher>
    <mods:dateIssued encoding="w3cdtf" keyDate="yes">1965</mods:dateIssued>
  </mods:originInfo>
  <mods:physicalDescription>
    <mods:internetMediaType>audio/wav</mods:internetMediaType>
    <mods:digitalOrigin>reformatted digital</mods:digitalOrigin>
  </mods:physicalDescription>
  <mods:note type="ownership">Archives &amp; Special Collections at the Thomas J. Dodd Research Center, University of Connecticut Libraries</mods:note>
  <mods:note type="source note">American Montessori Society Records</mods:note>
  <mods:note type="source identifier">MSS 2006.0230</mods:note>
  <mods:subject>
    <mods:topic valueURI="http://id.worldcat.org/fast/1025844">Montessori method of education</mods:topic>
    <mods:topic authority="fast" valueURI="http://id.worldcat.org/fast/929383">Folk music</mods:topic>
  </mods:subject>
  <mods:identifier type="local">MSS 2006.0230</mods:identifier>
  <mods:identifier type="local">2006-0230/SeriesXXII/SubseriesC/Box38_LP1/side1_track6</mods:identifier>
  <mods:accessCondition type="use and reproduction">This work is licensed under a Creative Commons Attribution-NonCommercial 4.0 International License, CC BY-NC.</mods:accessCondition>
  <mods:recordInfo>
    <mods:recordContentSource>University of Connecticut Libraries</mods:recordContentSource>
    <mods:languageOfCataloging>
      <mods:languageTerm type="code" authority="iso639-2b">eng</mods:languageTerm>
    </mods:languageOfCataloging>
  </mods:recordInfo>
 
<identifier type="hdl">http://hdl.handle.net/11134/20002:860134157</identifier></mods:mods></metadata></record><record><header><identifier>oai:drupal-site.org:20002_860034239</identifier><datestamp>2016-12-02T14:51:50Z</datestamp><setSpec>20002_MSS19900031</setSpec></header><metadata><mods:mods xmlns:mods="http://www.loc.gov/mods/v3" xmlns="http://www.loc.gov/mods/v3" xmlns:xsi="http://www.w3.org/2001/XMLSchema-instance" xmlns:xlink="http://www.w3.org/1999/xlink" version="3.5" xsi:schemaLocation="http://www.loc.gov/mods/v3 http://www.loc.gov/standards/mods/v3/mods-3-5.xsd">
  <mods:titleInfo>
    <mods:title>Swamp logging, Longleaf Pine, Southern United States</mods:title>
  </mods:titleInfo>
  <mods:typeOfResource>moving image</mods:typeOfResource>
  <mods:genre authority="aat" valueURI="300028682">video recordings</mods:genre>
  <mods:originInfo>
    <mods:dateIssued encoding="w3cdtf" keyDate="yes">1936</mods:dateIssued>
  </mods:originInfo>
  <mods:physicalDescription>
    <mods:internetMediaType>video/mp4</mods:internetMediaType>
    <mods:digitalOrigin>reformatted digital</mods:digitalOrigin>
    <mods:note type="physical description">1 film reel (9 min., 37 sec.): si., col.; 16 mm.</mods:note>
  </mods:physicalDescription>
  <mods:abstract>Film depicts the logging of virgin forests of Longleaf Pines throughout the Southeast United States. The exact site is most likely North Carolina or Florida. The Longleaf Pine was valued for lumber and for its resin, which was used in navy stores, and the production of turpentine and rosin. By the time of this film the Longleaf Pine had been almost entirely cleared from North America and replaced with faster growing varieties of pine. The footage includes examples of the use of a steam donkey, or steam driven winch, a geared steam locamotive, a steam skidder, and a variety of hand tools. At 7 min. 33. a man is seen stripping bark off of pines to harvest resin. The camera focuses on two different views of his bark stripping tool. Researchers interested in this video will find slides from the same trip in Subseries B: Lantern Slides of the Alfred E. Moss Collection. Moss screened the film at a meeting of the Storrs Movie Makers Club. More on the club can be found in the Jerauld A. Manter Collection (MSS1991.0032). Total run time 9 min. 40 sec.</mods:abstract>
  <mods:note type="ownership">Archives &amp; Special Collections at the Thomas J. Dodd Research Center, University of Connecticut Libraries</mods:note>
  <mods:note type="source note">Albert E. Moss Collection</mods:note>
  <mods:note type="source identifier">MSS19900031</mods:note>
  <mods:subject>
    <mods:topic authority="fast" valueURI="http://id.worldcat.org/fast/1001977">Logging--Machinary</mods:topic>
    <mods:topic authority="fast" valueURI="http://id.worldcat.org/fast/1431189">Railroad trains</mods:topic>
    <mods:topic authority="fast" valueURI="http://id.worldcat.org/fast/864680">Clothing and dress</mods:topic>
    <mods:topic authority="fast" valueURI="http://id.worldcat.org/fast/1037830">Nineteen thirties</mods:topic>
    <mods:topic authority="fast" valueURI="http://id.worldcat.org/fast/1002411">Longleaf pine</mods:topic>
    <mods:geographic authority="tgn" valueURI="7012149">United States (nation)</mods:geographic>
  </mods:subject>
  <mods:identifier type="local">13-058 UConn 1990-0031 MP1.mp4</mods:identifier>
  <mods:accessCondition type="use and reproduction">This work is licensed under a Creative Commons Attribution-NonCommercial 4.0 International License, CC BY-NC.</mods:accessCondition>
  <mods:accessCondition type="restrictions on access">The collection is open and available for research.</mods:accessCondition>
  <mods:recordInfo>
    <mods:recordContentSource>University of Connecticut Libraries</mods:recordContentSource>
    <mods:languageOfCataloging>
      <mods:languageTerm type="code" authority="iso639-2b">eng</mods:languageTerm>
    </mods:languageOfCataloging>
  </mods:recordInfo>
  <identifier type="hdl">http://hdl.handle.net/11134/20002:860034239</identifier>
</mods:mods></metadata></record><record><header><identifier>oai:drupal-site.org:20002_860139112</identifier><datestamp>2016-11-01T05:13:55Z</datestamp><setSpec>20002_20130052Photo</setSpec></header><metadata><mods:mods xmlns:mods="http://www.loc.gov/mods/v3" xmlns="http://www.loc.gov/mods/v3" xmlns:xsi="http://www.w3.org/2001/XMLSchema-instance" xmlns:xlink="http://www.w3.org/1999/xlink" version="3.5" xsi:schemaLocation="http://www.loc.gov/mods/v3 http://www.loc.gov/standards/mods/v3/mods-3-5.xsd">
  <mods:titleInfo>
    <mods:title>Shirtless man watches lead singer's performance</mods:title>
  </mods:titleInfo>
  <mods:identifier type="hdl">http://hdl.handle.net/11134/20002:860139112</mods:identifier>
  <mods:typeOfResource>still image</mods:typeOfResource>
  <mods:genre authority="aat" valueURI="300046300">photographs</mods:genre>
  <mods:physicalDescription>
    <mods:digitalOrigin>reformatted digital</mods:digitalOrigin>
  </mods:physicalDescription>
  <mods:abstract>A black and white photograph of a shirtless man's back as he watches the performance of the band's singer.</mods:abstract>
  <mods:note type="ownership">Archives &amp; Special Collections at the Thomas J. Dodd Research Center, University of Connecticut Libraries</mods:note>
  <mods:subject>
    <mods:topic authority="fast" valueURI="http://id.worldcat.org/fast/1084152">Punk culture</mods:topic>
    <mods:topic authority="fast" valueURI="http://id.worldcat.org/fast/1084153">Punk rock music</mods:topic>
    <mods:topic authority="fast" valueURI="http://id.worldcat.org/fast/1353970">Performances</mods:topic>
  </mods:subject>
  <mods:accessCondition type="use and reproduction">This work is licensed under a Creative Commons Attribution-NonCommercial 4.0 International License, CC BY-NC.</mods:accessCondition>
  <mods:recordInfo>
    <mods:recordContentSource>University of Connecticut Libraries</mods:recordContentSource>
    <mods:languageOfCataloging>
      <mods:languageTerm type="code" authority="iso639-2b">eng</mods:languageTerm>
    </mods:languageOfCataloging>
  </mods:recordInfo>
</mods:mods></metadata></record><record><header><identifier>oai:drupal-site.org:20002_860075071</identifier><datestamp>2016-04-12T17:19:00Z</datestamp><setSpec>20002_MSS19880010</setSpec></header><metadata><mods:mods xmlns:mods="http://www.loc.gov/mods/v3" xmlns="http://www.loc.gov/mods/v3" xmlns:xsi="http://www.w3.org/2001/XMLSchema-instance" xmlns:xlink="http://www.w3.org/1999/xlink">
  <mods:titleInfo>
    <mods:title>Grange lectures</mods:title>
  </mods:titleInfo>
  <mods:name type="personal" authority="naf" valueURI="http://lccn.loc.gov/n2009161601">
    <mods:namePart>Manter, Jerauld A., 1889-1990</mods:namePart>
    <mods:role>
      <mods:roleTerm type="text" authority="marcrelator">Creator</mods:roleTerm>
    </mods:role>
  </mods:name>
  <mods:typeOfResource>still image</mods:typeOfResource>
  <mods:physicalDescription>
    <mods:internetMediaType>image/jp2</mods:internetMediaType>
    <mods:digitalOrigin>reformatted digital</mods:digitalOrigin>
  </mods:physicalDescription>
  <mods:note type="ownership">Archives &amp; Special Collections at the Thomas J. Dodd Research Center, University of Connecticut Libraries</mods:note>
  <mods:note type="source note">Jerauld A. Manter Photograph Collection, University of Connecticut Photograph Collection</mods:note>
  <mods:note type="source identifier">1988-0010/RG4</mods:note>
  <mods:accessCondition type="use and reproduction">These Materials are provided for educational and research purposes only. The University of Connecticut Libraries hold the copyright except where noted. Permission must be obtained in writing from the University of Connecticut Libraries and/or the owner(s) of the copyright to publish reproductions or quotations beyond "fair use."</mods:accessCondition>
  <mods:recordInfo>
    <mods:recordContentSource>University of Connecticut Libraries</mods:recordContentSource>
    <mods:languageOfCataloging>
      <mods:languageTerm type="code" authority="iso639-2b">eng</mods:languageTerm>
    </mods:languageOfCataloging>
  </mods:recordInfo>
  <mods:targetAudience>CHO</mods:targetAudience>
  <mods:genre authority="aat" valueURI="300127173">negatives (photographic)</mods:genre>
  <mods:originInfo>
    <mods:dateIssued encoding="w3cdtf" keyDate="yes">1947</mods:dateIssued>
  </mods:originInfo>
  <mods:subject>
    <mods:topic authority="fast" authorityURI="http://id.worldcat.org/fast/995281">Lectures and lecturing</mods:topic>
    <mods:geographic authority="tgn" valueURI="7014549">Storrs (inhabited place)</mods:geographic>
    <mods:geographic authority="tgn" valueURI="7007159">Connecticut (state)</mods:geographic>
    <mods:name type="corporate" authority="naf" valueURI="http://lccn.loc.gov/n79056688">
      <mods:namePart>University of Connecticut</mods:namePart>
    </mods:name>
    <mods:name type="corporate" authority="naf" valueURI="http://lccn.loc.gov/n92059445">
      <mods:namePart>Connecticut State College</mods:namePart>
    </mods:name>
    <mods:name type="corporate" authority="fast" valueURI="http://id.worldcat.org/fast/597312">
      <mods:namePart>Connecticut State Grange</mods:namePart>
    </mods:name>
    <mods:name type="personal" authority="naf" valueURI="http://lccn.loc.gov/n2009161601">
      <mods:namePart>Manter, Jerauld A., 1889-1990</mods:namePart>
    </mods:name>
  </mods:subject>
  <mods:identifier type="local">1988-0010/RG4/Series1/Box 441:529</mods:identifier>
  <mods:identifier type="local">39153019692005</mods:identifier>
  <mods:accessCondition type="restrictions on access">The collection is open and available for research.</mods:accessCondition>
<identifier type="hdl">http://hdl.handle.net/11134/20002:860075071</identifier>
</mods:mods></metadata></record><record><header><identifier>oai:drupal-site.org:20002_20060230AV</identifier><datestamp>2016-12-08T19:22:03Z</datestamp><setSpec>20002_20060230</setSpec></header><metadata><mods:mods xmlns:mods="http://www.loc.gov/mods/v3" xmlns="http://www.loc.gov/mods/v3" xmlns:xsi="http://www.w3.org/2001/XMLSchema-instance" xmlns:xlink="http://www.w3.org/1999/xlink" version="3.5" xsi:schemaLocation="http://www.loc.gov/mods/v3 http://www.loc.gov/standards/mods/v3/mods-3-5.xsd">
  <mods:titleInfo>
    <mods:title>Audiovisual material (AMS)</mods:title>
  </mods:titleInfo>
  <mods:typeOfResource>mixed material</mods:typeOfResource>
  <mods:genre authority="aat" valueURI="300028633">sound recordings</mods:genre>
  <mods:physicalDescription>
    <mods:digitalOrigin>reformatted digital</mods:digitalOrigin>
  </mods:physicalDescription>
  <mods:note type="ownership">Archives &amp; Special Collections at the Thomas J. Dodd Research Center, University of Connecticut Libraries</mods:note>
  <mods:identifier type="local">MSS 2006.0230</mods:identifier>
  <mods:accessCondition type="use and reproduction">This work is licensed under a Creative Commons Attribution-NonCommercial 4.0 International License, CC BY-NC.</mods:accessCondition>
  <mods:recordInfo>
    <mods:recordContentSource>University of Connecticut Libraries</mods:recordContentSource>
    <mods:languageOfCataloging>
      <mods:languageTerm type="code" authority="iso639-2b">eng</mods:languageTerm>
    </mods:languageOfCataloging>
  </mods:recordInfo>
  <identifier type="hdl">http://hdl.handle.net/11134/20002:20060230AV</identifier>
</mods:mods></metadata></record><record><header><identifier>oai:drupal-site.org:20002_20117480</identifier><datestamp>2016-02-05T00:01:48Z</datestamp><setSpec>20002_IMTNuremberg</setSpec></header><metadata><mods:mods xmlns:mods="http://www.loc.gov/mods/v3" xmlns:xlink="http://www.w3.org/1999/xlink" xmlns:xsi="http://www.w3.org/2001/XMLSchema-instance" xmlns="http://www.loc.gov/mods/v3" version="3.5" xsi:schemaLocation="http://www.loc.gov/mods/v3 http://www.loc.gov/standards/mods/v3/mods-3-5.xsd">
  <mods:titleInfo>
    <mods:title>Memoranda to the Board of Review</mods:title>
  </mods:titleInfo>
  <mods:name authority="fast" valueURI="http://id.worldcat.org/fast/255922" type="personal">
    <mods:namePart>Dodd, Thomas J. (Thomas Joseph), 1907-1971</mods:namePart>
    <mods:role>
      <mods:roleTerm authority="marcrelator" type="text">Collector</mods:roleTerm>
    </mods:role>
  </mods:name>
  <mods:typeOfResource>text</mods:typeOfResource>
  <mods:genre authority="aat" valueURI="300027590">legal documents</mods:genre>
  <mods:genre authority="aat" valueURI="300027473">financial records</mods:genre>
  <mods:genre authority="aat" valueURI="300026877">correspondence</mods:genre>
  <mods:genre authority="aat" valueURI="300027425">administrative records</mods:genre>
  <mods:originInfo>
    <mods:dateIssued encoding="w3cdtf" keyDate="yes" point="start">1945-10</mods:dateIssued>
    <mods:dateIssued encoding="w3cdtf" point="end">1945-11</mods:dateIssued>
  </mods:originInfo>
  <mods:physicalDescription>
    <mods:internetMediaType>image/jp2</mods:internetMediaType>
    <mods:digitalOrigin>reformatted digital</mods:digitalOrigin>
  </mods:physicalDescription>
  <mods:abstract>Encompasses a wide range of subjects and is arranged thematically according to the following categories: General Administrative; Witnesses; Defense; Interrogations; Evidence;  Thomas Dodd; Justice  Robert Jackson; Transcript Indexes; Transcripts; Photographs; Other Trials; and Post-Trial.</mods:abstract>
  <mods:note type="Preferred Citation">Memoranda to the Board of Review, 321:8184, Thomas J. Dodd Papers. Archives &amp; Special Collections at the Thomas J. Dodd Research Center, University of Connecticut Libraries.</mods:note>
  <mods:note type="ownership">Archives &amp; Special Collections at the Thomas J. Dodd Research Center, University of Connecticut Libraries</mods:note>
  <mods:subject>
    <mods:topic authority="fast" valueURI="http://id.worldcat.org/fast/1709901">Nuremberg War Crime Trials (Germany : 1946-1949)</mods:topic>
    <mods:topic authority="fast" valueURI="http://id.worldcat.org/fast/917186">Evidence (Law)</mods:topic>
    <mods:topic authority="fast" valueURI="http://id.worldcat.org/fast/1715681">Legal briefs</mods:topic>
    <mods:topic authority="fast" valueURI="http://id.worldcat.org/fast/796238">Actions and defenses</mods:topic>
  </mods:subject>
  <mods:identifier type="local">MSS19940065:321:8184</mods:identifier>
  <mods:accessCondition type="use and reproduction">This work is licensed under a Creative Commons Attribution-NonCommercial 4.0 International License, CC BY-NC.</mods:accessCondition>
  <mods:accessCondition type="use and reproduction" displayLabel="Digital Object Disclaimer">This work is licensed under a Creative Commons Attribution-NonCommercial 4.0 International License, CC BY-NC.</mods:accessCondition>
  <mods:accessCondition type="restrictions on access">The collection is open and available for research.</mods:accessCondition>
  <mods:accessCondition type="use and reproduction" displayLabel="Intellectual Rights Statement">This work is licensed under a Creative Commons Attribution-NonCommercial 4.0 International License, CC BY-NC.</mods:accessCondition>
  <mods:recordInfo>
    <mods:recordCreationDate encoding="w3cdtf">2011-12-16T15:09-0500</mods:recordCreationDate>
    <mods:recordChangeDate encoding="w3cdtf">2014-07-31-04:00</mods:recordChangeDate>
    <mods:recordOrigin>This finding aid was produced using the Archivists' Toolkit</mods:recordOrigin>
    <mods:languageOfCataloging>
      <mods:languageTerm type="code" authority="iso639-2b">eng</mods:languageTerm>
    </mods:languageOfCataloging>
    <mods:descriptionStandard>Describing Archives: A Content Standard</mods:descriptionStandard>
    <mods:recordContentSource>University of Connecticut Libraries</mods:recordContentSource>
  </mods:recordInfo>
  <identifier type="hdl">http://hdl.handle.net/11134/20002:20117480</identifier>
  <mods:note type="source note">Thomas J. Dodd Papers</mods:note>
  <mods:note type="source identifier">MSS 1994.0065</mods:note>
</mods:mods></metadata></record><record><header><identifier>oai:drupal-site.org:20002_860118558</identifier><datestamp>2016-02-24T15:03:14Z</datestamp><setSpec>20002_1990129SOMOvrsgtComm</setSpec></header><metadata><mods:mods xmlns:mods="http://www.loc.gov/mods/v3" xmlns="http://www.loc.gov/mods/v3" xmlns:xsi="http://www.w3.org/2001/XMLSchema-instance" xmlns:xlink="http://www.w3.org/1999/xlink">
  <mods:targetAudience>CHO</mods:targetAudience>
  <mods:titleInfo>
    <mods:title>2015-02-26 Minutes</mods:title>
  </mods:titleInfo>
  <mods:name type="corporate" authority="naf" valueURI="https://lccn.loc.gov/n79089278">
    <mods:namePart>University of Connecticut. Health Center.</mods:namePart>
    <mods:role>
      <mods:roleTerm type="text" authority="marcrelator">Creator</mods:roleTerm>
    </mods:role>
  </mods:name>
  <mods:typeOfResource>text</mods:typeOfResource>
  <mods:genre authority="aat" valueURI="300027440">minutes (administrative records)</mods:genre>
  <mods:originInfo>
    <mods:dateIssued encoding="w3cdtf" keyDate="yes">2015-02-26</mods:dateIssued>
  </mods:originInfo>
  <mods:physicalDescription>
    <mods:internetMediaType>application/pdf</mods:internetMediaType>
    <mods:digitalOrigin>reformatted digital</mods:digitalOrigin>
  </mods:physicalDescription>
  
  <mods:note type="ownership">Archives &amp; Special Collections at the Thomas J. Dodd Research Center, University of Connecticut Libraries</mods:note>
  <mods:note type="source note">University of Connecticut Health Center Records</mods:note>
  <mods:note type="source identifier">MSS 1997.0129</mods:note>
  
    <mods:name type="corporate" authority="naf" valueURI="https://lccn.loc.gov/n79089278">
      <mods:namePart>University of Connecticut. Health Center.</mods:namePart>
    </mods:name>
  <mods:identifier type="local">MSS 1997.0129</mods:identifier>
  <mods:identifier type="local">1997.0129/SOM/Oversight</mods:identifier>
  <mods:accessCondition type="use and reproduction">This work is licensed under a Creative Commons Attribution-NonCommercial 4.0 International License, CC BY-NC.</mods:accessCondition>
  <mods:recordInfo>
    <mods:recordContentSource>University of Connecticut Libraries</mods:recordContentSource>
    <mods:languageOfCataloging>
      <mods:languageTerm type="code" authority="iso639-2b">eng</mods:languageTerm>
    </mods:languageOfCataloging>
  </mods:recordInfo>
<identifier type="hdl">http://hdl.handle.net/11134/20002:860118558</identifier></mods:mods></metadata></record><record><header><identifier>oai:drupal-site.org:20002_199722305</identifier><datestamp>2015-09-01T14:34:18Z</datestamp><setSpec>20002_MSS19880010</setSpec></header><metadata><mods:mods xmlns:mods="http://www.loc.gov/mods/v3" xmlns:xlink="http://www.w3.org/1999/xlink" xmlns:xsi="http://www.w3.org/2001/XMLSchema-instance">
   <mods:titleInfo supplied="yes">
      <mods:title>Governor Wilbur Cross And Mr. And Mrs. Jorgensen After The Inauguration Of Mr. Jorgensen As President Of Connecticut State College</mods:title>
   </mods:titleInfo>
   <mods:name type="personal" authority="local">
      <mods:namePart>Manter, Jerauld A.</mods:namePart>
      <mods:role>
         <mods:roleTerm authority="marcrelator" authorityURI="http://id.loc.gov/vocabulary/relators" valueURI="http://id.loc.gov/vocabulary/relators/cre" type="text">Creator</mods:roleTerm>
      </mods:role>
   </mods:name>
   <mods:typeOfResource>still image</mods:typeOfResource>
   <mods:genre authority="aat" valueURI="300046300">photographs</mods:genre>
   <mods:originInfo>
      <mods:dateIssued encoding="w3cdtf" keyDate="yes">1935</mods:dateIssued>
   </mods:originInfo>
   <mods:physicalDescription>
      <mods:internetMediaType>image/tiff</mods:internetMediaType>
      <mods:digitalOrigin>reformatted digital</mods:digitalOrigin>
   </mods:physicalDescription>
   <mods:abstract>Woman standing between two men in caps and gowns.</mods:abstract>
   <mods:targetAudience>CHO</mods:targetAudience>
   <mods:note type="ownership">Archives &amp; Special Collections at the Thomas J. Dodd Research Center, University of Connecticut Libraries</mods:note>
   <mods:note type="source note">University of Connecticut Photograph Collection</mods:note>
   <mods:note type="theme">Livelihood</mods:note>
   <mods:note type="theme">Lifestyle</mods:note>
   <mods:note type="theme">Infrastructure</mods:note>
   <mods:note>Title supplied by cataloger. Photograph mounted.</mods:note>
   <mods:subject>
      <mods:topic>Governors</mods:topic>
      <mods:topic>College presidents</mods:topic>
      <mods:geographic>Storrs (inhabited place)</mods:geographic>
      <mods:name type="personal" authority="local">
         <mods:namePart>Cross, Wilbur L., 1862-1948</mods:namePart>
      </mods:name>
      <mods:name type="personal" authority="local">
         <mods:namePart>Jorgensen, Albert N. (Albert Nels), 1899-</mods:namePart>
      </mods:name>
      <mods:name type="corporate" authority="local">
         <mods:namePart>Connecticut State College</mods:namePart>
      </mods:name>
   </mods:subject>
   <mods:identifier type="local">Accession number UC3-0699</mods:identifier>
   <mods:identifier type="local">IMG0051-1454</mods:identifier>
   <mods:location>
      <mods:physicalLocation>Manter L1b</mods:physicalLocation>
   </mods:location>
   <mods:accessCondition type="use and reproduction">Permission to publish from these Papers must be obtained in writing from both the University of Connecticut Libraries and the owner(s) of the copyright.</mods:accessCondition>
   <mods:accessCondition type="use and reproduction" displayLabel="Digital Object Disclaimer" xlink:href="http://doddcenter.uconn/asc/research/reproduction.htm">This digital object is owned, held, or licensed by the University of Connecticut and is available for non-commercial or education use only. Ownership must be properly cited. Any commercial use of this object without express written permission of the University of Connecticut is strictly prohibited. For more information or to obtain a reproduction of this digital object, contact University Archives &amp; Special Collections.</mods:accessCondition>
   <mods:accessCondition type="use and reproduction" displayLabel="Intellectual Rights Statement">As a publically supported institution, the University of Connecticut Libraries generally does not own rights in its collections. Permission to publish from these papers must be obtained in writing from both the University of Connecticut Libraries and the owner(s) of the copyright. Possible fees may be incurred on the part of the user.</mods:accessCondition>
   <mods:accessCondition type="restrictions on access">The collection is open and available for research.</mods:accessCondition>
   <mods:recordInfo>
      <mods:recordContentSource>University of Connecticut Libraries</mods:recordContentSource>
      <mods:recordCreationDate encoding="w3cdtf">2014-05-28-04:00</mods:recordCreationDate>
      <mods:languageOfCataloging>
         <mods:languageTerm authority="iso639-2b" type="code">eng</mods:languageTerm>
      </mods:languageOfCataloging>
      <mods:recordOrigin>This MODS record was migrated from CHO's CONTENTdm. The object had the following CONTENTdm reference URL: http://images.lib.uconn.edu:81/u?/cho,7170 and CONTENTdm file name: 7334.jp2</mods:recordOrigin>
   </mods:recordInfo>
<identifier xmlns="http://www.loc.gov/mods/v3" type="hdl">http://hdl.handle.net/11134/20002:199722305</identifier></mods:mods></metadata></record><record><header><identifier>oai:drupal-site.org:20002_860021121</identifier><datestamp>2015-09-01T14:34:11Z</datestamp><setSpec>20002_MSS19880010</setSpec></header><metadata><mods:mods xmlns:mods="http://www.loc.gov/mods/v3" xmlns="http://www.loc.gov/mods/v3" xmlns:xsi="http://www.w3.org/2001/XMLSchema-instance" xmlns:xlink="http://www.w3.org/1999/xlink" version="3.5" xsi:schemaLocation="http://www.loc.gov/mods/v3 http://www.loc.gov/standards/mods/v3/mods-3-5.xsd">
  <mods:titleInfo>
    <mods:title>Rotary barbeque</mods:title>
  </mods:titleInfo>
  <mods:name type="personal" authority="naf" valueURI="http://lccn.loc.gov/n2009161601">
    <mods:namePart>Manter, Jerauld A., 1889-1990</mods:namePart>
    <mods:role>
      <mods:roleTerm type="text" authority="marcrelator">Creator</mods:roleTerm>
    </mods:role>
  </mods:name>
  <mods:typeOfResource>still image</mods:typeOfResource>
  <mods:physicalDescription>
    <mods:internetMediaType>image/jp2</mods:internetMediaType>
    <mods:digitalOrigin>reformatted digital</mods:digitalOrigin>
  </mods:physicalDescription>
  <mods:note type="ownership">Archives &amp; Special Collections at the Thomas J. Dodd Research Center, University of Connecticut Libraries</mods:note>
  <mods:note type="source note">Jerauld A. Manter Photograph Collection, University of Connecticut Photograph Collection</mods:note>
  <mods:note type="source identifier">1988-0010/RG4</mods:note>
  <mods:accessCondition type="use and reproduction">These Materials are provided for educational and research purposes only. The University of Connecticut Libraries hold the copyright except where noted. Permission must be obtained in writing from the University of Connecticut Libraries and/or the owner(s) of the copyright to publish reproductions or quotations beyond "fair use."</mods:accessCondition>
  <mods:recordInfo>
    <mods:recordContentSource>University of Connecticut Libraries</mods:recordContentSource>
    <mods:languageOfCataloging>
      <mods:languageTerm type="code" authority="iso639-2b">eng</mods:languageTerm>
    </mods:languageOfCataloging>
  </mods:recordInfo>
  <mods:targetAudience>CHO</mods:targetAudience>
  <mods:genre authority="aat" valueURI="300127173">negatives (photographic)</mods:genre>
  <mods:originInfo>
    <mods:dateIssued encoding="w3cdtf" keyDate="yes">1942</mods:dateIssued>
  </mods:originInfo>
  <mods:subject>
    <mods:geographic authority="tgn" valueURI="7014549">Storrs (inhabited place)</mods:geographic>
    <mods:geographic authority="tgn" valueURI="7007159">Connecticut (state)</mods:geographic>
    <mods:name type="corporate" authority="naf" valueURI="http://lccn.loc.gov/n79056688">
      <mods:namePart>University of Connecticut</mods:namePart>
    </mods:name>
    <mods:name type="personal" valueURI="http://lccn.loc.gov/n2009161601">
      <mods:namePart>Manter, Jerauld A., 1889-1990</mods:namePart>
    </mods:name>
  </mods:subject>
  <mods:identifier type="local">1988-0010/RG4/Series1/Box437:129</mods:identifier>
  <mods:identifier type="local">39153019687450</mods:identifier>
  <mods:accessCondition type="restrictions on access">The collection is open and available for research.</mods:accessCondition>
  <identifier type="hdl">http://hdl.handle.net/11134/20002:860021121</identifier>
</mods:mods></metadata></record><record><header><identifier>oai:drupal-site.org:20002_860139476</identifier><datestamp>2016-11-15T20:04:48Z</datestamp><setSpec>20002_20130052Photo</setSpec></header><metadata><mods:mods xmlns:mods="http://www.loc.gov/mods/v3" xmlns="http://www.loc.gov/mods/v3" xmlns:xsi="http://www.w3.org/2001/XMLSchema-instance" xmlns:xlink="http://www.w3.org/1999/xlink" version="3.5" xsi:schemaLocation="http://www.loc.gov/mods/v3 http://www.loc.gov/standards/mods/v3/mods-3-5.xsd">
  <mods:titleInfo>
    <mods:title>Leaving the stage</mods:title>
  </mods:titleInfo>
  <mods:identifier type="hdl">http://hdl.handle.net/11134/20002:860139476</mods:identifier>
  <mods:typeOfResource>still image</mods:typeOfResource>
  <mods:genre authority="aat" valueURI="300262956">musical performances</mods:genre>
  <mods:genre authority="aat" valueURI="300096200">performances (creative events)</mods:genre>
  <mods:physicalDescription>
    <mods:digitalOrigin>reformatted digital</mods:digitalOrigin>
  </mods:physicalDescription>
  <mods:abstract>Photograph shows a band member supposedly leaving the stage after the performance.</mods:abstract>
  <mods:note type="ownership">Archives &amp; Special Collections at the Thomas J. Dodd Research Center, University of Connecticut Libraries</mods:note>
  <mods:subject>
    <mods:topic authority="fast" valueURI="http://id.worldcat.org/fast/1099204">Rock music</mods:topic>
    <mods:topic authority="fast" valueURI="http://id.worldcat.org/fast/826441">Band music--Performances</mods:topic>
  </mods:subject>
  <mods:accessCondition type="use and reproduction">This work is licensed under a Creative Commons Attribution-NonCommercial 4.0 International License, CC BY-NC.</mods:accessCondition>
  <mods:recordInfo>
    <mods:recordContentSource>University of Connecticut Libraries</mods:recordContentSource>
    <mods:languageOfCataloging>
      <mods:languageTerm type="code" authority="iso639-2b">eng</mods:languageTerm>
    </mods:languageOfCataloging>
  </mods:recordInfo>
</mods:mods></metadata></record><record><header><identifier>oai:drupal-site.org:20002_860235867</identifier><datestamp>2017-01-24T14:28:26Z</datestamp><setSpec>20002_860224314</setSpec></header><metadata><mods:mods xmlns:mods="http://www.loc.gov/mods/v3" xmlns="http://www.loc.gov/mods/v3" xmlns:xsi="http://www.w3.org/2001/XMLSchema-instance" xmlns:xlink="http://www.w3.org/1999/xlink">
  <mods:titleInfo>
    <mods:title>Contac, Volume 6, Number 7</mods:title>
  </mods:titleInfo>
  <mods:name type="personal">
    <mods:namePart>Haldane, Violette</mods:namePart>
    <mods:role>
      <mods:roleTerm authority="marcrelator" type="text">Editor</mods:roleTerm>
    </mods:role>
  </mods:name>
   <mods:typeOfResource>text</mods:typeOfResource>
  <mods:genre authority="aat" valueURI="300026656">newspapers</mods:genre>
  
  <mods:originInfo>
    <mods:publisher>Afro-American Cultural Center, University of Connecticut</mods:publisher>
    <mods:place>
      <mods:placeTerm type="text">Storrs, CT</mods:placeTerm>
    </mods:place>
    <mods:dateIssued encoding="w3cdtf" keyDate="yes">1977-01</mods:dateIssued>
    <mods:issuance>serial</mods:issuance>
  </mods:originInfo>
  <mods:accessCondition type="use and reproduction">This work is licensed under a Creative Commons Attribution-NonCommercial 4.0 International License, CC BY-NC.</mods:accessCondition>
  <mods:recordInfo>
    <mods:recordContentSource>University of Connecticut Libraries</mods:recordContentSource>
    <mods:languageOfCataloging>
      <mods:languageTerm type="code" authority="iso639-2b">eng</mods:languageTerm>
    </mods:languageOfCataloging>
  </mods:recordInfo>
<identifier type="hdl">http://hdl.handle.net/11134/20002:860235867</identifier></mods:mods></metadata></record><record><header><identifier>oai:drupal-site.org:20002_860072168</identifier><datestamp>2015-07-31T14:00:53Z</datestamp><setSpec>20002_20150002</setSpec></header><metadata><mods:mods xmlns:mods="http://www.loc.gov/mods/v3" xmlns="http://www.loc.gov/mods/v3" xmlns:xsi="http://www.w3.org/2001/XMLSchema-instance" xmlns:xlink="http://www.w3.org/1999/xlink">
  <mods:titleInfo>
    <mods:title>Oakley Holmes</mods:title>
  </mods:titleInfo>
  <mods:name type="personal" authority="naf" valueURI="http://lccn.loc.gov/n79001907">
    <mods:namePart>Holmes, Oakley N.</mods:namePart>
    <mods:role>
      <mods:roleTerm type="text" authority="marcrelator">Creator</mods:roleTerm>
    </mods:role>
  </mods:name>
  <mods:name type="personal" authority="local">
    <mods:namePart>O'Connor, Edward</mods:namePart>
    <mods:role>
      <mods:roleTerm type="text" authority="marcrelator">Collector</mods:roleTerm>
    </mods:role>
  </mods:name>
  <mods:name type="personal" authority="naf" valueURI="http://lccn.loc.gov/n79105803">
    <mods:namePart>Smith, Hale</mods:namePart>
    <mods:role>
      <mods:roleTerm type="text" authority="marcrelator">Collector</mods:roleTerm>
    </mods:role>
  </mods:name>
  <mods:typeOfResource>sound recording</mods:typeOfResource>
  <mods:genre authority="aat" valueURI="300028633">sound recordings</mods:genre>
  <mods:originInfo>
    <mods:dateIssued encoding="w3cdtf" keyDate="yes">1977-02-15</mods:dateIssued>
  </mods:originInfo>
  <mods:physicalDescription>
    <mods:internetMediaType>audio/wav</mods:internetMediaType>
    <mods:digitalOrigin>reformatted digital</mods:digitalOrigin>
  </mods:physicalDescription>
  <mods:note type="ownership">Archives &amp; Special Collections at the Thomas J. Dodd Research Center, University of Connecticut Libraries</mods:note>
  <mods:note type="source note">Black Experience in the Arts Collection</mods:note>
  <mods:note type="source identifier">MSS 2015.0002</mods:note>
  <mods:subject>
    <mods:topic authority="fast" valueURI="http://id.worldcat.org/fast/799558">African Americans</mods:topic>
    <mods:topic authority="fast" valueURI="http://id.worldcat.org/fast/821688">Authors</mods:topic>
    
    <mods:topic authority="fast" valueURI="http://id.worldcat.org/fast/799722">African Americans in art</mods:topic>
    <mods:topic authority="fast" valueURI="http://id.worldcat.org/fast/799734">African Americans in popular culture</mods:topic>
      
    <mods:geographic authority="tgn" valueURI="7014549">Storrs (inhabited place)</mods:geographic>
    <mods:name type="personal" authority="naf" valueURI="http://lccn.loc.gov/n79105803">
      <mods:namePart>Smith, Hale</mods:namePart>
    </mods:name>
    <mods:name type="personal" authority="local">
      <mods:namePart>O'Connor, Edward</mods:namePart>
    </mods:name>
    <mods:name type="corporate" authority="naf" valueURI="http://lccn.loc.gov/n79056688">
      <mods:namePart>University of Connecticut</mods:namePart>
    </mods:name>
    <mods:name type="personal" authority="naf" valueURI="http://lccn.loc.gov/n79001907">
      <mods:namePart>Holmes, Oakley N.</mods:namePart>
    </mods:name>
  </mods:subject>
  <mods:identifier type="local">MSS 2015.0002</mods:identifier>
  <mods:identifier type="local">2015-0002/RR 4</mods:identifier>
  <mods:accessCondition type="use and reproduction">These Materials are provided for educational and research purposes only. The University of Connecticut Libraries hold the copyright except where noted. Permission must be obtained in writing from the University of Connecticut Libraries and/or the owner(s) of the copyright to publish reproductions or quotations beyond "fair use."</mods:accessCondition>
  <mods:accessCondition type="restrictions on access">The collection is open and available for research.</mods:accessCondition>
  <mods:recordInfo>
    <mods:recordContentSource>University of Connecticut Libraries</mods:recordContentSource>
    <mods:languageOfCataloging>
      <mods:languageTerm type="code" authority="iso639-2b">eng</mods:languageTerm>
    </mods:languageOfCataloging>
  </mods:recordInfo>
  
<identifier type="hdl">http://hdl.handle.net/11134/20002:860072168</identifier></mods:mods></metadata></record><record><header><identifier>oai:drupal-site.org:20002_860066156</identifier><datestamp>2015-07-02T13:03:33Z</datestamp><setSpec>20002_ConnecticutValMaps</setSpec></header><metadata><mods:mods xmlns:mods="http://www.loc.gov/mods/v3" xmlns:xlink="http://www.w3.org/1999/xlink" xmlns:xsi="http://www.w3.org/2001/XMLSchema-instance">
   <mods:titleInfo>
      <mods:title>Meriden, Connecticut</mods:title>
   </mods:titleInfo>
   <mods:name type="corporate" authority="naf" valueURI="http://id.loc.gov/authorities/names/n86134559">
      <mods:namePart>New York, New Haven, and Hartford Railroad Company</mods:namePart>
      <mods:role>
         <mods:roleTerm authority="marcrelator" authorityURI="http://id.loc.gov/vocabulary/relators" valueURI="http://id.loc.gov/vocabulary/relators/cre" type="text">Creator</mods:roleTerm>
      </mods:role>
   </mods:name>
   <mods:typeOfResource>cartographic</mods:typeOfResource>
   <mods:genre authority="aat" valueURI="300028094">maps (documents)</mods:genre>
   <mods:genre authority="aat" valueURI="300264387">images (object genre)</mods:genre>
   <mods:originInfo>
      <mods:dateIssued encoding="w3cdtf" keyDate="yes">1915-06-30</mods:dateIssued>
   </mods:originInfo>
   <mods:physicalDescription>
      <mods:internetMediaType>image/jp2</mods:internetMediaType>
      <mods:digitalOrigin>reformatted digital</mods:digitalOrigin>
      <mods:note type="physical description">Source extent: 1 map ; 142 x 61 cm 1 map ; 142 x 61 cm</mods:note>
   </mods:physicalDescription>
   <mods:abstract>Right of way and track map, the New York, New Haven and Hartford R.R. Co. ... from New Haven to Springfield, station 1056+00 to station 1108+80, town of Meriden, state of Conn.</mods:abstract>
   <mods:targetAudience>CHO</mods:targetAudience>
   <mods:targetAudience>GEO</mods:targetAudience>
   <mods:note type="ownership">Archives &amp; Special Collections at the Thomas J. Dodd Research Center, University of Connecticut Libraries</mods:note>
   <mods:note type="source note">New York, New Haven, and Hartford Railroad Company Valuation Maps Collection</mods:note>
   <mods:note>Bounding box coordinates recorded as S, W, N, E</mods:note>
   <mods:subject>
      <mods:topic>Railroads</mods:topic>
      <mods:geographic>Connecticut</mods:geographic>
      <mods:geographic>Meriden (Conn.)</mods:geographic>
      <mods:cartographics>
         <mods:coordinates>41.561027, -72.793479, 41.57818, -72.773795</mods:coordinates>
      </mods:cartographics>
   </mods:subject>
   <mods:identifier type="local">Roll no.: 226</mods:identifier>
   <mods:identifier type="local">Valuation no. 55.71, sheet 21</mods:identifier>
   <mods:identifier type="local">Accession no. MSS1998-0378</mods:identifier>
   <mods:identifier type="local">uconn_asc_1998-0378_map_55_71_21.tif</mods:identifier>
   <mods:accessCondition type="use and reproduction">These Materials are provided for educational and research purposes only. The University of Connecticut Libraries hold the copyright except where noted. Permission must be obtained in writing from the University of Connecticut Libraries and/or the owner(s) of the copyright to publish reproductions or quotations beyond "fair use."</mods:accessCondition>
   <mods:accessCondition type="restrictions on access">The collection is open and available for research.</mods:accessCondition>
   <mods:extension xmlns:fgdc="http://www.fgdc.gov/schemas/metadata/fgdc-std-001-1998.xsd">
      <fgdc:metadata>
         <fgdc:idinfo>
            <fgdc:spdom>
               <fgdc:bounding>
                  <fgdc:westbc>-72.793479</fgdc:westbc>
                  <fgdc:eastbc>-72.773795</fgdc:eastbc>
                  <fgdc:northbc>41.57818</fgdc:northbc>
                  <fgdc:southbc>41.561027</fgdc:southbc>
               </fgdc:bounding>
            </fgdc:spdom>
         </fgdc:idinfo>
      </fgdc:metadata>
   </mods:extension>
   <mods:recordInfo>
      <mods:recordContentSource>University of Connecticut Libraries</mods:recordContentSource>
      <mods:recordCreationDate encoding="w3cdtf">2015-04-07-04:00</mods:recordCreationDate>
      <mods:languageOfCataloging>
         <mods:languageTerm authority="iso639-2b" type="code">eng</mods:languageTerm>
      </mods:languageOfCataloging>
      <mods:recordOrigin>This MODS record was migrated from University of Connecticut Libraries Archives and Special Collections CONTENTdm site. . Other information: elena; reviewed by banderson</mods:recordOrigin>
   </mods:recordInfo>
<identifier xmlns="http://www.loc.gov/mods/v3" type="hdl">http://hdl.handle.net/11134/20002:860066156</identifier></mods:mods></metadata></record><record><header><identifier>oai:drupal-site.org:20002_860176108</identifier><datestamp>2016-07-26T16:37:51Z</datestamp><setSpec>20002_MSS19880010</setSpec></header><metadata><mods:mods xmlns:mods="http://www.loc.gov/mods/v3" xmlns="http://www.loc.gov/mods/v3" xmlns:xsi="http://www.w3.org/2001/XMLSchema-instance" xmlns:xlink="http://www.w3.org/1999/xlink">
  <mods:titleInfo>
    <mods:title>Commencement, School of Nursing, 2016</mods:title>
  </mods:titleInfo>
  <mods:name type="corporate" authority="naf" valueURI="https://lccn.loc.gov/n94801384">
    <mods:namePart>University of Connecticut. School of Nursing</mods:namePart>
    <mods:role>
      <mods:roleTerm type="text" authority="marcrelator">Creator</mods:roleTerm>
    </mods:role>
  </mods:name>
  <mods:name type="corporate" authority="local">
    <mods:namePart>GradImages</mods:namePart>
  </mods:name>
  <mods:typeOfResource>still image</mods:typeOfResource>
  <mods:genre authority="aat" valueURI="300215302">digital images</mods:genre>
  <mods:genre authority="aat" valueURI="300046300">photographs</mods:genre>
  <mods:originInfo>
    <mods:dateIssued encoding="w3cdtf" keyDate="yes">2016</mods:dateIssued>
  </mods:originInfo>
  <mods:physicalDescription>
    <mods:internetMediaType>image/jpg</mods:internetMediaType>
    <mods:digitalOrigin>born digital</mods:digitalOrigin>
  </mods:physicalDescription>
  <mods:note type="ownership">Archives &amp; Special Collections at the Thomas J. Dodd Research Center, University of Connecticut Libraries</mods:note>
  <mods:note type="source note">University of Connecticut Photograph Collection</mods:note>
  <mods:note type="source identifier">MSS 1988.0010</mods:note>
  <mods:subject>
    <mods:topic authority="fast" valueURI="http://id.worldcat.org/fast/869276">Commencement ceremonies</mods:topic>
    <mods:geographic authority="tgn" valueURI="7014549">Storrs (inhabited place)</mods:geographic>
    <mods:geographic authority="tgn" valueURI="7007159">Connecticut (state)</mods:geographic>
  </mods:subject>
  <mods:identifier type="local">MSS 1988.0010</mods:identifier>
  <mods:accessCondition type="use and reproduction">This work is licensed under a Creative Commons Attribution-NonCommercial 4.0 International License, CC BY-NC.</mods:accessCondition>
  <mods:recordInfo>
    <mods:recordContentSource>University of Connecticut Libraries</mods:recordContentSource>
    <mods:languageOfCataloging>
      <mods:languageTerm type="code" authority="iso639-2b">eng</mods:languageTerm>
    </mods:languageOfCataloging>
  </mods:recordInfo>
<identifier type="hdl">http://hdl.handle.net/11134/20002:860176108</identifier></mods:mods></metadata></record><record><header><identifier>oai:drupal-site.org:20004_642</identifier><datestamp>2016-03-14T19:23:35Z</datestamp><setSpec>20004_19970129BODCAPR</setSpec></header><metadata><mods:mods xmlns:mods="http://www.loc.gov/mods/v3" xmlns="http://www.loc.gov/mods/v3" xmlns:xsi="http://www.w3.org/2001/XMLSchema-instance" xmlns:xlink="http://www.w3.org/1999/xlink">
  <mods:titleInfo>
    <mods:title>2015-12-15 Agenda</mods:title>
  </mods:titleInfo>
  <mods:name type="corporate" authority="naf" valueURI="https://lccn.loc.gov/n79089278">
    <mods:namePart>University of Connecticut. Health Center.</mods:namePart>
    <mods:role>
      <mods:roleTerm type="text" authority="marcrelator">Creator</mods:roleTerm>
    </mods:role>
  </mods:name>
  <mods:typeOfResource>text</mods:typeOfResource>
  <mods:genre authority="aat" valueURI="300027426">agendas (administrative records)</mods:genre>
  <mods:originInfo>
    <mods:dateIssued encoding="w3cdtf" keyDate="yes">2015-12-15</mods:dateIssued>
  </mods:originInfo>
  <mods:physicalDescription>
    <mods:internetMediaType>application/pdf</mods:internetMediaType>
    <mods:digitalOrigin>reformatted digital</mods:digitalOrigin>
  </mods:physicalDescription>
  <mods:note type="ownership">Archives &amp; Special Collections at the Thomas J. Dodd Research Center, University of Connecticut Libraries</mods:note>
  <mods:note type="source note">University of Connecticut Health Center Records</mods:note>
  <mods:note type="source identifier">MSS 1997.0129</mods:note>
  <mods:subject>
    <mods:name type="corporate" authority="naf" valueURI="https://lccn.loc.gov/n79089278">
      <mods:namePart>University of Connecticut. Health Center.</mods:namePart>
    </mods:name>
  </mods:subject>
  <mods:identifier type="local">MSS 1997.0129</mods:identifier>
  <mods:accessCondition type="use and reproduction">This work is licensed under a Creative Commons Attribution-NonCommercial 4.0 International License, CC BY-NC.</mods:accessCondition>
  <mods:recordInfo>
    <mods:recordContentSource>University of Connecticut Libraries</mods:recordContentSource>
    <mods:languageOfCataloging>
      <mods:languageTerm type="code" authority="iso639-2b">eng</mods:languageTerm>
    </mods:languageOfCataloging>
  </mods:recordInfo>
  
<identifier type="hdl">http://hdl.handle.net/11134/20004:642</identifier></mods:mods></metadata></record><resumptionToken expirationDate="2017-03-09T16:54:06Z" completeListSize="34302" cursor="8460">1139151348</resumptionToken></ListRecords></OAI-PMH>

