<?xml version="1.0" encoding="UTF-8"?>
<OAI-PMH xmlns:xsi="http://www.w3.org/2001/XMLSchema-instance"  xsi:schemaLocation="http://www.loc.gov/mods/v3 http://www.loc.gov/standards/mods/v3/mods-3-5.xsd http://www.openarchives.org/OAI/2.0/ http://www.openarchives.org/OAI/2.0/OAI-PMH.xsd"  xmlns="http://www.openarchives.org/OAI/2.0/" xmlns:mods="http://www.loc.gov/mods/v3"><responseDate>2017-03-08T16:55:46Z</responseDate><request>http://archives.lib.uconn.edu/oai2</request><ListRecords><record><header><identifier>oai:drupal-site.org:20002_860207975</identifier><datestamp>2016-10-19T17:34:33Z</datestamp><setSpec>20002_860191689</setSpec></header><metadata><mods:mods xmlns:mods="http://www.loc.gov/mods/v3" xmlns="http://www.loc.gov/mods/v3" xmlns:xsi="http://www.w3.org/2001/XMLSchema-instance" xmlns:xlink="http://www.w3.org/1999/xlink">
  <mods:titleInfo>
    <mods:title>Connecticut Campus Volume 17, Number 20</mods:title>
  </mods:titleInfo>
  <mods:name type="personal">
    <mods:namePart>Wright, Bertram</mods:namePart>
    <mods:role>
      <mods:roleTerm authority="marcrelator" type="text">Editor</mods:roleTerm>
    </mods:role>
  </mods:name>
  <mods:typeOfResource>text</mods:typeOfResource>
  <genre authority="aat" valueURI="300026656">newspapers</genre>
  <mods:originInfo>
    <mods:publisher>Connecticut Agricultural College</mods:publisher>
    <mods:place>
      <mods:placeTerm type="text">Storrs, CT</mods:placeTerm>
    </mods:place>
    <mods:dateIssued encoding="w3cdtf" keyDate="yes">1931-03-13</mods:dateIssued>
    <mods:issuance>serial</mods:issuance>
  </mods:originInfo>
  <mods:note type="ownership">Archives &amp; Special Collections at the Thomas J. Dodd Research Center, University of Connecticut Libraries</mods:note>
  <mods:accessCondition type="use and reproduction">This work is licensed under a Creative Commons Attribution-NonCommercial 4.0 International License, CC BY-NC.</mods:accessCondition>
  <mods:recordInfo>
    <mods:recordContentSource>University of Connecticut Libraries</mods:recordContentSource>
    <mods:languageOfCataloging>
      <mods:languageTerm type="code" authority="iso639-2b">eng</mods:languageTerm>
    </mods:languageOfCataloging>
  </mods:recordInfo>
<identifier type="hdl">http://hdl.handle.net/11134/20002:860207975</identifier></mods:mods></metadata></record><record><header><identifier>oai:drupal-site.org:20002_860118636</identifier><datestamp>2016-02-15T14:05:25Z</datestamp><setSpec>20002_1990129SOMPubIssCoun</setSpec></header><metadata><mods:mods xmlns:mods="http://www.loc.gov/mods/v3" xmlns="http://www.loc.gov/mods/v3" xmlns:xsi="http://www.w3.org/2001/XMLSchema-instance" xmlns:xlink="http://www.w3.org/1999/xlink">
  <mods:targetAudience>CHO</mods:targetAudience>
  <mods:titleInfo>
    <mods:title>2015-03-09 Minutes</mods:title>
  </mods:titleInfo>
  <mods:name type="corporate" authority="naf" valueURI="https://lccn.loc.gov/n79089278">
    <mods:namePart>University of Connecticut. Health Center.</mods:namePart>
    <mods:role>
      <mods:roleTerm type="text" authority="marcrelator">Creator</mods:roleTerm>
    </mods:role>
  </mods:name>
  <mods:typeOfResource>text</mods:typeOfResource>
  <mods:genre authority="aat" valueURI="300027440">minutes (administrative records)</mods:genre>
  <mods:originInfo>
    <mods:dateIssued encoding="w3cdtf" keyDate="yes">2015-03-09</mods:dateIssued>
  </mods:originInfo>
  <mods:physicalDescription>
    <mods:internetMediaType>application/pdf</mods:internetMediaType>
    <mods:digitalOrigin>reformatted digital</mods:digitalOrigin>
  </mods:physicalDescription>
  
  <mods:note type="ownership">Archives &amp; Special Collections at the Thomas J. Dodd Research Center, University of Connecticut Libraries</mods:note>
  <mods:note type="source note">University of Connecticut Health Center Records</mods:note>
  <mods:note type="source identifier">MSS 1997.0129</mods:note>
  
    <mods:name type="corporate" authority="naf" valueURI="https://lccn.loc.gov/n79089278">
      <mods:namePart>University of Connecticut. Health Center.</mods:namePart>
    </mods:name>
  <mods:identifier type="local">MSS 1997.0129</mods:identifier>
  <mods:identifier type="local">1997.0129/SOM/PublicIssues</mods:identifier>
  <mods:accessCondition type="use and reproduction">This work is licensed under a Creative Commons Attribution-NonCommercial 4.0 International License, CC BY-NC.</mods:accessCondition>
  <mods:recordInfo>
    <mods:recordContentSource>University of Connecticut Libraries</mods:recordContentSource>
    <mods:languageOfCataloging>
      <mods:languageTerm type="code" authority="iso639-2b">eng</mods:languageTerm>
    </mods:languageOfCataloging>
  </mods:recordInfo>
<identifier type="hdl">http://hdl.handle.net/11134/20002:860118636</identifier></mods:mods></metadata></record><record><header><identifier>oai:drupal-site.org:20002_199709804</identifier><datestamp>2014-12-10T18:14:19Z</datestamp><setSpec>20002_MSS19890073</setSpec></header><metadata><mods:mods xmlns:mods="http://www.loc.gov/mods/v3" xmlns:xlink="http://www.w3.org/1999/xlink" xmlns:xsi="http://www.w3.org/2001/XMLSchema-instance">
   <mods:titleInfo>
      <mods:title>Thread Company, Willimantic</mods:title>
      <mods:nonSort>American</mods:nonSort>
   </mods:titleInfo>
   <mods:typeOfResource>still image</mods:typeOfResource>
   <mods:genre authority="aat" valueURI="300046300">photographs</mods:genre>
   <mods:genre authority="aat" valueURI="300026816">postcards</mods:genre>
   <mods:originInfo>
      <mods:dateIssued encoding="w3cdtf" keyDate="yes" point="start">1900</mods:dateIssued>
      <mods:dateIssued encoding="w3cdtf" keyDate="yes" point="end">1930</mods:dateIssued>
   </mods:originInfo>
   <mods:physicalDescription>
      <mods:internetMediaType>image/tiff</mods:internetMediaType>
      <mods:digitalOrigin>reformatted digital</mods:digitalOrigin>
   </mods:physicalDescription>
   <mods:abstract>Road and railroad tracks and bridge in front of factory buildings.</mods:abstract>
   <mods:targetAudience>CHO</mods:targetAudience>
   <mods:note type="ownership">Archives &amp; Special Collections at the Thomas J. Dodd Research Center, University of Connecticut Libraries</mods:note>
   <mods:note type="source note">Leroy Roberts CT Railroad Station Photograph Collection</mods:note>
   <mods:note type="theme">Infrastructure</mods:note>
   <mods:subject>
      <mods:topic>Industrial buildings</mods:topic>
      <mods:topic>Factories</mods:topic>
      <mods:geographic>Willimantic (inhabited place)</mods:geographic>
      <mods:name type="corporate" authority="local">
         <mods:namePart>American Thread Company</mods:namePart>
      </mods:name>
   </mods:subject>
   <mods:identifier type="local">Accession number UC17-1473</mods:identifier>
   <mods:identifier type="local">IMG0007-1458</mods:identifier>
   <mods:location>
      <mods:physicalLocation>ff-Windham/Willimantic</mods:physicalLocation>
   </mods:location>
   <mods:accessCondition type="use and reproduction">Permission to publish from these Papers must be obtained in writing from both the University of Connecticut Libraries and the owner(s) of the copyright.</mods:accessCondition>
   <mods:accessCondition type="use and reproduction" displayLabel="Digital Object Disclaimer" xlink:href="http://doddcenter.uconn/asc/research/reproduction.htm">This digital object is owned, held, or licensed by the University of Connecticut and is available for non-commercial or education use only. Ownership must be properly cited. Any commercial use of this object without express written permission of the University of Connecticut is strictly prohibited. For more information or to obtain a reproduction of this digital object, contact University Archives &amp; Special Collections.</mods:accessCondition>
   <mods:accessCondition type="use and reproduction" displayLabel="Intellectual Rights Statement">As a publically supported institution, the University of Connecticut Libraries generally does not own rights in its collections. Permission to publish from these papers must be obtained in writing from both the University of Connecticut Libraries and the owner(s) of the copyright. Possible fees may be incurred on the part of the user.</mods:accessCondition>
   <mods:accessCondition type="restrictions on access">The collection is open and available for research.</mods:accessCondition>
   <mods:recordInfo>
      <mods:recordContentSource>University of Connecticut Libraries</mods:recordContentSource>
      <mods:recordCreationDate encoding="w3cdtf">2014-05-28-04:00</mods:recordCreationDate>
      <mods:languageOfCataloging>
         <mods:languageTerm authority="iso639-2b" type="code">eng</mods:languageTerm>
      </mods:languageOfCataloging>
      <mods:recordOrigin>This MODS record was migrated from CHO's CONTENTdm. The object had the following CONTENTdm reference URL: http://images.lib.uconn.edu:81/u?/cho,5853 and CONTENTdm file name: 5890.jp2</mods:recordOrigin>
   </mods:recordInfo>
<identifier xmlns="http://www.loc.gov/mods/v3" type="hdl">http://hdl.handle.net/11134/20002:199709804</identifier></mods:mods></metadata></record><record><header><identifier>oai:drupal-site.org:20002_20117756</identifier><datestamp>2016-02-04T23:34:54Z</datestamp><setSpec>20002_IMTNuremberg</setSpec></header><metadata><mods:mods xmlns:mods="http://www.loc.gov/mods/v3" xmlns:xlink="http://www.w3.org/1999/xlink" xmlns:xsi="http://www.w3.org/2001/XMLSchema-instance" xmlns="http://www.loc.gov/mods/v3" version="3.5" xsi:schemaLocation="http://www.loc.gov/mods/v3 http://www.loc.gov/standards/mods/v3/mods-3-5.xsd">
  <mods:titleInfo>
    <mods:title>Nuremberg following Allied bombings</mods:title>
  </mods:titleInfo>
  <mods:name authority="fast" valueURI="http://id.worldcat.org/fast/255922" type="personal">
    <mods:namePart>Dodd, Thomas J. (Thomas Joseph), 1907-1971</mods:namePart>
    <mods:role>
      <mods:roleTerm authority="marcrelator" type="text">Collector</mods:roleTerm>
    </mods:role>
  </mods:name>
  <mods:typeOfResource>text</mods:typeOfResource>
  <mods:genre authority="aat" valueURI="300027590">legal documents</mods:genre>
  <mods:genre authority="aat" valueURI="300027473">financial records</mods:genre>
  <mods:genre authority="aat" valueURI="300026877">correspondence</mods:genre>
  <mods:genre authority="aat" valueURI="300027425">administrative records</mods:genre>
  <mods:originInfo>
    <mods:dateIssued encoding="w3cdtf" keyDate="yes" qualifier="inferred" point="start">1945</mods:dateIssued>
    <mods:dateIssued encoding="w3cdtf" qualifier="inferred" point="end">1946</mods:dateIssued>
  </mods:originInfo>
  <mods:physicalDescription>
    <mods:internetMediaType>image/jp2</mods:internetMediaType>
    <mods:digitalOrigin>reformatted digital</mods:digitalOrigin>
  </mods:physicalDescription>
  <mods:abstract>Encompasses a wide range of subjects and is arranged thematically according to the following categories: General Administrative; Witnesses; Defense; Interrogations; Evidence;  Thomas Dodd; Justice  Robert Jackson; Transcript Indexes; Transcripts; Photographs; Other Trials; and Post-Trial.</mods:abstract>
  <mods:note type="Preferred Citation">Nuremberg following Allied bombings, 371:8436, Thomas J. Dodd Papers. Archives &amp; Special Collections at the Thomas J. Dodd Research Center, University of Connecticut Libraries.</mods:note>
  <mods:note type="ownership">Archives &amp; Special Collections at the Thomas J. Dodd Research Center, University of Connecticut Libraries</mods:note>
  <mods:subject>
    <mods:topic authority="fast" valueURI="http://id.worldcat.org/fast/1709901">Nuremberg War Crime Trials (Germany : 1946-1949)</mods:topic>
    <mods:topic authority="fast" valueURI="http://id.worldcat.org/fast/917186">Evidence (Law)</mods:topic>
    <mods:topic authority="fast" valueURI="http://id.worldcat.org/fast/1715681">Legal briefs</mods:topic>
    <mods:topic authority="fast" valueURI="http://id.worldcat.org/fast/796238">Actions and defenses</mods:topic>
  </mods:subject>
  <mods:identifier type="local">MSS19940065:371:8436</mods:identifier>
  <mods:accessCondition type="use and reproduction">This work is licensed under a Creative Commons Attribution-NonCommercial 4.0 International License, CC BY-NC.</mods:accessCondition>
  <mods:accessCondition type="use and reproduction" displayLabel="Digital Object Disclaimer">This work is licensed under a Creative Commons Attribution-NonCommercial 4.0 International License, CC BY-NC.</mods:accessCondition>
  <mods:accessCondition type="restrictions on access">The collection is open and available for research.</mods:accessCondition>
  <mods:accessCondition type="use and reproduction" displayLabel="Intellectual Rights Statement">This work is licensed under a Creative Commons Attribution-NonCommercial 4.0 International License, CC BY-NC.</mods:accessCondition>
  <mods:recordInfo>
    <mods:recordCreationDate encoding="w3cdtf">2011-12-16T15:09-0500</mods:recordCreationDate>
    <mods:recordChangeDate encoding="w3cdtf">2014-07-31-04:00</mods:recordChangeDate>
    <mods:recordOrigin>This finding aid was produced using the Archivists' Toolkit</mods:recordOrigin>
    <mods:languageOfCataloging>
      <mods:languageTerm type="code" authority="iso639-2b">eng</mods:languageTerm>
    </mods:languageOfCataloging>
    <mods:descriptionStandard>Describing Archives: A Content Standard</mods:descriptionStandard>
    <mods:recordContentSource>University of Connecticut Libraries</mods:recordContentSource>
  </mods:recordInfo>
  <identifier type="hdl">http://hdl.handle.net/11134/20002:20117756</identifier>
  <mods:note type="source note">Thomas J. Dodd Papers</mods:note>
  <mods:note type="source identifier">MSS 1994.0065</mods:note>
</mods:mods></metadata></record><record><header><identifier>oai:drupal-site.org:20002_860068435</identifier><datestamp>2015-07-08T18:20:34Z</datestamp><setSpec>20002_ConnecticutValMaps</setSpec></header><metadata><mods:mods xmlns:mods="http://www.loc.gov/mods/v3" xmlns:xlink="http://www.w3.org/1999/xlink" xmlns:xsi="http://www.w3.org/2001/XMLSchema-instance">
   <mods:titleInfo>
      <mods:title>Southbury, Connecticut</mods:title>
   </mods:titleInfo>
   <mods:name type="corporate" authority="naf" valueURI="http://id.loc.gov/authorities/names/n86134559">
      <mods:namePart>New York, New Haven, and Hartford Railroad Company</mods:namePart>
      <mods:role>
         <mods:roleTerm authority="marcrelator" authorityURI="http://id.loc.gov/vocabulary/relators" valueURI="http://id.loc.gov/vocabulary/relators/cre" type="text">Creator</mods:roleTerm>
      </mods:role>
   </mods:name>
   <mods:name type="corporate" authority="local">
      <mods:namePart>New York and New England Railroad</mods:namePart>
      <mods:role>
         <mods:roleTerm authority="marcrelator" authorityURI="http://id.loc.gov/vocabulary/relators" valueURI="http://id.loc.gov/vocabulary/relators/ctb" type="text">Contributor</mods:roleTerm>
      </mods:role>
   </mods:name>
   <mods:typeOfResource>cartographic</mods:typeOfResource>
   <mods:genre authority="aat" valueURI="300028094">maps (documents)</mods:genre>
   <mods:genre authority="aat" valueURI="300264387">images (object genre)</mods:genre>
   <mods:originInfo>
      <mods:dateIssued encoding="w3cdtf" keyDate="yes">1915-06-30</mods:dateIssued>
   </mods:originInfo>
   <mods:physicalDescription>
      <mods:internetMediaType>image/jp2</mods:internetMediaType>
      <mods:digitalOrigin>reformatted digital</mods:digitalOrigin>
      <mods:note type="physical description">Source extent: 1 map ; 142 x 61 cm 1 map ; 142 x 61 cm</mods:note>
   </mods:physicalDescription>
   <mods:abstract>Right of way and track map, the New York, New Haven and Hartford R.R. Co. ... from Boston to Hudson River, station 8552+00 to station 8604+80, town of Southbury, state of Conn.</mods:abstract>
   <mods:targetAudience>CHO</mods:targetAudience>
   <mods:targetAudience>GEO</mods:targetAudience>
   <mods:note type="ownership">Archives &amp; Special Collections at the Thomas J. Dodd Research Center, University of Connecticut Libraries</mods:note>
   <mods:note type="source note">New York, New Haven, and Hartford Railroad Company Valuation Maps Collection</mods:note>
   <mods:note>Bounding box coordinates recorded as S, W, N, E</mods:note>
   <mods:subject>
      <mods:topic>Railroads</mods:topic>
      <mods:geographic>Hurd's Crossing (Southbury, Conn.)</mods:geographic>
      <mods:geographic>Connecticut</mods:geographic>
      <mods:geographic>Southbury (Conn.)</mods:geographic>
      <mods:cartographics>
         <mods:coordinates>41.464686, -73.196193, 41.476573, -73.174174</mods:coordinates>
      </mods:cartographics>
   </mods:subject>
   <mods:identifier type="local">Roll no.: 272</mods:identifier>
   <mods:identifier type="local">Valuation no. 58.64, sheet 111</mods:identifier>
   <mods:identifier type="local">Accession no. MSS1998-0378</mods:identifier>
   <mods:identifier type="local">uconn_asc_1998-0378_map_58_64_111.tif</mods:identifier>
   <mods:accessCondition type="use and reproduction">These Materials are provided for educational and research purposes only. The University of Connecticut Libraries hold the copyright except where noted. Permission must be obtained in writing from the University of Connecticut Libraries and/or the owner(s) of the copyright to publish reproductions or quotations beyond "fair use."</mods:accessCondition>
   <mods:accessCondition type="restrictions on access">The collection is open and available for research.</mods:accessCondition>
   <mods:extension xmlns:fgdc="http://www.fgdc.gov/schemas/metadata/fgdc-std-001-1998.xsd">
      <fgdc:metadata>
         <fgdc:idinfo>
            <fgdc:spdom>
               <fgdc:bounding>
                  <fgdc:westbc>-73.196193</fgdc:westbc>
                  <fgdc:eastbc>-73.174174</fgdc:eastbc>
                  <fgdc:northbc>41.476573</fgdc:northbc>
                  <fgdc:southbc>41.464686</fgdc:southbc>
               </fgdc:bounding>
            </fgdc:spdom>
         </fgdc:idinfo>
      </fgdc:metadata>
   </mods:extension>
   <mods:recordInfo>
      <mods:recordContentSource>University of Connecticut Libraries</mods:recordContentSource>
      <mods:recordCreationDate encoding="w3cdtf">2015-04-07-04:00</mods:recordCreationDate>
      <mods:languageOfCataloging>
         <mods:languageTerm authority="iso639-2b" type="code">eng</mods:languageTerm>
      </mods:languageOfCataloging>
      <mods:recordOrigin>This MODS record was migrated from University of Connecticut Libraries Archives and Special Collections CONTENTdm site. . Other information: elena; reviewed by banderson</mods:recordOrigin>
   </mods:recordInfo>
<identifier xmlns="http://www.loc.gov/mods/v3" type="hdl">http://hdl.handle.net/11134/20002:860068435</identifier></mods:mods></metadata></record><record><header><identifier>oai:drupal-site.org:20002_860200239</identifier><datestamp>2016-09-23T11:57:03Z</datestamp><setSpec>20002_20060251</setSpec></header><metadata><mods:mods xmlns:mods="http://www.loc.gov/mods/v3" xmlns:xlink="http://www.w3.org/1999/xlink" xmlns:xsi="http://www.w3.org/2001/XMLSchema-instance">
   <mods:titleInfo>
      <mods:title>New Haven Railroad electric locomotives, 1958 February-March</mods:title>
   </mods:titleInfo>
   <mods:name type="personal" authority="lcnaf" valueURI="https://lccn.loc.gov/n88177242">
      <mods:namePart>Swanberg, J. W. (Jack W.), 1939-</mods:namePart>
      <mods:role>
         <mods:roleTerm authority="marcrelator" authorityURI="http://id.loc.gov/vocabulary/relators" valueURI="http://id.loc.gov/vocabulary/relators/cre" type="text">Creator</mods:roleTerm>
      </mods:role>
   </mods:name>
   <mods:typeOfResource>still image</mods:typeOfResource>
   <mods:genre authority="aat" valueURI="300127173">negatives (photographs)</mods:genre>
   <mods:originInfo>
      <mods:dateIssued encoding="w3cdtf" keyDate="yes">1958-02-09</mods:dateIssued>
      <mods:dateIssued encoding="w3cdtf">1958-03-05</mods:dateIssued>
   </mods:originInfo>
   <mods:physicalDescription>
      <mods:digitalOrigin>reformatted digital</mods:digitalOrigin>
   </mods:physicalDescription>
   <mods:abstract>Electric locomotives 322, 354, 355, 352, 370, 324 and 379, 159; diesel locomotive 3001. Locations include Danbury, Bethel, New Haven and Hartford, Connecticut</mods:abstract>
   <mods:note type="ownership">Archives &amp; Special Collections at the Thomas J. Dodd Research Center, University of Connecticut Libraries</mods:note>
   <mods:subject>
      <mods:topic authority="fast" valueURI="http://id.worldcat.org/fast/905143">Electric locomotives</mods:topic>
   </mods:subject>
   <mods:subject>
      <mods:topic authority="fast" valueURI="http://id.worldcat.org/fast/893178">Diesel locomotives</mods:topic>
   </mods:subject>
   <mods:subject>
      <mods:name type="corporate" authority="lcnaf" valueURI="https://lccn.loc.gov/n86134559">
         <mods:namePart>New York, New Haven, and Hartford Railroad Company</mods:namePart>
      </mods:name>
   </mods:subject>
   <mods:identifier type="local">2006-0251/SeriesIII:Photo/SubseriesB:PhotoNegs/Box6/39153019273293_0004</mods:identifier>
   <mods:identifier type="local">PC-25</mods:identifier>
   <mods:identifier>MSS 2006.0251</mods:identifier>
   <mods:identifier type="local"/>
   <mods:identifier type="local">39153019273293_0004</mods:identifier>
   <mods:accessCondition type="use and reproduction">This work is licensed under a Creative Commons Attribution-NonCommercial 4.0 International License, CC BY-NC.</mods:accessCondition>
   <mods:recordInfo>
      <mods:recordContentSource>University of Connecticut Libraries</mods:recordContentSource>
      <mods:recordCreationDate encoding="w3cdtf">2016-09-20-04:00</mods:recordCreationDate>
      <mods:languageOfCataloging>
         <mods:languageTerm authority="iso639-2b" type="code">eng</mods:languageTerm>
      </mods:languageOfCataloging>
      <mods:recordOrigin>This record was created using the spreadsheet workflow.</mods:recordOrigin>
   </mods:recordInfo>
<identifier xmlns="http://www.loc.gov/mods/v3" type="hdl">http://hdl.handle.net/11134/20002:860200239</identifier></mods:mods></metadata></record><record><header><identifier>oai:drupal-site.org:20002_860074285</identifier><datestamp>2016-03-14T03:49:44Z</datestamp><setSpec>20002_MSS19880010</setSpec></header><metadata><mods:mods xmlns:mods="http://www.loc.gov/mods/v3" xmlns="http://www.loc.gov/mods/v3" xmlns:xsi="http://www.w3.org/2001/XMLSchema-instance" xmlns:xlink="http://www.w3.org/1999/xlink">
  <mods:titleInfo>
    <mods:title>Professor Floyd M. Callwood</mods:title>
  </mods:titleInfo>
  <mods:name type="personal" authority="naf" valueURI="http://lccn.loc.gov/n2009161601">
    <mods:namePart>Manter, Jerauld A., 1889-1990</mods:namePart>
    <mods:role>
      <mods:roleTerm type="text" authority="marcrelator">Creator</mods:roleTerm>
    </mods:role>
  </mods:name>
  <mods:typeOfResource>still image</mods:typeOfResource>
  <mods:physicalDescription>
    <mods:internetMediaType>image/jp2</mods:internetMediaType>
    <mods:digitalOrigin>reformatted digital</mods:digitalOrigin>
  </mods:physicalDescription>
  <mods:note type="ownership">Archives &amp; Special Collections at the Thomas J. Dodd Research Center, University of Connecticut Libraries</mods:note>
  <mods:note type="source note">Jerauld A. Manter Photograph Collection, University of Connecticut Photograph Collection</mods:note>
  <mods:note type="source identifier">1988-0010/RG4</mods:note>
  <mods:accessCondition type="use and reproduction">These Materials are provided for educational and research purposes only. The University of Connecticut Libraries hold the copyright except where noted. Permission must be obtained in writing from the University of Connecticut Libraries and/or the owner(s) of the copyright to publish reproductions or quotations beyond "fair use."</mods:accessCondition>
  <mods:recordInfo>
    <mods:recordContentSource>University of Connecticut Libraries</mods:recordContentSource>
    <mods:languageOfCataloging>
      <mods:languageTerm type="code" authority="iso639-2b">eng</mods:languageTerm>
    </mods:languageOfCataloging>
  </mods:recordInfo>
  <mods:targetAudience>CHO</mods:targetAudience>
  <mods:genre authority="aat" valueURI="300127173">negatives (photographic)</mods:genre>
  <mods:originInfo>
    <mods:dateIssued encoding="w3cdtf" keyDate="yes">1946</mods:dateIssued>
  </mods:originInfo>
  <mods:subject>
    
    <mods:topic authority="fast" authorityURI="http://id.worldcat.org/fast/1161748">Universities and colleges--Faculty</mods:topic>
    <mods:topic authority="fast" authorityURI="http://id.worldcat.org/fast/932632">Forests and forestry</mods:topic>
    <mods:geographic authority="tgn" valueURI="7014549">Storrs (inhabited place)</mods:geographic>
    <mods:geographic authority="tgn" valueURI="7007159">Connecticut (state)</mods:geographic>
    <mods:name type="corporate" authority="naf" valueURI="http://lccn.loc.gov/n79056688">
      <mods:namePart>University of Connecticut</mods:namePart>
    </mods:name>
    <mods:name type="personal" authority="local">
      <mods:namePart>Callwood, Floyd M.</mods:namePart>
    </mods:name>
   
    <mods:name type="personal" authority="naf" valueURI="http://lccn.loc.gov/n2009161601">
      <mods:namePart>Manter, Jerauld A., 1889-1990</mods:namePart>
    </mods:name>
  </mods:subject>
  <mods:identifier type="local">1988-0010/RG4/Series1/Box 441:460</mods:identifier>
  <mods:identifier type="local">39153019691262</mods:identifier>
  <mods:accessCondition type="restrictions on access">The collection is open and available for research.</mods:accessCondition>
  
<identifier type="hdl">http://hdl.handle.net/11134/20002:860074285</identifier></mods:mods></metadata></record><record><header><identifier>oai:drupal-site.org:20002_199723429</identifier><datestamp>2015-09-01T14:29:35Z</datestamp><setSpec>20002_MSS19880010</setSpec></header><metadata><mods:mods xmlns:mods="http://www.loc.gov/mods/v3" xmlns:xlink="http://www.w3.org/1999/xlink" xmlns:xsi="http://www.w3.org/2001/XMLSchema-instance">
   <mods:titleInfo>
      <mods:title>Potatoes</mods:title>
   </mods:titleInfo>
   <mods:titleInfo type="alternative">
      <mods:title/>
   </mods:titleInfo>
   <mods:name type="personal" authority="local">
      <mods:namePart>Garrigus, Harry L.</mods:namePart>
      <mods:role>
         <mods:roleTerm authority="marcrelator" authorityURI="http://id.loc.gov/vocabulary/relators" valueURI="http://id.loc.gov/vocabulary/relators/cre" type="text">Creator</mods:roleTerm>
      </mods:role>
   </mods:name>
   <mods:typeOfResource>still image</mods:typeOfResource>
   <mods:genre authority="aat" valueURI="300215302">digital images</mods:genre>
   <mods:genre>glass negatives</mods:genre>
   <mods:genre>dry plate negatives</mods:genre>
   <mods:originInfo>
      <mods:dateIssued encoding="w3cdtf" keyDate="yes">1906</mods:dateIssued>
   </mods:originInfo>
   <mods:physicalDescription>
      <mods:form>glass</mods:form>
      <mods:internetMediaType>image/jpeg</mods:internetMediaType>
      <mods:digitalOrigin>reformatted digital</mods:digitalOrigin>
      <mods:note type="physical description">Source extent: 1 negative ; 13 x 18 cm.</mods:note>
   </mods:physicalDescription>
   <mods:abstract>Man in overalls seated on two wheeled piece of farm equipment drawn by team of horses in field, possibly potatoes. Large barrel mounted on equipment in front of man. Open fields, trees and building in distance.</mods:abstract>
   <mods:note type="ownership">Archives &amp; Special Collections at the Thomas J. Dodd Research Center, University of Connecticut Libraries</mods:note>
   <mods:note type="source note">Harry L. Garrigus Photograph Collection; University of Connecticut Photograph Collection</mods:note>
   <mods:note>Title from negative envelope.</mods:note>
   <mods:subject>
      <mods:topic>Potatoes</mods:topic>
      <mods:topic>Farms</mods:topic>
      <mods:topic>Horses</mods:topic>
      <mods:topic>Agricultural machinery &amp; implements</mods:topic>
   </mods:subject>
   <mods:identifier type="local">1988-0010_ph1337.jpg</mods:identifier>
   <mods:accessCondition type="use and reproduction">These Materials are provided for educational and research purposes only. The University of Connecticut Libraries hold the copyright except where noted. Permission must be obtained in writing from the University of Connecticut Libraries and/or the owner(s) of the copyright to publish reproductions or quotations beyond "fair use."</mods:accessCondition>
   <mods:accessCondition type="restrictions on access">The collection is open and available for research.</mods:accessCondition>
   <mods:recordInfo>
      <mods:recordContentSource>University of Connecticut Libraries</mods:recordContentSource>
      <mods:recordCreationDate encoding="w3cdtf">2014-09-17-04:00</mods:recordCreationDate>
      <mods:languageOfCataloging>
         <mods:languageTerm authority="iso639-2b" type="code">eng</mods:languageTerm>
      </mods:languageOfCataloging>
      <mods:recordOrigin>This MODS record was migrated from CHO's CONTENTdm, with the following Reference URL: http://images.lib.uconn.edu:81/u?/photographs,754. Other information: nds; bp; kwe; wda</mods:recordOrigin>
   </mods:recordInfo>
<identifier xmlns="http://www.loc.gov/mods/v3" type="hdl">http://hdl.handle.net/11134/20002:199723429</identifier></mods:mods></metadata></record><record><header><identifier>oai:drupal-site.org:20002_860202701</identifier><datestamp>2016-10-05T14:51:20Z</datestamp><setSpec>20002_20060251</setSpec></header><metadata><mods:mods xmlns:mods="http://www.loc.gov/mods/v3" xmlns:xlink="http://www.w3.org/1999/xlink" xmlns:xsi="http://www.w3.org/2001/XMLSchema-instance">
   <mods:titleInfo>
      <mods:title>Grand Trunk Railway diesels in Portland,Maine,New York Central Railroad trains in Peekskill</mods:title>
   </mods:titleInfo>
   <mods:name type="personal" authority="lcnaf" valueURI="https://lccn.loc.gov/n88177242">
      <mods:namePart>Swanberg, J. W. (Jack W.), 1939-</mods:namePart>
      <mods:role>
         <mods:roleTerm authority="marcrelator" authorityURI="http://id.loc.gov/vocabulary/relators" valueURI="http://id.loc.gov/vocabulary/relators/cre" type="text">Creator</mods:roleTerm>
      </mods:role>
   </mods:name>
   <mods:typeOfResource>still image</mods:typeOfResource>
   <mods:genre authority="aat" valueURI="300127173">negatives (photographs)</mods:genre>
   <mods:originInfo>
      <mods:dateIssued encoding="w3cdtf" keyDate="yes">1962-08</mods:dateIssued>
      <mods:dateIssued encoding="w3cdtf">1962-09</mods:dateIssued>
   </mods:originInfo>
   <mods:physicalDescription>
      <mods:digitalOrigin>reformatted digital</mods:digitalOrigin>
   </mods:physicalDescription>
   <mods:abstract>GTR ALCO FAs and passenger train; NYCR ALCO and GM diesels</mods:abstract>
   <mods:note type="ownership">Archives &amp; Special Collections at the Thomas J. Dodd Research Center, University of Connecticut Libraries</mods:note>
   <mods:subject>
      <mods:topic authority="fast" valueURI="http://id.worldcat.org/fast/893178">Diesel locomotives</mods:topic>
   </mods:subject>
   <mods:subject>
      <mods:name type="corporate" authority="lcnaf" valueURI="https://lccn.loc.gov/n81129755">
         <mods:namePart>Grand Trunk Railway Company of Canada</mods:namePart>
      </mods:name>
   </mods:subject>
   <mods:subject>
      <mods:name type="corporate" authority="lcnaf" valueURI="https://lccn.loc.gov/n86134556">
         <mods:namePart>New York Central Railroad Company</mods:namePart>
      </mods:name>
   </mods:subject>
   <mods:subject>
      <mods:cartographics>
         <mods:coordinates>41.2833, -73.9167</mods:coordinates>
      </mods:cartographics>
   </mods:subject>
   <mods:identifier type="local">2006-0251/SeriesIII:Photo/SubseriesB:PhotoNegs/Box7/39153019763046_0221</mods:identifier>
   <mods:identifier type="local">PC-175</mods:identifier>
   <mods:identifier>MSS 2006.0251</mods:identifier>
   <mods:identifier type="local"/>
   <mods:identifier type="local">39153019763046_0222</mods:identifier>
   <mods:accessCondition type="use and reproduction">This work is licensed under a Creative Commons Attribution-NonCommercial 4.0 International License, CC BY-NC.</mods:accessCondition>
   <mods:recordInfo>
      <mods:recordContentSource>University of Connecticut Libraries</mods:recordContentSource>
      <mods:recordCreationDate encoding="w3cdtf">2016-09-16-04:00</mods:recordCreationDate>
      <mods:languageOfCataloging>
         <mods:languageTerm authority="iso639-2b" type="code">eng</mods:languageTerm>
      </mods:languageOfCataloging>
      <mods:recordOrigin>This record was created using the spreadsheet workflow.</mods:recordOrigin>
   </mods:recordInfo>
<identifier xmlns="http://www.loc.gov/mods/v3" type="hdl">http://hdl.handle.net/11134/20002:860202701</identifier></mods:mods></metadata></record><record><header><identifier>oai:drupal-site.org:20002_199708544</identifier><datestamp>2014-12-10T18:17:29Z</datestamp><setSpec>20002_MSS19890073</setSpec></header><metadata><mods:mods xmlns:mods="http://www.loc.gov/mods/v3" xmlns:xlink="http://www.w3.org/1999/xlink" xmlns:xsi="http://www.w3.org/2001/XMLSchema-instance">
   <mods:titleInfo>
      <mods:title>View West Toward Midway From Fort Hill Road (bridge Long Point Road ), New York, New Haven And Hartford Railroad Shore Line , Groton</mods:title>
   </mods:titleInfo>
   <mods:typeOfResource>still image</mods:typeOfResource>
   <mods:genre authority="aat" valueURI="300046300">photographs</mods:genre>
   <mods:originInfo>
      <mods:dateIssued encoding="w3cdtf" keyDate="yes">1924</mods:dateIssued>
   </mods:originInfo>
   <mods:physicalDescription>
      <mods:internetMediaType>image/tiff</mods:internetMediaType>
      <mods:digitalOrigin>reformatted digital</mods:digitalOrigin>
   </mods:physicalDescription>
   <mods:abstract>Intersection of railroad tracks and road. Warning sign posted near tracks. Telephone poles, crossing sign. Bridge and buildings in distance.</mods:abstract>
   <mods:targetAudience>CHO</mods:targetAudience>
   <mods:note type="ownership">Archives &amp; Special Collections at the Thomas J. Dodd Research Center, University of Connecticut Libraries</mods:note>
   <mods:note type="source note">Leroy Roberts CT Railroad Station Photograph Collection</mods:note>
   <mods:note type="theme">Environment</mods:note>
   <mods:note type="theme">Infrastructure</mods:note>
   <mods:note>Writing with ink on photograph.</mods:note>
   <mods:subject>
      <mods:topic>Railroads -- Track</mods:topic>
      <mods:topic>Railroads -- Crossings</mods:topic>
      <mods:topic>Bridges</mods:topic>
      <mods:geographic>Fort Hill Road (Groton, Conn.)</mods:geographic>
      <mods:name type="corporate" authority="local">
         <mods:namePart>New York, New Haven and Hartford Railroad Company</mods:namePart>
      </mods:name>
   </mods:subject>
   <mods:identifier type="local">Accession number UC17-0528</mods:identifier>
   <mods:identifier type="local">IMG0092-1455</mods:identifier>
   <mods:location>
      <mods:physicalLocation>Box Greenwich-, ff Groton</mods:physicalLocation>
   </mods:location>
   <mods:accessCondition type="use and reproduction">Permission to publish from these Papers must be obtained in writing from both the University of Connecticut Libraries and the owner(s) of the copyright.</mods:accessCondition>
   <mods:accessCondition type="use and reproduction" displayLabel="Digital Object Disclaimer" xlink:href="http://doddcenter.uconn/asc/research/reproduction.htm">This digital object is owned, held, or licensed by the University of Connecticut and is available for non-commercial or education use only. Ownership must be properly cited. Any commercial use of this object without express written permission of the University of Connecticut is strictly prohibited. For more information or to obtain a reproduction of this digital object, contact University Archives &amp; Special Collections.</mods:accessCondition>
   <mods:accessCondition type="use and reproduction" displayLabel="Intellectual Rights Statement">As a publically supported institution, the University of Connecticut Libraries generally does not own rights in its collections. Permission to publish from these papers must be obtained in writing from both the University of Connecticut Libraries and the owner(s) of the copyright. Possible fees may be incurred on the part of the user.</mods:accessCondition>
   <mods:accessCondition type="restrictions on access">The collection is open and available for research.</mods:accessCondition>
   <mods:recordInfo>
      <mods:recordContentSource>University of Connecticut Libraries</mods:recordContentSource>
      <mods:recordCreationDate encoding="w3cdtf">2014-05-28-04:00</mods:recordCreationDate>
      <mods:languageOfCataloging>
         <mods:languageTerm authority="iso639-2b" type="code">eng</mods:languageTerm>
      </mods:languageOfCataloging>
      <mods:recordOrigin>This MODS record was migrated from CHO's CONTENTdm. The object had the following CONTENTdm reference URL: http://images.lib.uconn.edu:81/u?/cho,8021 and CONTENTdm file name: 7927.jp2</mods:recordOrigin>
   </mods:recordInfo>
<identifier xmlns="http://www.loc.gov/mods/v3" type="hdl">http://hdl.handle.net/11134/20002:199708544</identifier></mods:mods></metadata></record><record><header><identifier>oai:drupal-site.org:20004_1095</identifier><datestamp>2016-03-18T23:40:59Z</datestamp><setSpec>20004_19970129BODMtg</setSpec></header><metadata><mods:mods xmlns:mods="http://www.loc.gov/mods/v3" xmlns="http://www.loc.gov/mods/v3" xmlns:xsi="http://www.w3.org/2001/XMLSchema-instance" xmlns:xlink="http://www.w3.org/1999/xlink">
    <mods:titleInfo>
    <mods:title>2012-09-10 Meeting Agenda</mods:title>
  </mods:titleInfo>
  <mods:name type="corporate" authority="naf" valueURI="https://lccn.loc.gov/n79089278">
    <mods:namePart>University of Connecticut. Health Center.</mods:namePart>
    <mods:role>
      <mods:roleTerm type="text" authority="marcrelator">Creator</mods:roleTerm>
    </mods:role>
  </mods:name>
  <mods:typeOfResource>text</mods:typeOfResource>
  <mods:genre authority="aat" valueURI="300027426">agendas (administrative records)</mods:genre>
  <mods:originInfo>
    <mods:dateIssued encoding="w3cdtf" keyDate="yes">2012-09-10</mods:dateIssued>
  </mods:originInfo>
  <mods:physicalDescription>
    <mods:internetMediaType>application/pdf</mods:internetMediaType>
    <mods:digitalOrigin>reformatted digital</mods:digitalOrigin>
  </mods:physicalDescription>
  
  <mods:note type="ownership">Archives &amp; Special Collections at the Thomas J. Dodd Research Center, University of Connecticut Libraries</mods:note>
  <mods:note type="source note">University of Connecticut Health Center Records</mods:note>
  <mods:note type="source identifier">MSS 1997.0129</mods:note>
  <mods:subject>
    <mods:name type="corporate" authority="naf" valueURI="https://lccn.loc.gov/n79089278">
      <mods:namePart>University of Connecticut. Health Center.</mods:namePart>
    </mods:name>
  </mods:subject>
  <mods:identifier type="local">MSS 1997.0129</mods:identifier>
  <mods:accessCondition type="use and reproduction">This work is licensed under a Creative Commons Attribution-NonCommercial 4.0 International License, CC BY-NC.</mods:accessCondition>
  <mods:recordInfo>
    <mods:recordContentSource>University of Connecticut Libraries</mods:recordContentSource>
    <mods:languageOfCataloging>
      <mods:languageTerm type="code" authority="iso639-2b">eng</mods:languageTerm>
    </mods:languageOfCataloging>
  </mods:recordInfo>
<identifier type="hdl">http://hdl.handle.net/11134/20004:1095</identifier></mods:mods></metadata></record><record><header><identifier>oai:drupal-site.org:20002_860134170</identifier><datestamp>2016-03-28T12:46:24Z</datestamp><setSpec>20002_20060230AV</setSpec></header><metadata><mods:mods xmlns:mods="http://www.loc.gov/mods/v3" xmlns="http://www.loc.gov/mods/v3" xmlns:xsi="http://www.w3.org/2001/XMLSchema-instance" xmlns:xlink="http://www.w3.org/1999/xlink">
  <mods:titleInfo>
    <mods:title>Irish Folk Tune (Band III/Gallop)</mods:title>
  </mods:titleInfo>
  <mods:name type="personal" valueURI="https://lccn.loc.gov/n90663894">
    <mods:namePart>Barnett, Elise B. (Elise Braun)</mods:namePart>
    <mods:role>
      <mods:roleTerm type="text" authority="marcrelator">Creator</mods:roleTerm>
    </mods:role>
  </mods:name>
  <mods:name type="corporate" authority="naf" valueURI="https://lccn.loc.gov/n80113491">
    <mods:namePart>American Montessori Society</mods:namePart>
  </mods:name>
  <mods:typeOfResource>sound recording</mods:typeOfResource>
  <mods:genre authority="aat" valueURI="300028633">sound recordings</mods:genre>
  <mods:originInfo>
    <mods:place>
      <mods:placeTerm type="text">New York</mods:placeTerm>
    </mods:place>
    <mods:publisher>American Montessori Society</mods:publisher>
    <mods:dateIssued encoding="w3cdtf" keyDate="yes">1965</mods:dateIssued>
  </mods:originInfo>
  <mods:physicalDescription>
    <mods:internetMediaType>audio/wav</mods:internetMediaType>
    <mods:digitalOrigin>reformatted digital</mods:digitalOrigin>
  </mods:physicalDescription>
  <mods:note type="ownership">Archives &amp; Special Collections at the Thomas J. Dodd Research Center, University of Connecticut Libraries</mods:note>
  <mods:note type="source note">American Montessori Society Records</mods:note>
  <mods:note type="source identifier">MSS 2006.0230</mods:note>
  <mods:subject>
    <mods:topic valueURI="http://id.worldcat.org/fast/1025844">Montessori method of education</mods:topic>
    <mods:topic authority="fast" valueURI="http://id.worldcat.org/fast/929383">Folk music</mods:topic>
  </mods:subject>
  <mods:identifier type="local">MSS 2006.0230</mods:identifier>
  <mods:identifier type="local">2006-0230/SeriesXXII/SubseriesC/Box38_LP1/side1_track19</mods:identifier>
  <mods:accessCondition type="use and reproduction">This work is licensed under a Creative Commons Attribution-NonCommercial 4.0 International License, CC BY-NC.</mods:accessCondition>
  <mods:recordInfo>
    <mods:recordContentSource>University of Connecticut Libraries</mods:recordContentSource>
    <mods:languageOfCataloging>
      <mods:languageTerm type="code" authority="iso639-2b">eng</mods:languageTerm>
    </mods:languageOfCataloging>
  </mods:recordInfo>
 
<identifier type="hdl">http://hdl.handle.net/11134/20002:860134170</identifier></mods:mods></metadata></record><record><header><identifier>oai:drupal-site.org:20002_860113519</identifier><datestamp>2016-02-03T17:32:54Z</datestamp><setSpec>20002_19820005</setSpec></header><metadata><mods:mods xmlns:mods="http://www.loc.gov/mods/v3" xmlns="http://www.loc.gov/mods/v3" xmlns:xsi="http://www.w3.org/2001/XMLSchema-instance" xmlns:xlink="http://www.w3.org/1999/xlink">
  <mods:titleInfo>
    <mods:title>Otra guerra : el peligro amarillo y el Serajevo del Puente del Nonni</mods:title>
    <mods:nonSort>La</mods:nonSort>
  </mods:titleInfo>
  <mods:name type="personal" authority="naf" valueURI="https://lccn.loc.gov/n84149761">
    <mods:namePart>Pujals, Joaquín</mods:namePart>
    <mods:role>
      <mods:roleTerm type="text" authority="marcrelator">Creator</mods:roleTerm>
    </mods:role>
  </mods:name>
  <mods:typeOfResource>text</mods:typeOfResource>
  <mods:genre authority="aat" valueURI="300028051">books</mods:genre>
  <mods:originInfo>
    <mods:place>
      <mods:placeTerm type="text">San Juan, Puerto Rico</mods:placeTerm>
    </mods:place>
    <mods:publisher>[Impr. Venezuela]</mods:publisher>
    <mods:dateIssued encoding="w3cdtf" keyDate="yes">1935</mods:dateIssued>
  </mods:originInfo>
  <mods:physicalDescription>
    <mods:internetMediaType>image/jp2</mods:internetMediaType>
    <mods:digitalOrigin>reformatted digital</mods:digitalOrigin>
    <mods:note type="physical description">75 p. ; ports. ; 22 cm</mods:note>
  </mods:physicalDescription>
  <mods:note type="ownership">Archives &amp; Special Collections at the Thomas J. Dodd Research Center, University of Connecticut Libraries</mods:note>
  <mods:note>With this is bound the 1st edition of this title.</mods:note>
  <mods:subject>
    <mods:topic authority="fast" valueURI="http://id.worldcat.org/fast/1353799">Military relations</mods:topic>
    <mods:geographic authority="tgn" valueURI="7004643">Puerto Rico (dependent state)</mods:geographic>
    <mods:geographic authority="tgn" valueURI="1000120">Japan (nation)</mods:geographic>
    <mods:geographic authority="tgn" valueURI="1000111">China (nation)</mods:geographic>
    <mods:geographic authority="tgn" valueURI="7016767">Manchuria (general region)</mods:geographic>
  </mods:subject>
  <mods:identifier type="local">11304018</mods:identifier>
  <mods:identifier type="local">39153019695800</mods:identifier>
  <mods:identifier type="local">39153019696030</mods:identifier>
  <mods:identifier type="local">PRC 1004</mods:identifier>
  <mods:accessCondition type="use and reproduction">This work is licensed under a Creative Commons Attribution-NonCommercial 4.0 International License, CC BY-NC.</mods:accessCondition>
  <mods:accessCondition type="restrictions on access">The collection is open and available for research.</mods:accessCondition>
  <mods:recordInfo>
    <mods:recordContentSource>University of Connecticut Libraries</mods:recordContentSource>
    <mods:languageOfCataloging>
      <mods:languageTerm type="code" authority="iso639-2b">eng</mods:languageTerm>
    </mods:languageOfCataloging>
  </mods:recordInfo>
  
  <mods:note type="source note">Puerto Rican Collection</mods:note>
  <mods:note type="source identifier">MSS 1982.0005</mods:note>
<identifier type="hdl">http://hdl.handle.net/11134/20002:860113519</identifier></mods:mods></metadata></record><record><header><identifier>oai:drupal-site.org:20002_860126471</identifier><datestamp>2016-03-22T11:37:50Z</datestamp><setSpec>20002_Goldendays</setSpec></header><metadata><mods:mods xmlns:mods="http://www.loc.gov/mods/v3" xmlns="http://www.loc.gov/mods/v3" xmlns:xsi="http://www.w3.org/2001/XMLSchema-instance" xmlns:xlink="http://www.w3.org/1999/xlink">
  <mods:titleInfo>
    <mods:title>Golden days for boys and girls, 1886-03-06, v. VII #14</mods:title>
  </mods:titleInfo>
  <mods:typeOfResource>text</mods:typeOfResource>
  <mods:genre authority="aat" valueURI="300026657">periodicals</mods:genre>
  <mods:originInfo>
    <mods:place>
      <mods:placeTerm type="text">Philadelphia, Penn</mods:placeTerm>
    </mods:place>
    <mods:publisher>James Elverson, 1880-</mods:publisher>
    <mods:dateIssued encoding="w3cdtf" keyDate="yes">1886-03-06</mods:dateIssued>
  </mods:originInfo>
  <mods:physicalDescription>
    <mods:digitalOrigin>reformatted digital</mods:digitalOrigin>
    <mods:internetMediaType>image/jp2</mods:internetMediaType>
  </mods:physicalDescription>
  <mods:note type="ownership">Archives &amp; Special Collections at the Thomas J. Dodd Research Center, University of Connecticut Libraries</mods:note>
  <mods:subject>
    <mods:topic authority="fast" valueURI="http://id.worldcat.org/fast/1759351">Children's literature</mods:topic>
    <mods:topic authority="fast" valueURI="http://id.worldcat.org/fast/856186">Children's periodicals</mods:topic>
  </mods:subject>
  <mods:identifier type="local">868010272</mods:identifier>
  <mods:identifier type="local">997186613502432</mods:identifier>
  <mods:identifier type="local">39153019380619</mods:identifier>
  <mods:accessCondition type="use and reproduction">These Materials are provided for educational and research purposes only. The University of Connecticut Libraries hold the copyright except where noted. Permission must be obtained in writing from the University of Connecticut Libraries and/or the owner(s) of the copyright to publish reproductions or quotations beyond "fair use."</mods:accessCondition>
  <mods:accessCondition type="restrictions on access">The collection is open and available for research.</mods:accessCondition>
  <mods:recordInfo>
    <mods:recordContentSource>University of Connecticut Libraries</mods:recordContentSource>
    <mods:languageOfCataloging>
      <mods:languageTerm type="code" authority="iso639-2b">eng</mods:languageTerm>
    </mods:languageOfCataloging>
  </mods:recordInfo>
  
<identifier type="hdl">http://hdl.handle.net/11134/20002:860126471</identifier></mods:mods></metadata></record><record><header><identifier>oai:drupal-site.org:20002_860139457</identifier><datestamp>2016-11-15T18:09:48Z</datestamp><setSpec>20002_20130052Photo</setSpec></header><metadata><mods:mods xmlns:mods="http://www.loc.gov/mods/v3" xmlns="http://www.loc.gov/mods/v3" xmlns:xsi="http://www.w3.org/2001/XMLSchema-instance" xmlns:xlink="http://www.w3.org/1999/xlink" version="3.5" xsi:schemaLocation="http://www.loc.gov/mods/v3 http://www.loc.gov/standards/mods/v3/mods-3-5.xsd">
  <mods:titleInfo>
    <mods:title>Band jamming on stage</mods:title>
  </mods:titleInfo>
  <mods:identifier type="hdl">http://hdl.handle.net/11134/20002:860139457</mods:identifier>
  <mods:typeOfResource>still image</mods:typeOfResource>
  <mods:genre authority="aat" valueURI="300262956">musical performances</mods:genre>
  <mods:genre authority="aat" valueURI="300096200">performances (creative events)</mods:genre>
  <mods:physicalDescription>
    <mods:digitalOrigin>reformatted digital</mods:digitalOrigin>
  </mods:physicalDescription>
  <mods:abstract>Guitar player and lead singer interact with each other while performing on stage. Also, second guitar player is on stage but is turning his back to the audience and his band members.</mods:abstract>
  <mods:note type="ownership">Archives &amp; Special Collections at the Thomas J. Dodd Research Center, University of Connecticut Libraries</mods:note>
  <mods:subject>
    <mods:topic authority="fast" valueURI="http://id.worldcat.org/fast/1099204">Rock music</mods:topic>
    <mods:topic authority="fast" valueURI="http://id.worldcat.org/fast/826441">Band music--Performances</mods:topic>
  </mods:subject>
  <mods:accessCondition type="use and reproduction">This work is licensed under a Creative Commons Attribution-NonCommercial 4.0 International License, CC BY-NC.</mods:accessCondition>
  <mods:recordInfo>
    <mods:recordContentSource>University of Connecticut Libraries</mods:recordContentSource>
    <mods:languageOfCataloging>
      <mods:languageTerm type="code" authority="iso639-2b">eng</mods:languageTerm>
    </mods:languageOfCataloging>
  </mods:recordInfo>
</mods:mods></metadata></record><record><header><identifier>oai:drupal-site.org:20002_860235009</identifier><datestamp>2017-01-20T15:28:15Z</datestamp><setSpec>20002_MSS19880010</setSpec></header><metadata><mods:mods xmlns:mods="http://www.loc.gov/mods/v3" xmlns:xlink="http://www.w3.org/1999/xlink" xmlns:xsi="http://www.w3.org/2001/XMLSchema-instance">
   <mods:titleInfo>
      <mods:title>Economics Department</mods:title>
   </mods:titleInfo>
   <mods:name type="corporate" authority="lcnaf" valueURI="http://lccn.loc.gov/n79056688">
      <mods:namePart>University of Connecticut</mods:namePart>
      <mods:role>
         <mods:roleTerm authority="marcrelator" authorityURI="http://id.loc.gov/vocabulary/relators" valueURI="http://id.loc.gov/vocabulary/relators/col" type="text">Collector</mods:roleTerm>
      </mods:role>
   </mods:name>
   <mods:typeOfResource>still image</mods:typeOfResource>
   <mods:genre authority="aat" valueURI="">negatives (photographic)</mods:genre>
   <mods:originInfo>
      <mods:dateIssued encoding="w3cdtf" keyDate="yes">1987-11-20</mods:dateIssued>
   </mods:originInfo>
   <mods:physicalDescription>
      <mods:digitalOrigin>reformatted digital</mods:digitalOrigin>
   </mods:physicalDescription>
   <mods:note type="ownership">Archives &amp; Special Collections at the Thomas J. Dodd Research Center, University of Connecticut Libraries</mods:note>
   <mods:subject>
      <mods:topic authority="fast" valueURI="http://id.worldcat.org/fast/867976">College students</mods:topic>
   </mods:subject>
   <mods:subject>
      <mods:topic authority="fast" valueURI="http://id.worldcat.org/fast/1161748">Universities and colleges--Faculty</mods:topic>
   </mods:subject>
   <mods:subject>
      <mods:name type="corporate" authority="lcnaf" valueURI="https://lccn.loc.gov/n92082897">
         <mods:namePart>University of Connecticut. Department of Economics</mods:namePart>
      </mods:name>
   </mods:subject>
   <mods:subject>
      <mods:cartographics>
         <mods:coordinates>41.8000,-72.2500</mods:coordinates>
      </mods:cartographics>
   </mods:subject>
   <mods:identifier type="local">1988-0010/RG3/Box 262/64334</mods:identifier>
   <mods:identifier type="local">MSS 1988.0010RG3</mods:identifier>
   <mods:identifier>39153019709023</mods:identifier>
   <mods:identifier type="local"/>
   <mods:identifier type="local">39153019709023_0548</mods:identifier>
   <mods:accessCondition type="use and reproduction">This work is licensed under a Creative Commons Attribution-NonCommercial 4.0 International License, CC BY-NC.</mods:accessCondition>
   <mods:recordInfo>
      <mods:recordContentSource>University of Connecticut Libraries</mods:recordContentSource>
      <mods:recordCreationDate encoding="w3cdtf">2016-12-29-05:00</mods:recordCreationDate>
      <mods:languageOfCataloging>
         <mods:languageTerm authority="iso639-2b" type="code">eng</mods:languageTerm>
      </mods:languageOfCataloging>
      <mods:recordOrigin>This record was created using the spreadsheet workflow.</mods:recordOrigin>
   </mods:recordInfo>
<identifier xmlns="http://www.loc.gov/mods/v3" type="hdl">http://hdl.handle.net/11134/20002:860235009</identifier></mods:mods></metadata></record><record><header><identifier>oai:drupal-site.org:20002_859935123</identifier><datestamp>2016-11-13T21:26:26Z</datestamp><setSpec>20002_20130108</setSpec></header><metadata><mods:mods xmlns:mods="http://www.loc.gov/mods/v3" xmlns="http://www.loc.gov/mods/v3" xmlns:xsi="http://www.w3.org/2001/XMLSchema-instance" xmlns:xlink="http://www.w3.org/1999/xlink" version="3.5" xsi:schemaLocation="http://www.loc.gov/mods/v3 http://www.loc.gov/standards/mods/v3/mods-3-5.xsd">
  <mods:titleInfo>
    <mods:title>Old Lyme and Oswegatchie trolleys</mods:title>
  </mods:titleInfo>
  <mods:typeOfResource>mixed material</mods:typeOfResource>
  <mods:genre valueURI="300026690">albums (books)</mods:genre>
  <mods:genre authority="aat" valueURI="300127104">photographic prints</mods:genre>
  <mods:originInfo>
    <mods:dateIssued encoding="w3cdtf" keyDate="yes" qualifier="approximate">1915</mods:dateIssued>
  </mods:originInfo>
  <mods:physicalDescription>
    <mods:extent unit="Linear feet">1.5</mods:extent>
    <mods:digitalOrigin>reformatted digital</mods:digitalOrigin>
    <mods:internetMediaType>image/jp2</mods:internetMediaType>
  </mods:physicalDescription>
  <mods:abstract>Photographs of trolleys from the Old Lyme and New London divisions of the Connecticut Company and the New London-East Lyme Street Railway Company. Top left image: trolley car #13 and the first car in "Old Lyme" clearing track. Top right image: barn and trolley in Oswegatchie, Conn. Bottom left image: trolley car #324 at Waterford Switch circa 1915. Bottom right image: trestle near the Oswegatchie cove, children playing in the nearby river.</mods:abstract>
  <mods:note type="ownership">Archives &amp; Special Collections at the Thomas J. Dodd Research Center, University of Connecticut Libraries</mods:note>
  <mods:note type="acquisition">The album was acquired in September 2013.</mods:note>
  <mods:subject>
    <mods:topic authority="fast" valueURI="http://id.worldcat.org/fast/1134731">Street-railroads</mods:topic>
    <mods:topic authority="fast" valueURI="http://id.worldcat.org/fast/1157316">Trolley cars</mods:topic>
    <mods:geographic authority="tgn" valueURI="7007159">Connecticut (state)</mods:geographic>
    <mods:geographic authority="tgn" valueURI="1128192">Oswegatchie (river)</mods:geographic>
    <mods:geographic authority="tgn" valueURI="2017283">Oswegatchie (inhabited place)</mods:geographic>
    <mods:geographic authority="tgn" valueURI="7014283">Old Lyme (inhabited place)</mods:geographic>
    <mods:topic authority="fast" valueURI="http://id.worldcat.org/fast/1156226">Trestles</mods:topic>
    <mods:geographic authority="tgn" valueURI="7014213">New London (inhabited place)</mods:geographic>
    <mods:geographic authority="tgn" valueURI="7020540">East Lyme (inhabited place)</mods:geographic>
    <mods:geographic authority="tgn" valueURI="2017534">Waterford (inhabited place)</mods:geographic>
  </mods:subject>
  <mods:identifier type="uri">http://doddcenter.uconn.edu/asc/findaids/csrr/MSS20130108.html</mods:identifier>
  <mods:accessCondition type="use and reproduction">This work is licensed under a Creative Commons Attribution-NonCommercial 4.0 International License, CC BY-NC.</mods:accessCondition>
  <mods:accessCondition type="restrictions on access">The collection is open and available for research.</mods:accessCondition>
  <mods:recordInfo>
    <mods:recordContentSource>University of Connecticut Libraries</mods:recordContentSource>
    <mods:languageOfCataloging>
      <mods:languageTerm type="code" authority="iso639-2b">eng</mods:languageTerm>
    </mods:languageOfCataloging>
  </mods:recordInfo>
  <identifier type="hdl">http://hdl.handle.net/11134/20002:859935123</identifier>
</mods:mods></metadata></record><record><header><identifier>oai:drupal-site.org:20002_860065459</identifier><datestamp>2015-06-30T15:57:00Z</datestamp><setSpec>20002_ConnecticutValMaps</setSpec></header><metadata><mods:mods xmlns:mods="http://www.loc.gov/mods/v3" xmlns:xlink="http://www.w3.org/1999/xlink" xmlns:xsi="http://www.w3.org/2001/XMLSchema-instance">
   <mods:titleInfo>
      <mods:title>New Haven, Connecticut</mods:title>
   </mods:titleInfo>
   <mods:name type="corporate" authority="naf" valueURI="http://id.loc.gov/authorities/names/n86134559">
      <mods:namePart>New York, New Haven, and Hartford Railroad Company</mods:namePart>
      <mods:role>
         <mods:roleTerm authority="marcrelator" authorityURI="http://id.loc.gov/vocabulary/relators" valueURI="http://id.loc.gov/vocabulary/relators/cre" type="text">Creator</mods:roleTerm>
      </mods:role>
   </mods:name>
   <mods:typeOfResource>cartographic</mods:typeOfResource>
   <mods:genre authority="aat" valueURI="300028094">maps (documents)</mods:genre>
   <mods:genre authority="aat" valueURI="300264387">images (object genre)</mods:genre>
   <mods:originInfo>
      <mods:dateIssued encoding="w3cdtf" keyDate="yes">1915-06-30</mods:dateIssued>
   </mods:originInfo>
   <mods:physicalDescription>
      <mods:internetMediaType>image/jp2</mods:internetMediaType>
      <mods:digitalOrigin>reformatted digital</mods:digitalOrigin>
      <mods:note type="physical description">Source extent: 1 map ; 142 x 61 cm 1 map ; 142 x 61 cm</mods:note>
   </mods:physicalDescription>
   <mods:abstract>Right of way and track map, the New York, New Haven and Hartford R.R. Co. ... from New Haven to Springfield, station 0+0 to station 15+0, city of New Haven, state of Conn.</mods:abstract>
   <mods:targetAudience>CHO</mods:targetAudience>
   <mods:targetAudience>GEO</mods:targetAudience>
   <mods:note type="ownership">Archives &amp; Special Collections at the Thomas J. Dodd Research Center, University of Connecticut Libraries</mods:note>
   <mods:note type="source note">New York, New Haven, and Hartford Railroad Company Valuation Maps Collection</mods:note>
   <mods:note>Bounding box coordinates recorded as S, W, N, E</mods:note>
   <mods:subject>
      <mods:topic>Railroads</mods:topic>
      <mods:geographic>New Haven Harbor (Conn.)</mods:geographic>
      <mods:geographic>Connecticut</mods:geographic>
      <mods:geographic>New Haven (Conn.)</mods:geographic>
      <mods:name type="corporate" authority="local">
         <mods:namePart>New Haven Steamship Company</mods:namePart>
      </mods:name>
      <mods:name type="corporate" authority="local">
         <mods:namePart>New Haven Steam Sawmill Company</mods:namePart>
      </mods:name>
      <mods:cartographics>
         <mods:coordinates>41.292776, -72.912933, 41.30835, -72.902798</mods:coordinates>
      </mods:cartographics>
   </mods:subject>
   <mods:identifier type="local">Roll no.: 175</mods:identifier>
   <mods:identifier type="local">Valuation no. 52.61, sheet S.L.1.A</mods:identifier>
   <mods:identifier type="local">Accession no. MSS1998-0378</mods:identifier>
   <mods:identifier type="local">uconn_asc_1998-0378_map_52_61_s_l_1a.tif</mods:identifier>
   <mods:accessCondition type="use and reproduction">These Materials are provided for educational and research purposes only. The University of Connecticut Libraries hold the copyright except where noted. Permission must be obtained in writing from the University of Connecticut Libraries and/or the owner(s) of the copyright to publish reproductions or quotations beyond "fair use."</mods:accessCondition>
   <mods:accessCondition type="restrictions on access">The collection is open and available for research.</mods:accessCondition>
   <mods:extension xmlns:fgdc="http://www.fgdc.gov/schemas/metadata/fgdc-std-001-1998.xsd">
      <fgdc:metadata>
         <fgdc:idinfo>
            <fgdc:spdom>
               <fgdc:bounding>
                  <fgdc:westbc>-72.912933</fgdc:westbc>
                  <fgdc:eastbc>-72.902798</fgdc:eastbc>
                  <fgdc:northbc>41.30835</fgdc:northbc>
                  <fgdc:southbc>41.292776</fgdc:southbc>
               </fgdc:bounding>
            </fgdc:spdom>
         </fgdc:idinfo>
      </fgdc:metadata>
   </mods:extension>
   <mods:recordInfo>
      <mods:recordContentSource>University of Connecticut Libraries</mods:recordContentSource>
      <mods:recordCreationDate encoding="w3cdtf">2015-04-07-04:00</mods:recordCreationDate>
      <mods:languageOfCataloging>
         <mods:languageTerm authority="iso639-2b" type="code">eng</mods:languageTerm>
      </mods:languageOfCataloging>
      <mods:recordOrigin>This MODS record was migrated from University of Connecticut Libraries Archives and Special Collections CONTENTdm site. . Other information: elena; reviewed by banderson</mods:recordOrigin>
   </mods:recordInfo>
<identifier xmlns="http://www.loc.gov/mods/v3" type="hdl">http://hdl.handle.net/11134/20002:860065459</identifier></mods:mods></metadata></record><record><header><identifier>oai:drupal-site.org:20004_228</identifier><datestamp>2016-03-14T16:50:59Z</datestamp><setSpec>20004_19970197BODAA</setSpec></header><metadata><mods:mods xmlns:mods="http://www.loc.gov/mods/v3" xmlns="http://www.loc.gov/mods/v3" xmlns:xsi="http://www.w3.org/2001/XMLSchema-instance" xmlns:xlink="http://www.w3.org/1999/xlink">
  <mods:titleInfo>
    <mods:title>2005-11-07 Meeting Minutes</mods:title>
  </mods:titleInfo>
  <mods:name type="corporate" authority="naf" valueURI="https://lccn.loc.gov/n79089278">
    <mods:namePart>University of Connecticut. Health Center.</mods:namePart>
    <mods:role>
      <mods:roleTerm type="text" authority="marcrelator">Creator</mods:roleTerm>
    </mods:role>
  </mods:name>
  <mods:typeOfResource>text</mods:typeOfResource>
  <mods:genre authority="aat" valueURI="300027440">minutes (administrative records)</mods:genre>
  <mods:originInfo>
    <mods:dateIssued encoding="w3cdtf" keyDate="yes">2005-11-07</mods:dateIssued>
  </mods:originInfo>
  <mods:physicalDescription>
    <mods:internetMediaType>application/pdf</mods:internetMediaType>
    <mods:digitalOrigin>reformatted digital</mods:digitalOrigin>
  </mods:physicalDescription>
  <mods:note type="ownership">Archives &amp; Special Collections at the Thomas J. Dodd Research Center, University of Connecticut Libraries</mods:note>
  <mods:note type="source note">University of Connecticut Health Center Records</mods:note>
  <mods:note type="source identifier">MSS 1997.0129</mods:note>
  <mods:subject>
    <mods:name type="corporate" authority="naf" valueURI="https://lccn.loc.gov/n79089278">
      <mods:namePart>University of Connecticut. Health Center.</mods:namePart>
    </mods:name>
  </mods:subject>
  <mods:identifier type="local">MSS 1997.0129</mods:identifier>
  <mods:accessCondition type="use and reproduction">This work is licensed under a Creative Commons Attribution-NonCommercial 4.0 International License, CC BY-NC.</mods:accessCondition>
  <mods:recordInfo>
    <mods:recordContentSource>University of Connecticut Libraries</mods:recordContentSource>
    <mods:languageOfCataloging>
      <mods:languageTerm type="code" authority="iso639-2b">eng</mods:languageTerm>
    </mods:languageOfCataloging>
  </mods:recordInfo>
  
<identifier type="hdl">http://hdl.handle.net/11134/20004:228</identifier></mods:mods></metadata></record><record><header><identifier>oai:drupal-site.org:20002_860202763</identifier><datestamp>2016-10-05T15:23:55Z</datestamp><setSpec>20002_20060251</setSpec></header><metadata><mods:mods xmlns:mods="http://www.loc.gov/mods/v3" xmlns:xlink="http://www.w3.org/1999/xlink" xmlns:xsi="http://www.w3.org/2001/XMLSchema-instance">
   <mods:titleInfo>
      <mods:title>Missouri Pacific Railroad,Illinois Central Railroad and Southern Pacific Railroad diesels in New Orleans,Louisiana,1963 April 37</mods:title>
   </mods:titleInfo>
   <mods:name type="personal" authority="lcnaf" valueURI="https://lccn.loc.gov/n88177242">
      <mods:namePart>Swanberg, J. W. (Jack W.), 1939-</mods:namePart>
      <mods:role>
         <mods:roleTerm authority="marcrelator" authorityURI="http://id.loc.gov/vocabulary/relators" valueURI="http://id.loc.gov/vocabulary/relators/cre" type="text">Creator</mods:roleTerm>
      </mods:role>
   </mods:name>
   <mods:typeOfResource>still image</mods:typeOfResource>
   <mods:genre authority="aat" valueURI="300127173">negatives (photographs)</mods:genre>
   <mods:originInfo>
      <mods:dateIssued encoding="w3cdtf" keyDate="yes">1963-04-30</mods:dateIssued>
   </mods:originInfo>
   <mods:physicalDescription>
      <mods:digitalOrigin>reformatted digital</mods:digitalOrigin>
   </mods:physicalDescription>
   <mods:abstract>GM E-8s, GP9s, ALCO PA and Illinois Central observation car</mods:abstract>
   <mods:note type="ownership">Archives &amp; Special Collections at the Thomas J. Dodd Research Center, University of Connecticut Libraries</mods:note>
   <mods:subject>
      <mods:topic authority="fast" valueURI="http://id.worldcat.org/fast/1088711">Railroads</mods:topic>
   </mods:subject>
   <mods:subject>
      <mods:topic authority="fast" valueURI="http://id.worldcat.org/fast/893178">Diesel locomotives</mods:topic>
   </mods:subject>
   <mods:subject>
      <mods:name type="corporate" authority="lcnaf" valueURI="https://lccn.loc.gov/n50000516">
         <mods:namePart>Illinois Central Railroad Company</mods:namePart>
      </mods:name>
   </mods:subject>
   <mods:subject>
      <mods:name type="corporate" authority="lcnaf" valueURI="https://lccn.loc.gov/n79093093">
         <mods:namePart>Missouri Pacific Railroad Company</mods:namePart>
      </mods:name>
   </mods:subject>
   <mods:subject>
      <mods:cartographics>
         <mods:coordinates>29.9500, -90.0667

</mods:coordinates>
      </mods:cartographics>
   </mods:subject>
   <mods:identifier type="local">2006-0251/SeriesIII:Photo/SubseriesB:PhotoNegs/Box7/39153019763046_0272</mods:identifier>
   <mods:identifier type="local">PC-182</mods:identifier>
   <mods:identifier>MSS 2006.0251</mods:identifier>
   <mods:identifier type="local"/>
   <mods:identifier type="local">39153019763046_0273</mods:identifier>
   <mods:accessCondition type="use and reproduction">This work is licensed under a Creative Commons Attribution-NonCommercial 4.0 International License, CC BY-NC.</mods:accessCondition>
   <mods:recordInfo>
      <mods:recordContentSource>University of Connecticut Libraries</mods:recordContentSource>
      <mods:recordCreationDate encoding="w3cdtf">2016-09-16-04:00</mods:recordCreationDate>
      <mods:languageOfCataloging>
         <mods:languageTerm authority="iso639-2b" type="code">eng</mods:languageTerm>
      </mods:languageOfCataloging>
      <mods:recordOrigin>This record was created using the spreadsheet workflow.</mods:recordOrigin>
   </mods:recordInfo>
<identifier xmlns="http://www.loc.gov/mods/v3" type="hdl">http://hdl.handle.net/11134/20002:860202763</identifier></mods:mods></metadata></record><resumptionToken expirationDate="2017-03-09T16:55:46Z" completeListSize="34302" cursor="9620">1448692369</resumptionToken></ListRecords></OAI-PMH>

