<?xml version="1.0" encoding="UTF-8"?>
<OAI-PMH xmlns:xsi="http://www.w3.org/2001/XMLSchema-instance"  xsi:schemaLocation="http://www.loc.gov/mods/v3 http://www.loc.gov/standards/mods/v3/mods-3-5.xsd http://www.openarchives.org/OAI/2.0/ http://www.openarchives.org/OAI/2.0/OAI-PMH.xsd"  xmlns="http://www.openarchives.org/OAI/2.0/" xmlns:mods="http://www.loc.gov/mods/v3"><responseDate>2017-03-08T16:41:58Z</responseDate><request>http://archives.lib.uconn.edu/oai2</request><ListRecords><record><header><identifier>oai:drupal-site.org:20002_860134156</identifier><datestamp>2016-03-28T12:37:40Z</datestamp><setSpec>20002_20060230AV</setSpec></header><metadata><mods:mods xmlns:mods="http://www.loc.gov/mods/v3" xmlns="http://www.loc.gov/mods/v3" xmlns:xsi="http://www.w3.org/2001/XMLSchema-instance" xmlns:xlink="http://www.w3.org/1999/xlink">
  <mods:titleInfo>
    <mods:title>Jewish Folk Tune (Band I/March)</mods:title>
  </mods:titleInfo>
  <mods:name type="personal" valueURI="https://lccn.loc.gov/n90663894">
    <mods:namePart>Barnett, Elise B. (Elise Braun)</mods:namePart>
    <mods:role>
      <mods:roleTerm type="text" authority="marcrelator">Creator</mods:roleTerm>
    </mods:role>
  </mods:name>
  <mods:name type="corporate" authority="naf" valueURI="https://lccn.loc.gov/n80113491">
    <mods:namePart>American Montessori Society</mods:namePart>
  </mods:name>
  <mods:typeOfResource>sound recording</mods:typeOfResource>
  <mods:genre authority="aat" valueURI="300028633">sound recordings</mods:genre>
  <mods:originInfo>
    <mods:place>
      <mods:placeTerm type="text">New York</mods:placeTerm>
    </mods:place>
    <mods:publisher>American Montessori Society</mods:publisher>
    <mods:dateIssued encoding="w3cdtf" keyDate="yes">1965</mods:dateIssued>
  </mods:originInfo>
  <mods:physicalDescription>
    <mods:internetMediaType>audio/wav</mods:internetMediaType>
    <mods:digitalOrigin>reformatted digital</mods:digitalOrigin>
  </mods:physicalDescription>
  <mods:note type="ownership">Archives &amp; Special Collections at the Thomas J. Dodd Research Center, University of Connecticut Libraries</mods:note>
  <mods:note type="source note">American Montessori Society Records</mods:note>
  <mods:note type="source identifier">MSS 2006.0230</mods:note>
  <mods:subject>
    <mods:topic valueURI="http://id.worldcat.org/fast/1025844">Montessori method of education</mods:topic>
    <mods:topic authority="fast" valueURI="http://id.worldcat.org/fast/929383">Folk music</mods:topic>
  </mods:subject>
  <mods:identifier type="local">MSS 2006.0230</mods:identifier>
  <mods:identifier type="local">2006-0230/SeriesXXII/SubseriesC/Box38_LP1/side1_track5</mods:identifier>
  <mods:accessCondition type="use and reproduction">This work is licensed under a Creative Commons Attribution-NonCommercial 4.0 International License, CC BY-NC.</mods:accessCondition>
  <mods:recordInfo>
    <mods:recordContentSource>University of Connecticut Libraries</mods:recordContentSource>
    <mods:languageOfCataloging>
      <mods:languageTerm type="code" authority="iso639-2b">eng</mods:languageTerm>
    </mods:languageOfCataloging>
  </mods:recordInfo>
 
<identifier type="hdl">http://hdl.handle.net/11134/20002:860134156</identifier></mods:mods></metadata></record><record><header><identifier>oai:drupal-site.org:20002_860132062</identifier><datestamp>2016-05-12T18:29:25Z</datestamp><setSpec>20002_1990129SOMEdCoun</setSpec></header><metadata><mods:mods xmlns:mods="http://www.loc.gov/mods/v3" xmlns="http://www.loc.gov/mods/v3" xmlns:xsi="http://www.w3.org/2001/XMLSchema-instance" xmlns:xlink="http://www.w3.org/1999/xlink">
  <mods:titleInfo>
    <mods:title>2016-03-17 Meeting</mods:title>
  </mods:titleInfo>
  <mods:name type="corporate" authority="naf" valueURI="https://lccn.loc.gov/n87869579">
    <mods:namePart>University of Connecticut. School of Medicine</mods:namePart>
    <mods:role>
      <mods:roleTerm type="text" authority="marcrelator">Creator</mods:roleTerm>
    </mods:role>
  </mods:name>
  <mods:typeOfResource>still image</mods:typeOfResource>
  <mods:physicalDescription>
    <mods:digitalOrigin>born digital</mods:digitalOrigin>
  </mods:physicalDescription>
  <mods:note type="ownership">Archives &amp; Special Collections at the Thomas J. Dodd Research Center, University of Connecticut Libraries</mods:note>
  <mods:accessCondition type="use and reproduction">This work is licensed under a Creative Commons Attribution-NonCommercial 4.0 International License, CC BY-NC.</mods:accessCondition>
  <mods:recordInfo>
    <mods:recordContentSource>University of Connecticut Libraries</mods:recordContentSource>
    <mods:languageOfCataloging>
      <mods:languageTerm type="code" authority="iso639-2b">eng</mods:languageTerm>
    </mods:languageOfCataloging>
  </mods:recordInfo>
<identifier type="hdl">http://hdl.handle.net/11134/20002:860132062</identifier></mods:mods></metadata></record><record><header><identifier>oai:drupal-site.org:20002_860206075</identifier><datestamp>2016-10-13T14:56:35Z</datestamp><setSpec>20002_860191689</setSpec></header><metadata><mods:mods xmlns:mods="http://www.loc.gov/mods/v3" xmlns="http://www.loc.gov/mods/v3" xmlns:xsi="http://www.w3.org/2001/XMLSchema-instance" xmlns:xlink="http://www.w3.org/1999/xlink" version="3.5" xsi:schemaLocation="http://www.loc.gov/mods/v3 http://www.loc.gov/standards/mods/v3/mods-3-5.xsd">
  <mods:titleInfo>
    <mods:title>Connecticut Campus Volume 14, Number 23</mods:title>
  </mods:titleInfo>
  <mods:name type="personal">
    <mods:namePart>Rhinelander, Charlie K.</mods:namePart>
    <mods:role>
      <mods:roleTerm authority="marcrelator" type="text">Editor</mods:roleTerm>
    </mods:role>
  </mods:name>
  <mods:typeOfResource>text</mods:typeOfResource>
  <mods:genre authority="marcgt">Newspapers</mods:genre>
  <mods:originInfo>
    <mods:publisher>Connecticut Agricultural College</mods:publisher>
    <mods:place>
      <mods:placeTerm type="text">Storrs, CT</mods:placeTerm>
    </mods:place>
    <mods:dateIssued encoding="w3cdtf" keyDate="yes">1928-03-23</mods:dateIssued>
    <mods:issuance>serial</mods:issuance>
  </mods:originInfo>
  <mods:note type="ownership">Archives &amp; Special Collections at the Thomas J. Dodd Research Center, University of Connecticut Libraries</mods:note>
  <mods:accessCondition type="use and reproduction">This work is licensed under a Creative Commons Attribution-NonCommercial 4.0 International License, CC BY-NC.</mods:accessCondition>
  <mods:recordInfo>
    <mods:recordContentSource>University of Connecticut Libraries</mods:recordContentSource>
    <mods:languageOfCataloging>
      <mods:languageTerm type="code" authority="iso639-2b">eng</mods:languageTerm>
    </mods:languageOfCataloging>
  </mods:recordInfo>
  <identifier type="hdl">http://hdl.handle.net/11134/20002:860206075</identifier>
  <mods:recordInfo>
    <mods:recordContentSource>University of Connecticut Libraries</mods:recordContentSource>
    <mods:languageOfCataloging>
      <mods:languageTerm type="code" authority="iso639-2b">eng</mods:languageTerm>
    </mods:languageOfCataloging>
  </mods:recordInfo>
</mods:mods></metadata></record><record><header><identifier>oai:drupal-site.org:20002_860061067</identifier><datestamp>2015-09-01T14:20:57Z</datestamp><setSpec>20002_MSS19880010</setSpec></header><metadata><mods:mods xmlns:mods="http://www.loc.gov/mods/v3" xmlns="http://www.loc.gov/mods/v3" xmlns:xsi="http://www.w3.org/2001/XMLSchema-instance" xmlns:xlink="http://www.w3.org/1999/xlink">
  <mods:titleInfo>
    <mods:title>Alfalfa Day</mods:title>
  </mods:titleInfo>
  <mods:name type="personal" authority="naf" valueURI="http://lccn.loc.gov/n2009161601">
    <mods:namePart>Manter, Jerauld A., 1889-1990</mods:namePart>
    <mods:role>
      <mods:roleTerm type="text" authority="marcrelator">Creator</mods:roleTerm>
    </mods:role>
  </mods:name>
  <mods:typeOfResource>still image</mods:typeOfResource>
  <mods:physicalDescription>
    <mods:internetMediaType>image/jp2</mods:internetMediaType>
    <mods:digitalOrigin>reformatted digital</mods:digitalOrigin>
  </mods:physicalDescription>
  <mods:note type="ownership">Archives &amp; Special Collections at the Thomas J. Dodd Research Center, University of Connecticut Libraries</mods:note>
  <mods:note type="source note">Jerauld A. Manter Photograph Collection, University of Connecticut Photograph Collection</mods:note>
  <mods:note type="source identifier">1988-0010/RG4</mods:note>
  <mods:accessCondition type="use and reproduction">These Materials are provided for educational and research purposes only. The University of Connecticut Libraries hold the copyright except where noted. Permission must be obtained in writing from the University of Connecticut Libraries and/or the owner(s) of the copyright to publish reproductions or quotations beyond "fair use."</mods:accessCondition>
  <mods:recordInfo>
    <mods:recordContentSource>University of Connecticut Libraries</mods:recordContentSource>
    <mods:languageOfCataloging>
      <mods:languageTerm type="code" authority="iso639-2b">eng</mods:languageTerm>
    </mods:languageOfCataloging>
  </mods:recordInfo>
  <mods:targetAudience>CHO</mods:targetAudience>
  <mods:genre authority="aat" valueURI="300127173">negatives (photographic)</mods:genre>
  <mods:originInfo>
    <mods:dateIssued encoding="w3cdtf" keyDate="yes">1943</mods:dateIssued>
  </mods:originInfo>
  <mods:subject>
    <mods:topic authority="fast" authorityURI="http://id.worldcat.org/fast/804775">Alfalfa</mods:topic>
    <mods:topic authority="" authorityURI=""/>
    <mods:geographic authority="tgn" valueURI="7014549">Storrs (inhabited place)</mods:geographic>
    <mods:geographic authority="tgn" valueURI="7007159">Connecticut (state)</mods:geographic>
    <mods:name type="corporate" authority="naf" valueURI="http://lccn.loc.gov/n79056688">
      <mods:namePart>University of Connecticut</mods:namePart>
    </mods:name>
    <mods:name type="corporate" authority="naf" valueURI="http://lccn.loc.gov/n92059445">
      <mods:namePart>Connecticut State College</mods:namePart>
    </mods:name>
    <mods:name type="personal" valueURI="http://lccn.loc.gov/n2009161601">
      <mods:namePart>Manter, Jerauld A., 1889-1990</mods:namePart>
    </mods:name>
  </mods:subject>
  <mods:identifier type="local">1988-0010/RG4/Series1/Box 438:259</mods:identifier>
  <mods:identifier type="local">39153019688441</mods:identifier>
  <mods:accessCondition type="restrictions on access">The collection is open and available for research.</mods:accessCondition>
  
<identifier type="hdl">http://hdl.handle.net/11134/20002:860061067</identifier></mods:mods></metadata></record><record><header><identifier>oai:drupal-site.org:20002_860234906</identifier><datestamp>2017-01-20T14:12:07Z</datestamp><setSpec>20002_MSS19880010</setSpec></header><metadata><mods:mods xmlns:mods="http://www.loc.gov/mods/v3" xmlns:xlink="http://www.w3.org/1999/xlink" xmlns:xsi="http://www.w3.org/2001/XMLSchema-instance">
   <mods:titleInfo>
      <mods:title>Laborers International Union Endowment gift</mods:title>
   </mods:titleInfo>
   <mods:name type="corporate" authority="lcnaf" valueURI="http://lccn.loc.gov/n79056688">
      <mods:namePart>University of Connecticut</mods:namePart>
      <mods:role>
         <mods:roleTerm authority="marcrelator" authorityURI="http://id.loc.gov/vocabulary/relators" valueURI="http://id.loc.gov/vocabulary/relators/col" type="text">Collector</mods:roleTerm>
      </mods:role>
   </mods:name>
   <mods:typeOfResource>still image</mods:typeOfResource>
   <mods:genre authority="aat" valueURI="">negatives (photographic)</mods:genre>
   <mods:originInfo>
      <mods:dateIssued encoding="w3cdtf" keyDate="yes">1988-04-22</mods:dateIssued>
   </mods:originInfo>
   <mods:physicalDescription>
      <mods:digitalOrigin>reformatted digital</mods:digitalOrigin>
   </mods:physicalDescription>
   <mods:note type="ownership">Archives &amp; Special Collections at the Thomas J. Dodd Research Center, University of Connecticut Libraries</mods:note>
   <mods:subject>
      <mods:topic authority="fast" valueURI="http://id.worldcat.org/fast/909854">Endowments</mods:topic>
   </mods:subject>
   <mods:subject>
      <mods:name type="corporate" authority="local">
         <mods:namePart>University of Connecticut Foundation, Inc.</mods:namePart>
      </mods:name>
   </mods:subject>
   <mods:subject>
      <mods:cartographics>
         <mods:coordinates>41.8000,-72.2500</mods:coordinates>
      </mods:cartographics>
   </mods:subject>
   <mods:identifier type="local">1988-0010/RG3/Box 262/64693</mods:identifier>
   <mods:identifier type="local">MSS 1988.0010RG3</mods:identifier>
   <mods:identifier>39153019709023</mods:identifier>
   <mods:identifier type="local"/>
   <mods:identifier type="local">39153019709023_0480</mods:identifier>
   <mods:accessCondition type="use and reproduction">This work is licensed under a Creative Commons Attribution-NonCommercial 4.0 International License, CC BY-NC.</mods:accessCondition>
   <mods:recordInfo>
      <mods:recordContentSource>University of Connecticut Libraries</mods:recordContentSource>
      <mods:recordCreationDate encoding="w3cdtf">2016-12-29-05:00</mods:recordCreationDate>
      <mods:languageOfCataloging>
         <mods:languageTerm authority="iso639-2b" type="code">eng</mods:languageTerm>
      </mods:languageOfCataloging>
      <mods:recordOrigin>This record was created using the spreadsheet workflow.</mods:recordOrigin>
   </mods:recordInfo>
<identifier xmlns="http://www.loc.gov/mods/v3" type="hdl">http://hdl.handle.net/11134/20002:860234906</identifier></mods:mods></metadata></record><record><header><identifier>oai:drupal-site.org:20002_860069794</identifier><datestamp>2015-07-14T15:25:34Z</datestamp><setSpec>20002_19870007</setSpec></header><metadata><mods:mods xmlns:mods="http://www.loc.gov/mods/v3" xmlns="http://www.loc.gov/mods/v3" xmlns:xsi="http://www.w3.org/2001/XMLSchema-instance" xmlns:xlink="http://www.w3.org/1999/xlink">
  <mods:targetAudience>CHO</mods:targetAudience>
  <mods:titleInfo>
    <mods:title>University of Connecticut, Board of Trustees Agenda, 2006-11-14</mods:title>
  </mods:titleInfo>
  <mods:name type="corporate" authority="naf" valueURI="http://lccn.loc.gov/n92061977">
    <mods:namePart>University of Connecticut. Board of Trustees</mods:namePart>
    <mods:role>
      <mods:roleTerm type="text" authority="marcrelator">Creator</mods:roleTerm>
    </mods:role>
  </mods:name>
  <mods:typeOfResource>text</mods:typeOfResource>
  <mods:genre authority="aat" valueURI="300027426">agendas (administrative records)</mods:genre>
  <mods:originInfo>
    <mods:place>
      <mods:placeTerm type="text">Storrs</mods:placeTerm>
    </mods:place>
    <mods:publisher>University of Connecticut</mods:publisher>
    <mods:dateIssued encoding="w3cdtf" keyDate="yes">2006-11-14</mods:dateIssued>
  </mods:originInfo>
  <mods:physicalDescription>
    <mods:internetMediaType>image/jp2</mods:internetMediaType>
    <mods:digitalOrigin>reformatted digital</mods:digitalOrigin>
  </mods:physicalDescription>
  <mods:note type="ownership">Archives &amp; Special Collections at the Thomas J. Dodd Research Center, University of Connecticut Libraries</mods:note>
  <mods:note type="source note">University of Connecticut. Board of Trustees Records</mods:note>
  <mods:note type="source identifier">MSS 1987.0007</mods:note>
  <mods:subject>
    <mods:geographic authority="tgn" valueURI="7014549">Storrs (inhabited place)</mods:geographic>
    <mods:geographic authority="tgn" valueURI="7007159">Connecticut (state)</mods:geographic>
    <mods:name type="corporate" authority="naf" valueURI="http://lccn.loc.gov/n92061977">
      <mods:namePart>University of Connecticut. Board of Trustees</mods:namePart>
    </mods:name>
  </mods:subject>
  <mods:identifier type="local">MSS 1987.0007</mods:identifier>
  <mods:accessCondition type="use and reproduction">These Materials are provided for educational and research purposes only. The University of Connecticut Libraries hold the copyright except where noted. Permission must be obtained in writing from the University of Connecticut Libraries and/or the owner(s) of the copyright to publish reproductions or quotations beyond "fair use."</mods:accessCondition>
  <mods:accessCondition type="restrictions on access">The collection is open and available for research.</mods:accessCondition>
  <mods:recordInfo>
    <mods:recordContentSource>University of Connecticut Libraries</mods:recordContentSource>
    <mods:languageOfCataloging>
      <mods:languageTerm type="code" authority="iso639-2b">eng</mods:languageTerm>
    </mods:languageOfCataloging>
  </mods:recordInfo>
<identifier type="hdl">http://hdl.handle.net/11134/20002:860069794</identifier></mods:mods></metadata></record><record><header><identifier>oai:drupal-site.org:20002_860228665</identifier><datestamp>2016-12-12T17:05:12Z</datestamp><setSpec>20002_860169623</setSpec></header><metadata><mods:mods xmlns:mods="http://www.loc.gov/mods/v3" xmlns="http://www.loc.gov/mods/v3" xmlns:xsi="http://www.w3.org/2001/XMLSchema-instance" xmlns:xlink="http://www.w3.org/1999/xlink">
  <mods:titleInfo>
    <mods:title>Connecticut Daily Campus, Volume 116, Number 73</mods:title>
  </mods:titleInfo>
  <mods:name type="personal">
    <mods:namePart>Archambault, Les</mods:namePart>
    <mods:role>
      <mods:roleTerm authority="marcrelator" type="text">Editor</mods:roleTerm>
    </mods:role>
  </mods:name>
  <mods:typeOfResource>text</mods:typeOfResource>
  <mods:genre authority="aat" valueURI="300026656">newspapers</mods:genre>
  <abstract>Misnumbered, should be Number 76.</abstract>
  <mods:originInfo>
    <mods:publisher>University of Connecticut</mods:publisher>
    <mods:place>
      <mods:placeTerm type="text">Storrs, CT</mods:placeTerm>
    </mods:place>
    <mods:dateIssued encoding="w3cdtf" keyDate="yes">1962-02-15</mods:dateIssued>
    <mods:issuance>serial</mods:issuance>
  </mods:originInfo>
  <mods:accessCondition type="use and reproduction">This work is licensed under a Creative Commons Attribution-NonCommercial 4.0 International License, CC BY-NC.</mods:accessCondition>
  <mods:recordInfo>
    <mods:recordContentSource>University of Connecticut Libraries</mods:recordContentSource>
    <mods:languageOfCataloging>
      <mods:languageTerm type="code" authority="iso639-2b">eng</mods:languageTerm>
    </mods:languageOfCataloging>
  </mods:recordInfo>
<identifier type="hdl">http://hdl.handle.net/11134/20002:860228665</identifier></mods:mods></metadata></record><record><header><identifier>oai:drupal-site.org:20002_860029407</identifier><datestamp>2016-05-31T19:33:58Z</datestamp><setSpec>20002_MSS19880010</setSpec></header><metadata><mods:mods xmlns:mods="http://www.loc.gov/mods/v3" xmlns="http://www.loc.gov/mods/v3" xmlns:xsi="http://www.w3.org/2001/XMLSchema-instance" xmlns:xlink="http://www.w3.org/1999/xlink" version="3.5" xsi:schemaLocation="http://www.loc.gov/mods/v3 http://www.loc.gov/standards/mods/v3/mods-3-5.xsd">
  <mods:titleInfo>
    <mods:title>Football Game</mods:title>
  </mods:titleInfo>
  <mods:name type="personal" authority="naf" valueURI="http://lccn.loc.gov/n2009161601">
    <mods:namePart>Manter, Jerauld A., 1889-1990</mods:namePart>
    <mods:role>
      <mods:roleTerm type="text" authority="marcrelator">Creator</mods:roleTerm>
    </mods:role>
  </mods:name>
  <mods:typeOfResource>still image</mods:typeOfResource>
  <mods:physicalDescription>
    <mods:internetMediaType>image/jp2</mods:internetMediaType>
    <mods:digitalOrigin>reformatted digital</mods:digitalOrigin>
    <mods:form>black and white</mods:form>
  </mods:physicalDescription>
  <mods:note type="ownership">Archives &amp; Special Collections at the Thomas J. Dodd Research Center, University of Connecticut Libraries</mods:note>
  <mods:note type="source note">Jerauld A. Manter Photograph Collection, University of Connecticut Photograph Collection</mods:note>
  <mods:note type="source identifier">1988-0010/RG4</mods:note>
  <mods:accessCondition type="use and reproduction">This work is licensed under a Creative Commons Attribution-NonCommercial 4.0 International License, CC BY-NC.</mods:accessCondition>
  <mods:recordInfo>
    <mods:recordContentSource>University of Connecticut Libraries</mods:recordContentSource>
    <mods:languageOfCataloging>
      <mods:languageTerm type="code" authority="iso639-2b">eng</mods:languageTerm>
    </mods:languageOfCataloging>
  </mods:recordInfo>
  <mods:targetAudience>CHO</mods:targetAudience>
  <mods:genre authority="aat" valueURI="300127173">negatives (photographic)</mods:genre>
  <mods:subject>
    <mods:topic authority="fast" authorityURI="http://id.worldcat.org/fast/931362" valueURI="http://id.worldcat.org/fast/931362">Football</mods:topic>
    <mods:geographic authority="tgn" valueURI="7014549">Storrs (inhabited place)</mods:geographic>
    <mods:geographic authority="tgn" valueURI="7007159">Connecticut (state)</mods:geographic>
    <mods:name type="corporate" authority="naf" valueURI="http://lccn.loc.gov/n79056688">
      <mods:namePart>University of Connecticut</mods:namePart>
    </mods:name>
    <mods:name type="corporate" authority="naf" valueURI="http://lccn.loc.gov/n92059445">
      <mods:namePart>Connecticut State College</mods:namePart>
    </mods:name>
    <mods:name type="personal" authority="naf" valueURI="http://lccn.loc.gov/n2009161601">
      <mods:namePart>Manter, Jerauld A., 1889-1990</mods:namePart>
    </mods:name>
    <mods:cartographics>
      <mods:coordinates>41.8000, -72.2500</mods:coordinates>
    </mods:cartographics>
  </mods:subject>
  <mods:identifier type="local">1988-0010/RG4/Series1/Box436:39</mods:identifier>
  <mods:identifier type="local">39153019683715</mods:identifier>
  <mods:accessCondition type="restrictions on access">The collection is open and available for research.</mods:accessCondition>
  <identifier type="hdl">http://hdl.handle.net/11134/20002:860029407</identifier>
  <mods:abstract>Football game between the University of Connecticut and an unidentified opponent. One team is on the field, stretching and warming up before the game. Spectators are filing into the stands and bleachers. On the side of the field closest, two men in white sweaters with "C"s either printed or stitched on, and one woman in a dark dress and white blazer, appear to be part of the cheerleading team or pep squad.</mods:abstract>
</mods:mods></metadata></record><record><header><identifier>oai:drupal-site.org:20002_860139858</identifier><datestamp>2016-11-16T15:22:46Z</datestamp><setSpec>20002_20130052Photo</setSpec></header><metadata><mods:mods xmlns:mods="http://www.loc.gov/mods/v3" xmlns="http://www.loc.gov/mods/v3" xmlns:xsi="http://www.w3.org/2001/XMLSchema-instance" xmlns:xlink="http://www.w3.org/1999/xlink" version="3.5" xsi:schemaLocation="http://www.loc.gov/mods/v3 http://www.loc.gov/standards/mods/v3/mods-3-5.xsd">
  <mods:titleInfo>
    <mods:title>Singer on the floor</mods:title>
  </mods:titleInfo>
  <mods:identifier type="hdl">http://hdl.handle.net/11134/20002:860139858</mods:identifier>
  <mods:typeOfResource>still image</mods:typeOfResource>
  <mods:genre authority="aat" valueURI="300262956">musical performances</mods:genre>
  <mods:genre authority="aat" valueURI="300069210">concerts</mods:genre>
  <mods:physicalDescription>
    <mods:digitalOrigin>reformatted digital</mods:digitalOrigin>
  </mods:physicalDescription>
  <mods:note type="ownership">Archives &amp; Special Collections at the Thomas J. Dodd Research Center, University of Connecticut Libraries</mods:note>
  <mods:subject>
    <mods:topic authority="fast" valueURI="http://id.worldcat.org/fast/1084153">Punk rock music</mods:topic>
    <mods:geographic authority="tgn" valueURI="7007159">Connecticut (state)</mods:geographic>
  </mods:subject>
  <mods:accessCondition type="use and reproduction">This work is licensed under a Creative Commons Attribution-NonCommercial 4.0 International License, CC BY-NC.</mods:accessCondition>
  <mods:recordInfo>
    <mods:recordContentSource>University of Connecticut Libraries</mods:recordContentSource>
    <mods:languageOfCataloging>
      <mods:languageTerm type="code" authority="iso639-2b">eng</mods:languageTerm>
    </mods:languageOfCataloging>
  </mods:recordInfo>
</mods:mods></metadata></record><record><header><identifier>oai:drupal-site.org:20002_860020015</identifier><datestamp>2015-09-01T14:20:55Z</datestamp><setSpec>20002_MSS19880010</setSpec></header><metadata><mods:mods xmlns:mods="http://www.loc.gov/mods/v3" xmlns="http://www.loc.gov/mods/v3" xmlns:xsi="http://www.w3.org/2001/XMLSchema-instance" xmlns:xlink="http://www.w3.org/1999/xlink" version="3.5" xsi:schemaLocation="http://www.loc.gov/mods/v3 http://www.loc.gov/standards/mods/v3/mods-3-5.xsd">
  <mods:titleInfo>
    <mods:title>Tour of Victory Gardens with Governer Raymond E. Baldwin</mods:title>
  </mods:titleInfo>
  <mods:name type="personal" authority="naf" valueURI="http://lccn.loc.gov/n2009161601">
    <mods:namePart>Manter, Jerauld A., 1889-1990</mods:namePart>
    <mods:role>
      <mods:roleTerm type="text" authority="marcrelator">Creator</mods:roleTerm>
    </mods:role>
  </mods:name>
  <mods:typeOfResource>still image</mods:typeOfResource>
  <mods:physicalDescription>
    <mods:internetMediaType>image/jp2</mods:internetMediaType>
    <mods:digitalOrigin>reformatted digital</mods:digitalOrigin>
  </mods:physicalDescription>
  <mods:note type="ownership">Archives &amp; Special Collections at the Thomas J. Dodd Research Center, University of Connecticut Libraries</mods:note>
  <mods:note type="source note">Jerauld A. Manter Photograph Collection, University of Connecticut Photograph Collection</mods:note>
  <mods:note type="source identifier">1988-0010/RG4</mods:note>
  <mods:accessCondition type="use and reproduction">These Materials are provided for educational and research purposes only. The University of Connecticut Libraries hold the copyright except where noted. Permission must be obtained in writing from the University of Connecticut Libraries and/or the owner(s) of the copyright to publish reproductions or quotations beyond "fair use."</mods:accessCondition>
  <mods:recordInfo>
    <mods:recordContentSource>University of Connecticut Libraries</mods:recordContentSource>
    <mods:languageOfCataloging>
      <mods:languageTerm type="code" authority="iso639-2b">eng</mods:languageTerm>
    </mods:languageOfCataloging>
  </mods:recordInfo>
  <mods:targetAudience>CHO</mods:targetAudience>
  <mods:genre authority="aat" valueURI="300127173">negatives (photographic)</mods:genre>
  <mods:originInfo>
    <mods:dateIssued encoding="w3cdtf" keyDate="yes">1943</mods:dateIssued>
  </mods:originInfo>
  <mods:subject>
    <mods:topic authority="fast" valueURI="http://id.worldcat.org/fast/1166378">Victory gardens</mods:topic>
    <mods:geographic authority="tgn" valueURI="7014549">Storrs (inhabited place)</mods:geographic>
    <mods:geographic authority="tgn" valueURI="7007159">Connecticut (state)</mods:geographic>
    <mods:name type="corporate" authority="naf" valueURI="http://lccn.loc.gov/n79056688">
      <mods:namePart>University of Connecticut</mods:namePart>
    </mods:name>
    <mods:name type="personal" valueURI="http://lccn.loc.gov/n2009161601">
      <mods:namePart>Manter, Jerauld A., 1889-1990</mods:namePart>
    </mods:name>
    <mods:name type="personal" authority="naf" valueURI="http://lccn.loc.gov/n93022476">
      <mods:namePart>Baldwin, Raymond E. (Raymond Earl), 1893-1986</mods:namePart>
    </mods:name>
  </mods:subject>
  <mods:identifier type="local">1988-0010/RG4/Series1/Box438:206</mods:identifier>
  <mods:identifier type="local">39153019687989</mods:identifier>
  <mods:accessCondition type="restrictions on access">The collection is open and available for research.</mods:accessCondition>
  <identifier type="hdl">http://hdl.handle.net/11134/20002:860020015</identifier>
</mods:mods></metadata></record><record><header><identifier>oai:drupal-site.org:20002_860060973</identifier><datestamp>2016-10-17T23:14:56Z</datestamp><setSpec>20002_MSS19880010</setSpec></header><metadata><mods:mods xmlns:mods="http://www.loc.gov/mods/v3" xmlns="http://www.loc.gov/mods/v3" xmlns:xsi="http://www.w3.org/2001/XMLSchema-instance" xmlns:xlink="http://www.w3.org/1999/xlink">
  <mods:targetAudience>CHO</mods:targetAudience>
  <mods:titleInfo>
    <mods:title>Commencement</mods:title>
  </mods:titleInfo>
  <mods:name authority="local">
    <mods:namePart>Morenus, Peter</mods:namePart>
    <mods:role>
      <mods:roleTerm type="text" authority="marcrelator">Creator</mods:roleTerm>
    </mods:role>
  </mods:name>
  <mods:typeOfResource>still image</mods:typeOfResource>
  <mods:genre authority="aat" valueURI="300046300">photographs</mods:genre>
  <mods:originInfo>
    <mods:dateIssued encoding="w3cdtf" keyDate="yes">2002-05-18</mods:dateIssued>
  </mods:originInfo>
  <mods:physicalDescription>
    <mods:internetMediaType>image/jpeg</mods:internetMediaType>
    <mods:digitalOrigin>born digital</mods:digitalOrigin>
  </mods:physicalDescription>
  <mods:note type="ownership">Archives &amp; Special Collections at the Thomas J. Dodd Research Center, University of Connecticut Libraries</mods:note>
  <mods:note type="source note">University of Connecticut Photograph Collection</mods:note>
  <mods:note type="source identifier">MSS 1988.0010</mods:note>
  <mods:subject>
    <mods:topic authority="fast" valueURI="http://id.worldcat.org/fast/869276">Commencement ceremonies</mods:topic>
    <mods:geographic authority="tgn" valueURI="70145549">Storrs (inhabited place)</mods:geographic>
  </mods:subject>
  <mods:identifier type="local">MSS 1988.0010</mods:identifier>
  <mods:accessCondition type="use and reproduction">These Materials are provided for educational and research purposes only. The University of Connecticut Libraries hold the copyright except where noted. Permission must be obtained in writing from the University of Connecticut Libraries and/or the owner(s) of the copyright to publish reproductions or quotations beyond "fair use."</mods:accessCondition>
  <mods:accessCondition type="restrictions on access">The collection is open and available for research.</mods:accessCondition>
  <mods:recordInfo>
    <mods:recordContentSource>University of Connecticut Libraries</mods:recordContentSource>
    <mods:languageOfCataloging>
      <mods:languageTerm type="code" authority="iso639-2b">eng</mods:languageTerm>
    </mods:languageOfCataloging>
  </mods:recordInfo>
<identifier type="hdl">http://hdl.handle.net/11134/20002:860060973</identifier></mods:mods></metadata></record><record><header><identifier>oai:drupal-site.org:20002_860039574</identifier><datestamp>2016-11-11T16:54:47Z</datestamp><setSpec>20002_20000130</setSpec></header><metadata><mods:mods xmlns:mods="http://www.loc.gov/mods/v3" xmlns:xlink="http://www.w3.org/1999/xlink" xmlns:xsi="http://www.w3.org/2001/XMLSchema-instance">
	<mods:titleInfo supplied="yes">
		<mods:title>Civil Court Documents, Folder 5-11</mods:title>
	</mods:titleInfo>
	<mods:name type="corporate" authority="local">
		<mods:namePart>Puerto Rican Insular Courts System</mods:namePart>
	</mods:name>
	<mods:typeOfResource>text</mods:typeOfResource>
	<mods:genre authority="aat" valueURI="300027590">legal documents</mods:genre>
	<mods:originInfo>
		<mods:dateIssued encoding="w3cdtf" keyDate="yes" point="start">1858</mods:dateIssued>
		<mods:dateIssued encoding="w3cdtf" point="end">1859</mods:dateIssued>
	</mods:originInfo>
	<mods:physicalDescription>
		<mods:internetMediaType>image/jp2</mods:internetMediaType>
		<mods:internetMediaType>text</mods:internetMediaType>
		<mods:digitalOrigin>reformatted digital</mods:digitalOrigin>
		<mods:note type="physical description">Source Extent: 5.2 Linear feet</mods:note>
	</mods:physicalDescription>
	<mods:abstract>Perhaps from the Arecibo civil (corte de primera instancia) court districts, these materials cover the full range of cases that might have been bought to the civil courts at that time such as land disputes, sale of slaves, etc.</mods:abstract>
	<mods:note type="source note">Puerto Rican Civil Court Documents Collection</mods:note>
	<mods:note type="source identifier">MSS20000130</mods:note>
	<mods:note type="source identifier">http://doddcenter.uconn.edu/asc/findaids/PRCourt/MSS20000130.html</mods:note>
	<mods:note type="ownership">Archives &amp; Special Collections at the Thomas J. Dodd Research Center, University of Connecticut Libraries</mods:note>
	<mods:subject>
		<mods:topic authority="fast" valueURI="http://id.worldcat.org/fast/881747">Courts</mods:topic>
		<mods:topic authority="fast" valueURI="http://id.worldcat.org/fast/1411628">History</mods:topic>
		<mods:geographic authority="tgn" valueURI="7004643">Puerto Rico (dependent state)</mods:geographic>
	</mods:subject>
	<mods:accessCondition type="use and reproduction">This work is licensed under a Creative Commons Attribution-NonCommercial 4.0 International License, CC BY-NC.</mods:accessCondition><mods:recordInfo>
		<mods:recordContentSource>University of Connecticut Libraries</mods:recordContentSource>
		<mods:recordCreationDate encoding="w3cdtf">2014-06-05</mods:recordCreationDate>
		<mods:languageOfCataloging>
			<mods:languageTerm authority="iso639-2b" type="code">eng</mods:languageTerm>
		</mods:languageOfCataloging>
		<mods:recordOrigin>This finding aid was produced using the Archivists' Toolkit 2014-06-05T15:44-0400</mods:recordOrigin>
		<mods:descriptionStandard>Describing Archives: A Content Standard</mods:descriptionStandard>
	</mods:recordInfo>
<identifier xmlns="http://www.loc.gov/mods/v3" type="hdl">http://hdl.handle.net/11134/20002:860039574</identifier></mods:mods></metadata></record><record><header><identifier>oai:drupal-site.org:20002_860221975</identifier><datestamp>2016-11-28T13:41:01Z</datestamp><setSpec>20002_860169623</setSpec></header><metadata><mods:mods xmlns:mods="http://www.loc.gov/mods/v3" xmlns="http://www.loc.gov/mods/v3" xmlns:xsi="http://www.w3.org/2001/XMLSchema-instance" xmlns:xlink="http://www.w3.org/1999/xlink">
  <mods:titleInfo>
    <mods:title>The Daily Campus, Volume 92, Number 16</mods:title>
  </mods:titleInfo>
  <mods:name type="personal">
    <mods:namePart>Amspacher, Jim</mods:namePart>
    <mods:role>
      <mods:roleTerm authority="marcrelator" type="text">Editor</mods:roleTerm>
    </mods:role>
  </mods:name>
  <mods:typeOfResource>text</mods:typeOfResource>
  <mods:genre authority="aat" valueURI="300026656">newspapers</mods:genre>
  
  <mods:originInfo>
    <mods:publisher>University of Connecticut</mods:publisher>
    <mods:place>
      <mods:placeTerm type="text">Storrs, CT</mods:placeTerm>
    </mods:place>
    <mods:dateIssued encoding="w3cdtf" keyDate="yes">1988-09-27</mods:dateIssued>
    <mods:issuance>serial</mods:issuance>
  </mods:originInfo>
  <mods:accessCondition type="use and reproduction">This work is licensed under a Creative Commons Attribution-NonCommercial 4.0 International License, CC BY-NC.</mods:accessCondition>
  <mods:recordInfo>
    <mods:recordContentSource>University of Connecticut Libraries</mods:recordContentSource>
    <mods:languageOfCataloging>
      <mods:languageTerm type="code" authority="iso639-2b">eng</mods:languageTerm>
    </mods:languageOfCataloging>
  </mods:recordInfo>
<identifier type="hdl">http://hdl.handle.net/11134/20002:860221975</identifier></mods:mods></metadata></record><record><header><identifier>oai:drupal-site.org:20002_860117469</identifier><datestamp>2016-02-24T15:05:07Z</datestamp><setSpec>20002_1990129SOMOvrsgtComm</setSpec></header><metadata><mods:mods xmlns:mods="http://www.loc.gov/mods/v3" xmlns="http://www.loc.gov/mods/v3" xmlns:xsi="http://www.w3.org/2001/XMLSchema-instance" xmlns:xlink="http://www.w3.org/1999/xlink">
  <mods:targetAudience>CHO</mods:targetAudience>
  <mods:titleInfo>
    <mods:title>2006-07-28 Minutes</mods:title>
  </mods:titleInfo>
  <mods:name type="corporate" authority="naf" valueURI="https://lccn.loc.gov/n79089278">
    <mods:namePart>University of Connecticut. Health Center.</mods:namePart>
    <mods:role>
      <mods:roleTerm type="text" authority="marcrelator">Creator</mods:roleTerm>
    </mods:role>
  </mods:name>
  <mods:typeOfResource>text</mods:typeOfResource>
  <mods:genre authority="aat" valueURI="300027440">minutes (administrative records)</mods:genre>
  <mods:originInfo>
    <mods:dateIssued encoding="w3cdtf" keyDate="yes">2006-07-28</mods:dateIssued>
  </mods:originInfo>
  <mods:physicalDescription>
    <mods:internetMediaType>application/pdf</mods:internetMediaType>
    <mods:digitalOrigin>reformatted digital</mods:digitalOrigin>
  </mods:physicalDescription>
  
  <mods:note type="ownership">Archives &amp; Special Collections at the Thomas J. Dodd Research Center, University of Connecticut Libraries</mods:note>
  <mods:note type="source note">University of Connecticut Health Center Records</mods:note>
  <mods:note type="source identifier">MSS 1997.0129</mods:note>
  
    <mods:name type="corporate" authority="naf" valueURI="https://lccn.loc.gov/n79089278">
      <mods:namePart>University of Connecticut. Health Center.</mods:namePart>
    </mods:name>
  <mods:identifier type="local">MSS 1997.0129</mods:identifier>
  <mods:identifier type="local">1997.0129/SOM/Oversight</mods:identifier>
  <mods:accessCondition type="use and reproduction">This work is licensed under a Creative Commons Attribution-NonCommercial 4.0 International License, CC BY-NC.</mods:accessCondition>
  <mods:recordInfo>
    <mods:recordContentSource>University of Connecticut Libraries</mods:recordContentSource>
    <mods:languageOfCataloging>
      <mods:languageTerm type="code" authority="iso639-2b">eng</mods:languageTerm>
    </mods:languageOfCataloging>
  </mods:recordInfo>
<identifier type="hdl">http://hdl.handle.net/11134/20002:860117469</identifier></mods:mods></metadata></record><record><header><identifier>oai:drupal-site.org:20002_860061629</identifier><datestamp>2016-05-31T17:55:38Z</datestamp><setSpec>20002_MSS19880010</setSpec></header><metadata><mods:mods xmlns:mods="http://www.loc.gov/mods/v3" xmlns="http://www.loc.gov/mods/v3" xmlns:xsi="http://www.w3.org/2001/XMLSchema-instance" xmlns:xlink="http://www.w3.org/1999/xlink" version="3.5" xsi:schemaLocation="http://www.loc.gov/mods/v3 http://www.loc.gov/standards/mods/v3/mods-3-5.xsd">
  <mods:titleInfo>
    <mods:title>Football Player</mods:title>
  </mods:titleInfo>
  <mods:name type="personal" authority="naf" valueURI="http://lccn.loc.gov/n2009161601">
    <mods:namePart>Manter, Jerauld A., 1889-1990</mods:namePart>
    <mods:role>
      <mods:roleTerm type="text" authority="marcrelator">Creator</mods:roleTerm>
    </mods:role>
  </mods:name>
  <mods:typeOfResource>still image</mods:typeOfResource>
  <mods:physicalDescription>
    <mods:internetMediaType>image/jp2</mods:internetMediaType>
    <mods:digitalOrigin>reformatted digital</mods:digitalOrigin>
    <mods:form>black and white</mods:form>
  </mods:physicalDescription>
  <mods:note type="ownership">Archives &amp; Special Collections at the Thomas J. Dodd Research Center, University of Connecticut Libraries</mods:note>
  <mods:note type="source note">Jerauld A. Manter Photograph Collection, University of Connecticut Photograph Collection</mods:note>
  <mods:note type="source identifier">1988-0010/RG4</mods:note>
  <mods:accessCondition type="use and reproduction">This work is licensed under a Creative Commons Attribution-NonCommercial 4.0 International License, CC BY-NC.</mods:accessCondition>
  <mods:recordInfo>
    <mods:recordContentSource>University of Connecticut Libraries</mods:recordContentSource>
    <mods:languageOfCataloging>
      <mods:languageTerm type="code" authority="iso639-2b">eng</mods:languageTerm>
    </mods:languageOfCataloging>
  </mods:recordInfo>
  <mods:targetAudience>CHO</mods:targetAudience>
  <mods:genre authority="aat" valueURI="300127173">negatives (photographic)</mods:genre>
  <mods:originInfo>
    <mods:dateIssued encoding="w3cdtf" keyDate="yes">1945</mods:dateIssued>
  </mods:originInfo>
  <mods:subject>
    <mods:topic authority="fast" authorityURI="http://id.worldcat.org/fast/931425" valueURI="http://id.worldcat.org/fast/931425">Football players</mods:topic>
    <mods:topic authority="fast" authorityURI="http://id.worldcat.org/fast/867688" valueURI="http://id.worldcat.org/fast/867688">College athletes</mods:topic>
    <mods:geographic authority="tgn" valueURI="7014549">Storrs (inhabited place)</mods:geographic>
    <mods:geographic authority="tgn" valueURI="7007159">Connecticut (state)</mods:geographic>
    <mods:name type="corporate" authority="naf" valueURI="http://lccn.loc.gov/n79056688">
      <mods:namePart>University of Connecticut</mods:namePart>
    </mods:name>
    <mods:name type="corporate" authority="naf" valueURI="http://lccn.loc.gov/n92059445">
      <mods:namePart>Connecticut State College</mods:namePart>
    </mods:name>
    <mods:name type="personal" valueURI="http://lccn.loc.gov/n2009161601" authority="naf">
      <mods:namePart>Manter, Jerauld A., 1889-1990</mods:namePart>
    </mods:name>
    <mods:cartographics>
      <mods:coordinates>41.8000, -72.2500</mods:coordinates>
    </mods:cartographics>
  </mods:subject>
  <mods:identifier type="local">1988-0010/RG4/Series1/Box 439:375</mods:identifier>
  <mods:identifier type="local">39153019689746</mods:identifier>
  <mods:accessCondition type="restrictions on access">The collection is open and available for research.</mods:accessCondition>
  <identifier type="hdl">http://hdl.handle.net/11134/20002:860061629</identifier>
  <mods:abstract>Football player, in uniform and pads, posed standing in front of the camera. An unidentified academic building is in the background.</mods:abstract>
</mods:mods></metadata></record><record><header><identifier>oai:drupal-site.org:20002_860060766</identifier><datestamp>2016-10-17T23:13:28Z</datestamp><setSpec>20002_MSS19880010</setSpec></header><metadata><mods:mods xmlns:mods="http://www.loc.gov/mods/v3" xmlns="http://www.loc.gov/mods/v3" xmlns:xsi="http://www.w3.org/2001/XMLSchema-instance" xmlns:xlink="http://www.w3.org/1999/xlink">
  <mods:targetAudience>CHO</mods:targetAudience>
  <mods:titleInfo>
    <mods:title>Commencement</mods:title>
  </mods:titleInfo>
  <mods:name authority="local">
    <mods:namePart>Morenus, Peter</mods:namePart>
    <mods:role>
      <mods:roleTerm type="text" authority="marcrelator">Creator</mods:roleTerm>
    </mods:role>
  </mods:name>
  <mods:typeOfResource>still image</mods:typeOfResource>
  <mods:genre authority="aat" valueURI="300046300">photographs</mods:genre>
  <mods:originInfo>
    <mods:dateIssued encoding="w3cdtf" keyDate="yes">2002-05-18</mods:dateIssued>
  </mods:originInfo>
  <mods:physicalDescription>
    <mods:internetMediaType>image/jpeg</mods:internetMediaType>
    <mods:digitalOrigin>born digital</mods:digitalOrigin>
  </mods:physicalDescription>
  <mods:note type="ownership">Archives &amp; Special Collections at the Thomas J. Dodd Research Center, University of Connecticut Libraries</mods:note>
  <mods:note type="source note">University of Connecticut Photograph Collection</mods:note>
  <mods:note type="source identifier">MSS 1988.0010</mods:note>
  <mods:subject>
    <mods:topic authority="fast" valueURI="http://id.worldcat.org/fast/869276">Commencement ceremonies</mods:topic>
    <mods:geographic authority="tgn" valueURI="70145549">Storrs (inhabited place)</mods:geographic>
  </mods:subject>
  <mods:identifier type="local">MSS 1988.0010</mods:identifier>
  <mods:accessCondition type="use and reproduction">These Materials are provided for educational and research purposes only. The University of Connecticut Libraries hold the copyright except where noted. Permission must be obtained in writing from the University of Connecticut Libraries and/or the owner(s) of the copyright to publish reproductions or quotations beyond "fair use."</mods:accessCondition>
  <mods:accessCondition type="restrictions on access">The collection is open and available for research.</mods:accessCondition>
  <mods:recordInfo>
    <mods:recordContentSource>University of Connecticut Libraries</mods:recordContentSource>
    <mods:languageOfCataloging>
      <mods:languageTerm type="code" authority="iso639-2b">eng</mods:languageTerm>
    </mods:languageOfCataloging>
  </mods:recordInfo>
<identifier type="hdl">http://hdl.handle.net/11134/20002:860060766</identifier></mods:mods></metadata></record><record><header><identifier>oai:drupal-site.org:20002_860201319</identifier><datestamp>2016-09-30T13:57:28Z</datestamp><setSpec>20002_20090014</setSpec></header><metadata><mods:mods xmlns:mods="http://www.loc.gov/mods/v3" xmlns="http://www.loc.gov/mods/v3" xmlns:xsi="http://www.w3.org/2001/XMLSchema-instance" xmlns:xlink="http://www.w3.org/1999/xlink">
  <mods:titleInfo>
    <mods:title>Perez, Oscar [Dominican Republic]</mods:title>
  </mods:titleInfo>
  <mods:name type="personal" authority="local">
    <mods:namePart>Perez, Oscar</mods:namePart>
    <mods:role>
      <mods:roleTerm type="text" authority="marcrelator">Creator</mods:roleTerm>
    </mods:role>
  </mods:name>
  <mods:typeOfResource>text</mods:typeOfResource>
  <mods:genre authority="aat" valueURI="300202595">oral histories (document genres)</mods:genre>
  <mods:originInfo>
    <mods:dateIssued encoding="w3cdtf" keyDate="yes">2008-10-02</mods:dateIssued>
  </mods:originInfo>
  <mods:physicalDescription>
    <mods:internetMediaType>application/pdf</mods:internetMediaType>
    <mods:digitalOrigin>born digital</mods:digitalOrigin>
  </mods:physicalDescription>
  <mods:note type="ownership">Archives &amp; Special Collections at the Thomas J. Dodd Research Center, University of Connecticut Libraries</mods:note>
  <mods:note type="source note">Waterbury (CT) Area Immigrant Oral History Collection</mods:note>
  <mods:note type="source identifier">MSS 2009.0014</mods:note>
  <mods:subject>
    <mods:topic authority="fast" valueURI="http://id.worldcat.org/fast/908690">Emigration and immigration</mods:topic>
    <mods:geographic authority="tgn" valueURI="7007159">Connecticut (state)</mods:geographic>
  </mods:subject>
  <mods:identifier type="local">MSS 2009.0014</mods:identifier>
  <mods:identifier type="local">2009-0014/Dominican Republic/Perez</mods:identifier>
  <mods:accessCondition type="use and reproduction">This work is licensed under a Creative Commons Attribution-NonCommercial 4.0 International License, CC BY-NC.</mods:accessCondition>
  <mods:recordInfo>
    <mods:recordContentSource>University of Connecticut Libraries</mods:recordContentSource>
    <mods:languageOfCataloging>
      <mods:languageTerm type="code" authority="iso639-2b">eng</mods:languageTerm>
    </mods:languageOfCataloging>
  </mods:recordInfo>
<identifier type="hdl">http://hdl.handle.net/11134/20002:860201319</identifier></mods:mods></metadata></record><record><header><identifier>oai:drupal-site.org:20002_199725031</identifier><datestamp>2015-02-12T22:26:47Z</datestamp><setSpec>20002_19840028photo</setSpec></header><metadata><mods:mods xmlns:mods="http://www.loc.gov/mods/v3" xmlns:xlink="http://www.w3.org/1999/xlink" xmlns:xsi="http://www.w3.org/2001/XMLSchema-instance">
   <mods:titleInfo>
      <mods:title>Philip Place, Looking Northwest, North Haven</mods:title>
   </mods:titleInfo>
   <mods:name type="personal" authority="local">
      <mods:namePart>Hoffman, Nancy.</mods:namePart>
      <mods:role>
         <mods:roleTerm authority="marcrelator" authorityURI="http://id.loc.gov/vocabulary/relators" valueURI="http://id.loc.gov/vocabulary/relators/cre" type="text">Creator</mods:roleTerm>
      </mods:role>
   </mods:name>
   <mods:typeOfResource>still image</mods:typeOfResource>
   <mods:genre authority="aat" valueURI="300046300">photographs</mods:genre>
   <mods:originInfo>
      <mods:dateIssued encoding="w3cdtf" keyDate="yes">1980</mods:dateIssued>
   </mods:originInfo>
   <mods:physicalDescription>
      <mods:internetMediaType>image/tiff</mods:internetMediaType>
      <mods:digitalOrigin>reformatted digital</mods:digitalOrigin>
   </mods:physicalDescription>
   <mods:abstract>Two story shingled house with porch on front. Front yard filled with tanks.</mods:abstract>
   <mods:targetAudience>CHO</mods:targetAudience>
   <mods:note type="ownership">Archives &amp; Special Collections at the Thomas J. Dodd Research Center, University of Connecticut Libraries</mods:note>
   <mods:note type="source note">Connecticut Historical Preservation Commission Records</mods:note>
   <mods:note type="theme">Infrastructure</mods:note>
   <mods:note type="theme">Environment</mods:note>
   <mods:subject>
      <mods:topic>Derelict buildings</mods:topic>
      <mods:topic>Streets</mods:topic>
      <mods:geographic>Philip Place (North Haven, Conn.)</mods:geographic>
   </mods:subject>
   <mods:identifier type="local">Accession number UC16-0096</mods:identifier>
   <mods:identifier type="local">IMG0015-1571</mods:identifier>
   <mods:location>
      <mods:physicalLocation>New-Nor/North Haven/North Haven Bridge District</mods:physicalLocation>
   </mods:location>
   <mods:accessCondition type="use and reproduction">Permission to publish from these Papers must be obtained in writing from both the University of Connecticut Libraries and the owner(s) of the copyright.</mods:accessCondition>
   <mods:accessCondition type="use and reproduction" displayLabel="Digital Object Disclaimer" xlink:href="http://doddcenter.uconn/asc/research/reproduction.htm">This digital object is owned, held, or licensed by the University of Connecticut and is available for non-commercial or education use only. Ownership must be properly cited. Any commercial use of this object without express written permission of the University of Connecticut is strictly prohibited. For more information or to obtain a reproduction of this digital object, contact University Archives &amp; Special Collections.</mods:accessCondition>
   <mods:accessCondition type="use and reproduction" displayLabel="Intellectual Rights Statement">As a publically supported institution, the University of Connecticut Libraries generally does not own rights in its collections. Permission to publish from these papers must be obtained in writing from both the University of Connecticut Libraries and the owner(s) of the copyright. Possible fees may be incurred on the part of the user.</mods:accessCondition>
   <mods:accessCondition type="restrictions on access">The collection is open and available for research.</mods:accessCondition>
   <mods:recordInfo>
      <mods:recordContentSource>University of Connecticut Libraries</mods:recordContentSource>
      <mods:recordCreationDate encoding="w3cdtf">2014-05-28-04:00</mods:recordCreationDate>
      <mods:languageOfCataloging>
         <mods:languageTerm authority="iso639-2b" type="code">eng</mods:languageTerm>
      </mods:languageOfCataloging>
      <mods:recordOrigin>This MODS record was migrated from CHO's CONTENTdm. The object had the following CONTENTdm reference URL: http://images.lib.uconn.edu:81/u?/cho,6878 and CONTENTdm file name: 6707.jp2</mods:recordOrigin>
   </mods:recordInfo>
<identifier xmlns="http://www.loc.gov/mods/v3" type="hdl">http://hdl.handle.net/11134/20002:199725031</identifier></mods:mods></metadata></record><record><header><identifier>oai:drupal-site.org:20002_199701383</identifier><datestamp>2014-12-10T18:28:36Z</datestamp><setSpec>20002_MSS19890073</setSpec></header><metadata><mods:mods xmlns:mods="http://www.loc.gov/mods/v3" xmlns:xlink="http://www.w3.org/1999/xlink" xmlns:xsi="http://www.w3.org/2001/XMLSchema-instance">
   <mods:titleInfo>
      <mods:title>New York, New Haven And Hartford Railroad Station, Unionville</mods:title>
   </mods:titleInfo>
   <mods:typeOfResource>still image</mods:typeOfResource>
   <mods:genre authority="aat" valueURI="300046300">photographs</mods:genre>
   <mods:genre authority="aat" valueURI="300026816">postcards</mods:genre>
   <mods:originInfo>
      <mods:dateIssued encoding="w3cdtf" keyDate="yes" point="start" qualifier="questionable">1900</mods:dateIssued>
      <mods:dateIssued encoding="w3cdtf" keyDate="yes" point="end" qualifier="questionable">1999</mods:dateIssued>
   </mods:originInfo>
   <mods:physicalDescription>
      <mods:internetMediaType>image/tiff</mods:internetMediaType>
      <mods:digitalOrigin>reformatted digital</mods:digitalOrigin>
   </mods:physicalDescription>
   <mods:abstract>Brick station building, signal pole and outbuildings near tracks surrounded by grass and trees.</mods:abstract>
   <mods:targetAudience>CHO</mods:targetAudience>
   <mods:note type="ownership">Archives &amp; Special Collections at the Thomas J. Dodd Research Center, University of Connecticut Libraries</mods:note>
   <mods:note type="source note">Leroy Roberts CT Railroad Station Photograph Collection</mods:note>
   <mods:note type="theme">Environment</mods:note>
   <mods:note type="theme">Infrastructure</mods:note>
   <mods:subject>
      <mods:topic>Railroad stations</mods:topic>
      <mods:topic>Railroads -- Signaling</mods:topic>
      <mods:geographic>Unionville (inhabited place)</mods:geographic>
   </mods:subject>
   <mods:identifier type="local">Accession number UC17-0494</mods:identifier>
   <mods:identifier type="local">IMG0098-2498</mods:identifier>
   <mods:location>
      <mods:physicalLocation>Box East Hartford-Franklin, ff Farmington</mods:physicalLocation>
   </mods:location>
   <mods:accessCondition type="use and reproduction">Permission to publish from these Papers must be obtained in writing from both the University of Connecticut Libraries and the owner(s) of the copyright.</mods:accessCondition>
   <mods:accessCondition type="use and reproduction" displayLabel="Digital Object Disclaimer" xlink:href="http://doddcenter.uconn/asc/research/reproduction.htm">This digital object is owned, held, or licensed by the University of Connecticut and is available for non-commercial or education use only. Ownership must be properly cited. Any commercial use of this object without express written permission of the University of Connecticut is strictly prohibited. For more information or to obtain a reproduction of this digital object, contact University Archives &amp; Special Collections.</mods:accessCondition>
   <mods:accessCondition type="use and reproduction" displayLabel="Intellectual Rights Statement">As a publically supported institution, the University of Connecticut Libraries generally does not own rights in its collections. Permission to publish from these papers must be obtained in writing from both the University of Connecticut Libraries and the owner(s) of the copyright. Possible fees may be incurred on the part of the user.</mods:accessCondition>
   <mods:accessCondition type="restrictions on access">The collection is open and available for research.</mods:accessCondition>
   <mods:recordInfo>
      <mods:recordContentSource>University of Connecticut Libraries</mods:recordContentSource>
      <mods:recordCreationDate encoding="w3cdtf">2014-05-28-04:00</mods:recordCreationDate>
      <mods:languageOfCataloging>
         <mods:languageTerm authority="iso639-2b" type="code">eng</mods:languageTerm>
      </mods:languageOfCataloging>
      <mods:recordOrigin>This MODS record was migrated from CHO's CONTENTdm. The object had the following CONTENTdm reference URL: http://images.lib.uconn.edu:81/u?/cho,6507 and CONTENTdm file name: 6360.jp2</mods:recordOrigin>
   </mods:recordInfo>
<identifier xmlns="http://www.loc.gov/mods/v3" type="hdl">http://hdl.handle.net/11134/20002:199701383</identifier></mods:mods></metadata></record><record><header><identifier>oai:drupal-site.org:20002_860117983</identifier><datestamp>2016-02-12T17:07:03Z</datestamp><setSpec>20002_CG</setSpec></header><metadata><mods:mods xmlns:mods="http://www.loc.gov/mods/v3" xmlns="http://www.loc.gov/mods/v3" xmlns:xsi="http://www.w3.org/2001/XMLSchema-instance" xmlns:xlink="http://www.w3.org/1999/xlink">
  <mods:titleInfo>
    <mods:title>A Guide to the Bob Englehart Collection</mods:title>
  </mods:titleInfo>
  <mods:typeOfResource>text</mods:typeOfResource>
  <mods:genre authority="aat" valueURI="300026539">finding aids</mods:genre>
  <mods:originInfo>
    <mods:dateIssued encoding="w3cdtf" keyDate="yes">2004</mods:dateIssued>
  </mods:originInfo>
  <mods:note type="ownership">Archives &amp; Special Collections at the Thomas J. Dodd Research Center, University of Connecticut Libraries</mods:note>
  <mods:subject>
    <mods:topic>Englehart, Bob</mods:topic>
    <mods:topic>Cartoonists</mods:topic>
  </mods:subject>
  <mods:accessCondition type="use and reproduction">This work is licensed under a Creative Commons Attribution-NonCommercial 4.0 International License, CC BY-NC.</mods:accessCondition>
  <mods:recordInfo>
    <mods:recordContentSource>University of Connecticut Libraries</mods:recordContentSource>
    <mods:languageOfCataloging>
      <mods:languageTerm type="code" authority="iso639-2b">eng</mods:languageTerm>
    </mods:languageOfCataloging>
  </mods:recordInfo>
<identifier type="hdl">http://hdl.handle.net/11134/20002:860117983</identifier></mods:mods></metadata></record><resumptionToken expirationDate="2017-03-09T16:41:58Z" completeListSize="34302" cursor="1020">1570621832</resumptionToken></ListRecords></OAI-PMH>

