<?xml version="1.0" encoding="UTF-8"?>
<OAI-PMH xmlns:xsi="http://www.w3.org/2001/XMLSchema-instance"  xsi:schemaLocation="http://www.loc.gov/mods/v3 http://www.loc.gov/standards/mods/v3/mods-3-5.xsd http://www.openarchives.org/OAI/2.0/ http://www.openarchives.org/OAI/2.0/OAI-PMH.xsd"  xmlns="http://www.openarchives.org/OAI/2.0/" xmlns:mods="http://www.loc.gov/mods/v3"><responseDate>2017-03-08T16:42:14Z</responseDate><request>http://archives.lib.uconn.edu/oai2</request><ListRecords><record><header><identifier>oai:drupal-site.org:20002_860234459</identifier><datestamp>2017-01-19T19:59:32Z</datestamp><setSpec>20002_MAGICHISMAP</setSpec></header><metadata><mods:mods xmlns:mods="http://www.loc.gov/mods/v3" xmlns="http://www.loc.gov/mods/v3" xmlns:xsi="http://www.w3.org/2001/XMLSchema-instance" xmlns:xlink="http://www.w3.org/1999/xlink">
  <mods:targetAudience displayLabel="GEO">GEO</mods:targetAudience>
  <mods:titleInfo>
    <mods:title>Marblehead, Salem and Lynn, Mass.</mods:title>
  </mods:titleInfo>
  <mods:name type="personal" authority="naf" valueURI="http://id.loc.gov/authorities/names/no2014029359">
    <mods:namePart>Eldridge, Geo. W. (George Washington), 1845-1914</mods:namePart>
    <mods:role>
      <mods:roleTerm type="text" authority="marcrelator">Creator</mods:roleTerm>
    </mods:role>
  </mods:name>
  <mods:typeOfResource>cartographic</mods:typeOfResource>
  <mods:genre authority="aat" valueURI="300028325">nautical charts</mods:genre>
  <mods:originInfo>
    <mods:place>
      <mods:placeTerm type="text">Vineyard Haven, Massachusetts</mods:placeTerm>
    </mods:place>
    <mods:publisher>G.W. Eldridge</mods:publisher>
    <mods:dateIssued encoding="w3cdtf" keyDate="yes">1913</mods:dateIssued>
  </mods:originInfo>
  <mods:physicalDescription>
    <mods:form>black and white map</mods:form>
    <mods:digitalOrigin>reformatted digital</mods:digitalOrigin>
  </mods:physicalDescription>
  <mods:abstract>Nautical charts with notes on References, Buoys, Tides etc.</mods:abstract>
  <mods:note type="ownership">Archives &amp; Special Collections at the Thomas J. Dodd Research Center, University of Connecticut Libraries</mods:note>
  <mods:subject>
    <mods:topic authority="fast" valueURI="http://id.worldcat.org/fast/848025">Cartography</mods:topic>
    <mods:topic authority="fast" valueURI="http://id.worldcat.org/fast/1034762">Nautical charts</mods:topic>
  </mods:subject>
  <mods:accessCondition type="use and reproduction">This work is licensed under a Creative Commons Attribution-NonCommercial 4.0 International License, CC BY-NC.</mods:accessCondition>
  <mods:recordInfo>
    <mods:recordContentSource>University of Connecticut Libraries</mods:recordContentSource>
    <mods:languageOfCataloging>
      <mods:languageTerm type="code" authority="iso639-2b">eng</mods:languageTerm>
    </mods:languageOfCataloging>
  </mods:recordInfo>
<identifier type="hdl">http://hdl.handle.net/11134/20002:860234459</identifier></mods:mods></metadata></record><record><header><identifier>oai:drupal-site.org:20002_860075800</identifier><datestamp>2017-02-20T22:20:38Z</datestamp><setSpec>20002_Sakhalin</setSpec></header><metadata><mods:mods xmlns:mods="http://www.loc.gov/mods/v3" xmlns="http://www.loc.gov/mods/v3" xmlns:xsi="http://www.w3.org/2001/XMLSchema-instance" xmlns:xlink="http://www.w3.org/1999/xlink" version="3.5" xsi:schemaLocation="http://www.loc.gov/mods/v3 http://www.loc.gov/standards/mods/v3/mods-3-5.xsd">
  <mods:titleInfo type="translated">
    <mods:title>Kotankishi: Shitsuka-gun, Tomarikeshi-mura</mods:title>
  </mods:titleInfo>
  <mods:titleInfo>
    <mods:title>古丹岸, 敷香郡, 泊岸村</mods:title>
  </mods:titleInfo>
  <mods:name type="corporate" authority="naf" valueURI="http://id.loc.gov/authorities/names/n79079547">
    <mods:namePart>Japan. Rikuchi Sokuryōbu</mods:namePart>
    <mods:role>
      <mods:roleTerm type="text" authority="marcrelator">Creator</mods:roleTerm>
    </mods:role>
  </mods:name>
  <mods:name type="corporate" authority="naf" valueURI="http://id.loc.gov/authorities/names/n79079547">
    <mods:namePart>陸軍. 参謀本部. 陸地測量部</mods:namePart>
    <mods:role>
      <mods:roleTerm type="text" authority="marcrelator">Creator</mods:roleTerm>
    </mods:role>
  </mods:name>
  <mods:typeOfResource>cartographic</mods:typeOfResource>
  <mods:genre authority="aat" valueURI="300028233">historical maps</mods:genre>
  <mods:originInfo>
    <mods:place>
      <mods:placeTerm type="text">Tokyo</mods:placeTerm>
    </mods:place>
    <mods:publisher>Rikuchi Sokuryōbu</mods:publisher>
    <mods:dateIssued encoding="w3cdtf" keyDate="yes">1932</mods:dateIssued>
  </mods:originInfo>
  <mods:physicalDescription>
    <mods:form>black and white</mods:form>
    <mods:internetMediaType>image/tiff</mods:internetMediaType>
    <mods:digitalOrigin>reformatted digital</mods:digitalOrigin>
    <mods:note type="physical description">1 map, 38 x 39 cm</mods:note>
  </mods:physicalDescription>
  <mods:abstract>1/25,000 Karafuto air photo survey map of Nairo vicinity, map no. 5 (31 maps in total). Photographed in Showa 5th year (1930), engraved in Showa 6th year (1931) and published in Showa 7th year (1932) by the Army Aviation Division. Captured WW II maps. Map stamped on verso by U.S. Army Map Service Library and assigned sheet number 182-3A.</mods:abstract>
  <mods:note type="ownership">Archives &amp; Special Collections at the Thomas J. Dodd Research Center, University of Connecticut Libraries</mods:note>
  <mods:subject>
    <mods:geographic authority="tgn" valueURI="1003406">Sakhalinskaya Oblast’</mods:geographic>
    <mods:cartographics>
      <mods:scale>1:25,000</mods:scale>
      <mods:coordinates>50.00000000, 143.00000000</mods:coordinates>
    </mods:cartographics>
  </mods:subject>
  <mods:accessCondition type="use and reproduction">This work is licensed under a Creative Commons Attribution-NonCommercial 4.0 International License, CC BY-NC.</mods:accessCondition>
  <mods:recordInfo>
    <mods:recordContentSource>University of Connecticut Libraries</mods:recordContentSource>
    <mods:languageOfCataloging>
      <mods:languageTerm type="code" authority="iso639-2b">eng</mods:languageTerm>
    </mods:languageOfCataloging>
  </mods:recordInfo>
  <identifier type="hdl">http://hdl.handle.net/11134/20002:860075800</identifier>
  <mods:titleInfo type="alternative">
    <mods:title>sheet number 182-3A</mods:title>
  </mods:titleInfo>
  <mods:targetAudience>GEO</mods:targetAudience>
</mods:mods></metadata></record><record><header><identifier>oai:drupal-site.org:20002_199701588</identifier><datestamp>2016-06-28T16:38:43Z</datestamp><setSpec>20002_MSS19880010</setSpec></header><metadata><mods:mods xmlns:mods="http://www.loc.gov/mods/v3" xmlns:xlink="http://www.w3.org/1999/xlink" xmlns:xsi="http://www.w3.org/2001/XMLSchema-instance" xmlns="http://www.loc.gov/mods/v3" version="3.5" xsi:schemaLocation="http://www.loc.gov/mods/v3 http://www.loc.gov/standards/mods/v3/mods-3-5.xsd">
  <mods:titleInfo supplied="yes">
    <mods:title>Track Team With Coach Daley, University Of Connecticut</mods:title>
  </mods:titleInfo>
  <mods:name type="personal" authority="naf" valueURI="http://id.loc.gov/authorities/names/n2009161601">
    <mods:namePart>Manter, Jerauld A., 1889-1990</mods:namePart>
    <mods:role>
      <mods:roleTerm authority="marcrelator" authorityURI="http://id.loc.gov/vocabulary/relators" valueURI="http://id.loc.gov/vocabulary/relators/cre" type="text">Creator</mods:roleTerm>
    </mods:role>
  </mods:name>
  <mods:typeOfResource>still image</mods:typeOfResource>
  <mods:genre authority="aat" valueURI="300046300">photographs</mods:genre>
  <mods:genre authority="aat" valueURI="300015637">portraits</mods:genre>
  <mods:originInfo>
    <mods:dateIssued encoding="w3cdtf" keyDate="yes" point="start" qualifier="questionable">1930</mods:dateIssued>
    <mods:dateIssued encoding="w3cdtf" keyDate="yes" point="end" qualifier="questionable">1939</mods:dateIssued>
  </mods:originInfo>
  <mods:physicalDescription>
    <mods:internetMediaType>image/tiff</mods:internetMediaType>
    <mods:digitalOrigin>reformatted digital</mods:digitalOrigin>
    <mods:form>black and white</mods:form>
  </mods:physicalDescription>
  <mods:abstract>Twenty-three men, most wearing sleeveless white shirts and shorts, but one in the center in a suit and boater, sitting on steps of a brick building posing for photograph.</mods:abstract>
  <mods:targetAudience>CHO</mods:targetAudience>
  <mods:note type="ownership">Archives &amp; Special Collections at the Thomas J. Dodd Research Center, University of Connecticut Libraries</mods:note>
  <mods:note type="source note">University of Connecticut Photograph Collection</mods:note>
  <mods:note type="theme">Infrastructure</mods:note>
  <mods:note type="theme">Lifestyle</mods:note>
  <mods:note>Title supplied by cataloger. Photograph mounted.</mods:note>
  <mods:subject>
    <mods:topic authority="fast" valueURI="http://id.worldcat.org/fast/867976">College students</mods:topic>
    <mods:topic authority="fast" valueURI="http://id.worldcat.org/fast/868114">College teachers</mods:topic>
    <mods:topic authority="fast" valueURI="http://id.worldcat.org/fast/1153631">Track and field</mods:topic>
    <mods:geographic authority="tgn" valueURI="7014549">Storrs (inhabited place)</mods:geographic>
    <mods:name type="personal" authority="local">
      <mods:namePart>Daley, Stephen H.</mods:namePart>
    </mods:name>
    <mods:name type="corporate" authority="naf" valueURI="http://id.loc.gov/authorities/names/n79056688">
      <mods:namePart>University of Connecticut</mods:namePart>
    </mods:name>
    <mods:geographic authority="tgn" valueURI="7007159">Connecticut (state)</mods:geographic>
    <mods:cartographics>
      <mods:coordinates>41.8000, -72.2500</mods:coordinates>
    </mods:cartographics>
  </mods:subject>
  <mods:identifier type="local">Accession number UC3-0648</mods:identifier>
  <mods:identifier type="local">IMG0007-2279</mods:identifier>
  <mods:location>
    <mods:physicalLocation>Manter E1d1</mods:physicalLocation>
  </mods:location>
  <mods:accessCondition type="use and reproduction">This work is licensed under a Creative Commons Attribution-NonCommercial 4.0 International License, CC BY-NC.</mods:accessCondition>
  <mods:accessCondition type="use and reproduction" displayLabel="Digital Object Disclaimer" xlink:href="http://doddcenter.uconn/asc/research/reproduction.htm">This work is licensed under a Creative Commons Attribution-NonCommercial 4.0 International License, CC BY-NC.</mods:accessCondition>
  <mods:accessCondition type="use and reproduction" displayLabel="Intellectual Rights Statement">This work is licensed under a Creative Commons Attribution-NonCommercial 4.0 International License, CC BY-NC.</mods:accessCondition>
  <mods:accessCondition type="restrictions on access">The collection is open and available for research.</mods:accessCondition>
  <mods:recordInfo>
    <mods:recordContentSource>University of Connecticut Libraries</mods:recordContentSource>
    <mods:recordCreationDate encoding="w3cdtf">2014-05-28-04:00</mods:recordCreationDate>
    <mods:languageOfCataloging>
      <mods:languageTerm authority="iso639-2b" type="code">eng</mods:languageTerm>
    </mods:languageOfCataloging>
    <mods:recordOrigin>This MODS record was migrated from CHO's CONTENTdm. The object had the following CONTENTdm reference URL: http://images.lib.uconn.edu:81/u?/cho,7063 and CONTENTdm file name: 7029.jp2</mods:recordOrigin>
  </mods:recordInfo>
  <identifier type="hdl">http://hdl.handle.net/11134/20002:199701588</identifier>
</mods:mods></metadata></record><record><header><identifier>oai:drupal-site.org:20002_860074509</identifier><datestamp>2016-06-16T18:53:41Z</datestamp><setSpec>20002_MSS19880010</setSpec></header><metadata><mods:mods xmlns:mods="http://www.loc.gov/mods/v3" xmlns="http://www.loc.gov/mods/v3" xmlns:xsi="http://www.w3.org/2001/XMLSchema-instance" xmlns:xlink="http://www.w3.org/1999/xlink" version="3.5" xsi:schemaLocation="http://www.loc.gov/mods/v3 http://www.loc.gov/standards/mods/v3/mods-3-5.xsd">
  <mods:titleInfo>
    <mods:title>Soccer and Swimming Coach</mods:title>
  </mods:titleInfo>
  <mods:name type="personal" authority="naf" valueURI="http://lccn.loc.gov/n2009161601">
    <mods:namePart>Manter, Jerauld A., 1889-1990</mods:namePart>
    <mods:role>
      <mods:roleTerm type="text" authority="marcrelator">Creator</mods:roleTerm>
    </mods:role>
  </mods:name>
  <mods:typeOfResource>still image</mods:typeOfResource>
  <mods:physicalDescription>
    <mods:internetMediaType>image/jp2</mods:internetMediaType>
    <mods:digitalOrigin>reformatted digital</mods:digitalOrigin>
    <mods:form>black and white</mods:form>
  </mods:physicalDescription>
  <mods:note type="ownership">Archives &amp; Special Collections at the Thomas J. Dodd Research Center, University of Connecticut Libraries</mods:note>
  <mods:note type="source note">Jerauld A. Manter Photograph Collection, University of Connecticut Photograph Collection</mods:note>
  <mods:note type="source identifier">1988-0010/RG4</mods:note>
  <mods:accessCondition type="use and reproduction">This work is licensed under a Creative Commons Attribution-NonCommercial 4.0 International License, CC BY-NC.</mods:accessCondition>
  <mods:recordInfo>
    <mods:recordContentSource>University of Connecticut Libraries</mods:recordContentSource>
    <mods:languageOfCataloging>
      <mods:languageTerm type="code" authority="iso639-2b">eng</mods:languageTerm>
    </mods:languageOfCataloging>
  </mods:recordInfo>
  <mods:targetAudience>CHO</mods:targetAudience>
  <mods:genre authority="aat" valueURI="300127173">negatives (photographic)</mods:genre>
  <mods:originInfo>
    <mods:dateIssued encoding="w3cdtf" keyDate="yes">1947</mods:dateIssued>
  </mods:originInfo>
  <mods:subject>
    <mods:topic authority="fast" authorityURI="http://id.worldcat.org/fast/1122119" valueURI="http://id.worldcat.org/fast/1122119">Soccer</mods:topic>
    <mods:topic authority="fast" authorityURI="http://id.worldcat.org/fast/1122175" valueURI="http://id.worldcat.org/fast/1122175">Soccer coaches</mods:topic>
    <mods:topic authority="fast" authorityURI="http://id.worldcat.org/fast/1140328" valueURI="http://id.worldcat.org/fast/1140322">Swimming</mods:topic>
    <mods:topic authority="fast" authorityURI="http://id.worldcat.org/fast/1140367" valueURI="http://id.worldcat.org/fast/1140367">Swimming coaches</mods:topic>
    <mods:geographic authority="tgn" valueURI="7014549">Storrs (inhabited place)</mods:geographic>
    <mods:geographic authority="tgn" valueURI="7007159">Connecticut (state)</mods:geographic>
    <mods:name type="corporate" authority="naf" valueURI="http://lccn.loc.gov/n79056688">
      <mods:namePart>University of Connecticut</mods:namePart>
    </mods:name>
    <mods:name type="personal" authority="naf" valueURI="http://lccn.loc.gov/n2009161601">
      <mods:namePart>Manter, Jerauld A., 1889-1990</mods:namePart>
    </mods:name>
    <mods:cartographics>
      <mods:coordinates>41.8000, -72.2500</mods:coordinates>
    </mods:cartographics>
  </mods:subject>
  <mods:identifier type="local">1988-0010/RG4/Series1/Box 441:507</mods:identifier>
  <mods:identifier type="local">39153019691635</mods:identifier>
  <mods:accessCondition type="restrictions on access">The collection is open and available for research.</mods:accessCondition>
  <identifier type="hdl">http://hdl.handle.net/11134/20002:860074509</identifier>
  <mods:titleInfo type="alternative">
    <mods:title>John Squires, Soccer and Swimming Coach</mods:title>
  </mods:titleInfo>
  <mods:abstract>Man in a suit, identified as the University of Connecticut's soccer and swimming coach John Squires, standing in a field.</mods:abstract>
</mods:mods></metadata></record><record><header><identifier>oai:drupal-site.org:20002_860073301</identifier><datestamp>2015-08-05T12:29:23Z</datestamp><setSpec>20002_MassValuationMaps</setSpec></header><metadata><mods:mods xmlns:mods="http://www.loc.gov/mods/v3" xmlns:xlink="http://www.w3.org/1999/xlink" xmlns:xsi="http://www.w3.org/2001/XMLSchema-instance">
   <mods:titleInfo>
      <mods:title>Southbridge, Massachusetts</mods:title>
   </mods:titleInfo>
   <mods:name type="corporate" authority="naf" valueURI="http://id.loc.gov/authorities/names/n86134559">
      <mods:namePart>New York, New Haven, and Hartford Railroad Company</mods:namePart>
      <mods:role>
         <mods:roleTerm authority="marcrelator" authorityURI="http://id.loc.gov/vocabulary/relators" valueURI="http://id.loc.gov/vocabulary/relators/cre" type="text">Creator</mods:roleTerm>
      </mods:role>
   </mods:name>
   <mods:typeOfResource>cartographic</mods:typeOfResource>
   <mods:genre authority="aat" valueURI="300028094">maps (documents)</mods:genre>
   <mods:genre authority="aat" valueURI="300264387">images (object genre)</mods:genre>
   <mods:originInfo>
      <mods:dateIssued encoding="w3cdtf" keyDate="yes">1915-06-30</mods:dateIssued>
   </mods:originInfo>
   <mods:physicalDescription>
      <mods:internetMediaType>image/jp2</mods:internetMediaType>
      <mods:digitalOrigin>reformatted digital</mods:digitalOrigin>
      <mods:note type="physical description">Source extent: 1 map ; 142 x 61 cm 1 map ; 142 x 61 cm</mods:note>
   </mods:physicalDescription>
   <mods:abstract>Right of way and track map, the New York, New Haven and Hartford R.R. Co. ΓÇª from East Thompson to Southbridge, station 739+20 to station 765+60, town of Southbridge, state of Mass.5</mods:abstract>
   <mods:targetAudience>CHO</mods:targetAudience>
   <mods:targetAudience>GEO</mods:targetAudience>
   <mods:note type="ownership">Archives &amp; Special Collections at the Thomas J. Dodd Research Center, University of Connecticut Libraries</mods:note>
   <mods:note type="source note">New York, New Haven, and Hartford Railroad Company Valuation Maps Collection</mods:note>
   <mods:note>Bounding box coordinates recorded as S, W, N, E</mods:note>
   <mods:subject>
      <mods:topic>Railroads</mods:topic>
      <mods:geographic>Southbridge (Mass.)</mods:geographic>
      <mods:geographic>Massachusetts</mods:geographic>
      <mods:cartographics>
         <mods:coordinates>42.052287, -71.997952, 42.060138, -71.988179</mods:coordinates>
      </mods:cartographics>
   </mods:subject>
   <mods:identifier type="local">Roll no. 25</mods:identifier>
   <mods:identifier type="local">Valuation no. 4.23, sheet 29</mods:identifier>
   <mods:identifier type="local">Accession number MSS1998-0378</mods:identifier>
   <mods:identifier type="local">uconn_asc_1998-0378_map_4_23_29.tif</mods:identifier>
   <mods:accessCondition type="use and reproduction">These Materials are provided for educational and research purposes only. The University of Connecticut Libraries hold the copyright except where noted. Permission must be obtained in writing from the University of Connecticut Libraries and/or the owner(s) of the copyright to publish reproductions or quotations beyond "fair use."</mods:accessCondition>
   <mods:accessCondition type="restrictions on access">The collection is open and available for research.</mods:accessCondition>
   <mods:extension xmlns:fgdc="http://www.fgdc.gov/schemas/metadata/fgdc-std-001-1998.xsd">
      <fgdc:metadata>
         <fgdc:idinfo>
            <fgdc:spdom>
               <fgdc:bounding>
                  <fgdc:westbc>-71.997952</fgdc:westbc>
                  <fgdc:eastbc>-71.988179</fgdc:eastbc>
                  <fgdc:northbc>42.060138</fgdc:northbc>
                  <fgdc:southbc>42.052287</fgdc:southbc>
               </fgdc:bounding>
            </fgdc:spdom>
         </fgdc:idinfo>
      </fgdc:metadata>
   </mods:extension>
   <mods:recordInfo>
      <mods:recordContentSource>University of Connecticut Libraries</mods:recordContentSource>
      <mods:recordCreationDate encoding="w3cdtf">2015-04-07-04:00</mods:recordCreationDate>
      <mods:languageOfCataloging>
         <mods:languageTerm authority="iso639-2b" type="code">eng</mods:languageTerm>
      </mods:languageOfCataloging>
      <mods:recordOrigin>This MODS record was migrated from University of Connecticut Libraries Archives and Special Collections CONTENTdm site. . Other information: reviewed by wda</mods:recordOrigin>
   </mods:recordInfo>
<identifier xmlns="http://www.loc.gov/mods/v3" type="hdl">http://hdl.handle.net/11134/20002:860073301</identifier></mods:mods></metadata></record><record><header><identifier>oai:drupal-site.org:20002_860060068</identifier><datestamp>2015-09-01T14:18:31Z</datestamp><setSpec>20002_MSS19880010</setSpec></header><metadata><mods:mods xmlns:mods="http://www.loc.gov/mods/v3" xmlns="http://www.loc.gov/mods/v3" xmlns:xsi="http://www.w3.org/2001/XMLSchema-instance" xmlns:xlink="http://www.w3.org/1999/xlink">
  <mods:titleInfo>
    <mods:title>Speedsmen at Lee Farms</mods:title>
  </mods:titleInfo>
  <mods:name type="personal" authority="naf" valueURI="http://lccn.loc.gov/n2009161601">
    <mods:namePart>Manter, Jerauld A., 1889-1990</mods:namePart>
    <mods:role>
      <mods:roleTerm type="text" authority="marcrelator">Creator</mods:roleTerm>
    </mods:role>
  </mods:name>
  <mods:typeOfResource>still image</mods:typeOfResource>
  <mods:physicalDescription>
    <mods:internetMediaType>image/jp2</mods:internetMediaType>
    <mods:digitalOrigin>reformatted digital</mods:digitalOrigin>
  </mods:physicalDescription>
  <mods:note type="ownership">Archives &amp; Special Collections at the Thomas J. Dodd Research Center, University of Connecticut Libraries</mods:note>
  <mods:note type="source note">Jerauld A. Manter Photograph Collection, University of Connecticut Photograph Collection</mods:note>
  <mods:note type="source identifier">1988-0010/RG4</mods:note>
  <mods:accessCondition type="use and reproduction">These Materials are provided for educational and research purposes only. The University of Connecticut Libraries hold the copyright except where noted. Permission must be obtained in writing from the University of Connecticut Libraries and/or the owner(s) of the copyright to publish reproductions or quotations beyond "fair use."</mods:accessCondition>
  <mods:recordInfo>
    <mods:recordContentSource>University of Connecticut Libraries</mods:recordContentSource>
    <mods:languageOfCataloging>
      <mods:languageTerm type="code" authority="iso639-2b">eng</mods:languageTerm>
    </mods:languageOfCataloging>
  </mods:recordInfo>
  <mods:targetAudience>CHO</mods:targetAudience>
  <mods:genre authority="aat" valueURI="300127173">negatives (photographic)</mods:genre>
  <mods:originInfo>
    <mods:dateIssued encoding="w3cdtf" keyDate="yes">1945</mods:dateIssued>
  </mods:originInfo>
  <mods:subject>
    <mods:topic authority="" authorityURI="http://id.worldcat.org/fast/801355">Agriculture</mods:topic>
    <mods:topic authority="" authorityURI="http://id.worldcat.org/fast/921422">Farms</mods:topic>
    <mods:geographic authority="tgn" valueURI="2016740">Coventry (inhabited place)</mods:geographic>
    <mods:geographic authority="tgn" valueURI="7007159">Connecticut (state)</mods:geographic>
    <mods:name type="corporate" authority="naf" valueURI="http://lccn.loc.gov/n79056688">
      <mods:namePart>University of Connecticut</mods:namePart>
    </mods:name>
    <mods:name type="corporate" authority="naf" valueURI="http://lccn.loc.gov/n92059445">
      <mods:namePart>Connecticut State College</mods:namePart>
    </mods:name>
    <mods:name type="personal" valueURI="http://lccn.loc.gov/n2009161601">
      <mods:namePart>Manter, Jerauld A., 1889-1990</mods:namePart>
    </mods:name>
  </mods:subject>
  <mods:identifier type="local">1988-0010/RG4/Series1/Box440:394</mods:identifier>
  <mods:identifier type="local">39153019690603</mods:identifier>
  <mods:accessCondition type="restrictions on access">The collection is open and available for research.</mods:accessCondition>
  
<identifier type="hdl">http://hdl.handle.net/11134/20002:860060068</identifier></mods:mods></metadata></record><record><header><identifier>oai:drupal-site.org:20002_860182737</identifier><datestamp>2016-08-05T17:49:27Z</datestamp><setSpec>20002_20070029</setSpec></header><metadata><mods:mods xmlns:mods="http://www.loc.gov/mods/v3" xmlns="http://www.loc.gov/mods/v3" xmlns:xsi="http://www.w3.org/2001/XMLSchema-instance" xmlns:xlink="http://www.w3.org/1999/xlink">
  <mods:titleInfo>
    <mods:title>Submarine Base New London Powerpoint</mods:title>
  </mods:titleInfo>
  <mods:name type="personal" authority="naf" valueURI="https://lccn.loc.gov/no2010114137">
    <mods:namePart>Simmons, Rob (Robert Ruhl), 1943-</mods:namePart>
    <mods:role>
      <mods:roleTerm type="text" authority="marcrelator">Collector</mods:roleTerm>
    </mods:role>
  </mods:name>
  <mods:typeOfResource>text</mods:typeOfResource>
  <mods:genre authority="aat" valueURI="300404198">digital media</mods:genre>
  <mods:originInfo>
    <mods:dateIssued encoding="w3cdtf" keyDate="yes">2005-02-28</mods:dateIssued>
  </mods:originInfo>
  <mods:physicalDescription>
    <mods:internetMediaType>application/vnd.ms-powerpoint</mods:internetMediaType>
    <mods:digitalOrigin>born digital</mods:digitalOrigin>
  </mods:physicalDescription>
  <mods:note type="ownership">Archives &amp; Special Collections at the Thomas J. Dodd Research Center, University of Connecticut Libraries</mods:note>
  <mods:note type="source note">Robert R. Simmons Papers</mods:note>
  <mods:note type="source identifier">MSS 2007.0029</mods:note>
  <mods:subject>
    <mods:topic authority="fast" valueURI="http://id.worldcat.org/fast/1020986">Military bases</mods:topic>
    <mods:geographic authority="tgn" valueURI="7014213">New London (inhabited place)</mods:geographic>
  </mods:subject>
  <mods:identifier type="local">MSS 2007.0029</mods:identifier>
  <mods:identifier type="local">SUBASE pier 6 brief to simmons FINAL_02282005.ppt</mods:identifier>
  <mods:accessCondition type="use and reproduction">This work is licensed under a Creative Commons Attribution-NonCommercial 4.0 International License, CC BY-NC.</mods:accessCondition>
  <mods:recordInfo>
    <mods:recordContentSource>University of Connecticut Libraries</mods:recordContentSource>
    <mods:languageOfCataloging>
      <mods:languageTerm type="code" authority="iso639-2b">eng</mods:languageTerm>
    </mods:languageOfCataloging>
  </mods:recordInfo>
<identifier type="hdl">http://hdl.handle.net/11134/20002:860182737</identifier></mods:mods></metadata></record><record><header><identifier>oai:drupal-site.org:20002_860244543</identifier><datestamp>2017-02-15T16:03:53Z</datestamp><setSpec>20002_darksidestillimages</setSpec></header><metadata><mods:mods xmlns:mods="http://www.loc.gov/mods/v3" xmlns="http://www.loc.gov/mods/v3" xmlns:xsi="http://www.w3.org/2001/XMLSchema-instance" xmlns:xlink="http://www.w3.org/1999/xlink">
  <mods:titleInfo type="alternative">
    <mods:title>Children In Soubré</mods:title>
  </mods:titleInfo>
  <mods:name type="personal" authority="naf" valueURI="https://lccn.loc.gov/n97852224">
    <mods:namePart>Romano, U. Roberto</mods:namePart>
    <mods:role>
      <mods:roleTerm type="text" authority="marcrelator">Creator</mods:roleTerm>
    </mods:role>
  </mods:name>
  <mods:typeOfResource>still image</mods:typeOfResource>
  <mods:genre authority="aat" valueURI="300046300">photographs</mods:genre>
  <mods:originInfo>
    <mods:dateIssued encoding="w3cdtf" keyDate="yes">2005-12-23</mods:dateIssued>
  </mods:originInfo>
  <mods:physicalDescription>
    <mods:internetMediaType>image/jpg</mods:internetMediaType>
    <mods:digitalOrigin>born digital</mods:digitalOrigin>
  </mods:physicalDescription>
  <mods:abstract>Children stand on a dirt road in Soubré, Côte d'Iviore.</mods:abstract>
  <mods:note type="ownership">Archives &amp; Special Collections at the Thomas J. Dodd Research Center, University of Connecticut Libraries</mods:note>
  <mods:note type="source note">U. Roberto (Robin) Romano Papers, 1971-2011</mods:note>
  <mods:subject>
    <mods:topic authority="fast" valueURI="858292">Chocolate industry</mods:topic>
    <mods:topic authority="fast" valueURI="856519">Children's rights</mods:topic>
    <mods:topic authority="fast" valueURI="963285">Human rights</mods:topic>
    <mods:topic authority="fast" valueURI="1065800">Plantations</mods:topic>
    <mods:geographic authority="tgn" valueURI="1090406">Soubré (inhabited place)</mods:geographic>
    <mods:geographic authority="tgn" valueURI="1000168">Côte d'Ivoire (nation)</mods:geographic>
    <mods:geographic authority="tgn" valueURI="7001242">Africa (continent)</mods:geographic>
    <mods:cartographics>
      <mods:coordinates>5.7830, -6.5930</mods:coordinates>
    </mods:cartographics>
    <mods:name type="personal" authority="naf" valueURI="https://lccn.loc.gov/n97852224">
      <mods:namePart>Romano, U. Roberto</mods:namePart>
    </mods:name>
  </mods:subject>
  <mods:identifier type="local">7132FN10</mods:identifier>
  <mods:accessCondition type="use and reproduction">This work is licensed under a Creative Commons Attribution-NonCommercial 4.0 International License, CC BY-NC.</mods:accessCondition>
  <mods:recordInfo>
    <mods:recordContentSource>University of Connecticut Libraries</mods:recordContentSource>
    <mods:languageOfCataloging>
      <mods:languageTerm type="code" authority="iso639-2b">eng</mods:languageTerm>
    </mods:languageOfCataloging>
  </mods:recordInfo>
<identifier type="hdl">http://hdl.handle.net/11134/20002:860244543</identifier></mods:mods></metadata></record><record><header><identifier>oai:drupal-site.org:20002_860246659</identifier><datestamp>2017-02-22T14:37:23Z</datestamp><setSpec>20002_20140197</setSpec></header><metadata><mods:mods xmlns:mods="http://www.loc.gov/mods/v3" xmlns:xlink="http://www.w3.org/1999/xlink" xmlns:xsi="http://www.w3.org/2001/XMLSchema-instance">
   <mods:titleInfo>
      <mods:title>Shank, William</mods:title>
   </mods:titleInfo>
   <mods:name type="personal" authority="local">
      <mods:namePart>Smith, James T., 1846-1926</mods:namePart>
      <mods:role>
         <mods:roleTerm authority="marcrelator" authorityURI="http://id.loc.gov/vocabulary/relators" valueURI="http://id.loc.gov/vocabulary/relators/col" type="text">Collector</mods:roleTerm>
      </mods:role>
   </mods:name>
   <mods:typeOfResource>text</mods:typeOfResource>
   <mods:genre authority="aat" valueURI="300027822">military records</mods:genre>
   <mods:originInfo>
      <mods:dateIssued encoding="w3cdtf" keyDate="yes">1865</mods:dateIssued>
   </mods:originInfo>
   <mods:physicalDescription>
      <mods:digitalOrigin>reformatted digital</mods:digitalOrigin>
   </mods:physicalDescription>
   <mods:note type="ownership">Archives &amp; Special Collections at the Thomas J. Dodd Research Center, University of Connecticut Libraries</mods:note>
   <mods:identifier type="local">2014-0197/JamesT.SmithPapers/SeriesII/Box2:45</mods:identifier>
   <mods:identifier type="local">MSS 2014.0197</mods:identifier>
   <mods:identifier>39153013986056</mods:identifier>
   <mods:identifier type="local"/>
   <mods:identifier type="local">39153013986056</mods:identifier>
   <mods:accessCondition type="use and reproduction">This work is licensed under a Creative Commons Attribution-NonCommercial 4.0 International License, CC BY-NC.</mods:accessCondition>
   <mods:recordInfo>
      <mods:recordContentSource>University of Connecticut Libraries</mods:recordContentSource>
      <mods:recordCreationDate encoding="w3cdtf">2017-02-21-05:00</mods:recordCreationDate>
      <mods:languageOfCataloging>
         <mods:languageTerm authority="iso639-2b" type="code">eng</mods:languageTerm>
      </mods:languageOfCataloging>
      <mods:recordOrigin>This record was created using the spreadsheet workflow.</mods:recordOrigin>
   </mods:recordInfo>
<identifier xmlns="http://www.loc.gov/mods/v3" type="hdl">http://hdl.handle.net/11134/20002:860246659</identifier></mods:mods></metadata></record><record><header><identifier>oai:drupal-site.org:20002_860133785</identifier><datestamp>2016-03-22T16:24:02Z</datestamp><setSpec>20002_CG</setSpec></header><metadata><mods:mods xmlns:mods="http://www.loc.gov/mods/v3" xmlns="http://www.loc.gov/mods/v3" xmlns:xsi="http://www.w3.org/2001/XMLSchema-instance" xmlns:xlink="http://www.w3.org/1999/xlink">
  <mods:titleInfo>
    <mods:title>A Guide to the University of Connecticut, Undergraduate Student Government Records</mods:title>
  </mods:titleInfo>
  <mods:typeOfResource>text</mods:typeOfResource>
  <mods:genre authority="aat" valueURI="300026539">finding aids</mods:genre>
  <mods:originInfo>
    <mods:dateIssued encoding="w3cdtf" keyDate="yes">1993</mods:dateIssued>
  </mods:originInfo>
  <mods:note type="ownership">Archives &amp; Special Collections at the Thomas J. Dodd Research Center, University of Connecticut Libraries</mods:note>
  <mods:subject>
    <mods:topic>College student government</mods:topic>
    <mods:topic>Student government</mods:topic>
    <mods:topic>Universities and colleges</mods:topic>
    <mods:geographic>Connecticut</mods:geographic>
  </mods:subject>
  <mods:accessCondition type="use and reproduction">This work is licensed under a Creative Commons Attribution-NonCommercial 4.0 International License, CC BY-NC.</mods:accessCondition>
  <mods:recordInfo>
    <mods:recordContentSource>University of Connecticut Libraries</mods:recordContentSource>
    <mods:languageOfCataloging>
      <mods:languageTerm type="code" authority="iso639-2b">eng</mods:languageTerm>
    </mods:languageOfCataloging>
  </mods:recordInfo>
<identifier type="hdl">http://hdl.handle.net/11134/20002:860133785</identifier></mods:mods></metadata></record><record><header><identifier>oai:drupal-site.org:20002_859919984</identifier><datestamp>2014-12-10T14:04:50Z</datestamp><setSpec>20002_MSS20000039</setSpec></header><metadata><mods:mods xmlns:mods="http://www.loc.gov/mods/v3" xmlns:xlink="http://www.w3.org/1999/xlink" xmlns:xsi="http://www.w3.org/2001/XMLSchema-instance">
   <mods:titleInfo supplied="yes">
      <mods:title>Locomotive 3550</mods:title>
   </mods:titleInfo>
   <mods:titleInfo type="alternative">
      <mods:title>3550 NHRR, 4-8-2, Boston</mods:title>
   </mods:titleInfo>
   <mods:name type="personal" authority="local">
      <mods:namePart>Makowsky, Fred Otto</mods:namePart>
      <mods:role>
         <mods:roleTerm authority="marcrelator" authorityURI="http://id.loc.gov/vocabulary/relators" valueURI="http://id.loc.gov/vocabulary/relators/cre" type="text">Creator</mods:roleTerm>
      </mods:role>
   </mods:name>
   <mods:typeOfResource>still image</mods:typeOfResource>
   <mods:genre authority="aat" valueURI="300215302">digital images</mods:genre>
   <mods:originInfo>
      <mods:dateIssued encoding="w3cdtf" keyDate="yes">1939</mods:dateIssued>
   </mods:originInfo>
   <mods:physicalDescription>
      <mods:internetMediaType/>
      <mods:digitalOrigin>reformatted digital</mods:digitalOrigin>
      <mods:note type="physical description">Source extent: 1 photographic print ; 7 x 11 cm.</mods:note>
   </mods:physicalDescription>
   <mods:abstract>Right side three-quarter view of New Haven Railroad steam engine number 3550, engine type 4-8-2, in front of building.Two employees in cab. Three-cylinder engine.</mods:abstract>
   <mods:note type="ownership">Archives &amp; Special Collections at the Thomas J. Dodd Research Center, University of Connecticut Libraries</mods:note>
   <mods:note type="source note">Fred Otto Makowsky papers</mods:note>
   <mods:note>7-17-1939.Title supplied by cataloger.</mods:note>
   <mods:subject>
      <mods:topic>Steam locomotives -- Massachusetts -- Boston</mods:topic>
      <mods:topic>Railroad locomotives -- Massachusetts -- Boston -- 1930-1940</mods:topic>
      <mods:topic>Railroad employees</mods:topic>
      <mods:geographic>Boston (Mass.)</mods:geographic>
      <mods:name type="corporate" authority="local">
         <mods:namePart>New York, New Haven, and Hartford Railroad Company</mods:namePart>
      </mods:name>
   </mods:subject>
   <mods:identifier type="local">Accession number UC18 0792. (OCoLC)ocm48877572</mods:identifier>
   <mods:identifier type="local">UC18 0792-006.jpg</mods:identifier>
   <mods:accessCondition type="use and reproduction">These Materials are provided for educational and research purposes only. The University of Connecticut Libraries hold the copyright except where noted. Permission must be obtained in writing from the University of Connecticut Libraries and/or the owner(s) of the copyright to publish reproductions or quotations beyond "fair use."</mods:accessCondition>
   <mods:accessCondition type="restrictions on access">The collection is open and available for research.</mods:accessCondition>
   <mods:recordInfo>
      <mods:recordContentSource>University of Connecticut Libraries</mods:recordContentSource>
      <mods:recordCreationDate encoding="w3cdtf">2014-09-17-04:00</mods:recordCreationDate>
      <mods:languageOfCataloging>
         <mods:languageTerm authority="iso639-2b" type="code">eng</mods:languageTerm>
      </mods:languageOfCataloging>
      <mods:recordOrigin>This MODS record was migrated from CHO's CONTENTdm, with the following Reference URL: http://images.lib.uconn.edu:81/u?/photographs,504. Other information: transfered to photo collection by wda--1/22/08</mods:recordOrigin>
   </mods:recordInfo>
<identifier xmlns="http://www.loc.gov/mods/v3" type="hdl">http://hdl.handle.net/11134/20002:859919984</identifier></mods:mods></metadata></record><record><header><identifier>oai:drupal-site.org:20002_860235333</identifier><datestamp>2017-01-20T17:48:19Z</datestamp><setSpec>20002_MSS19880010</setSpec></header><metadata><mods:mods xmlns:mods="http://www.loc.gov/mods/v3" xmlns:xlink="http://www.w3.org/1999/xlink" xmlns:xsi="http://www.w3.org/2001/XMLSchema-instance">
   <mods:titleInfo>
      <mods:title>Civil Engineering--Edson B. Gerks Scholars in Transportation, Jim Purcell</mods:title>
   </mods:titleInfo>
   <mods:name type="corporate" authority="lcnaf" valueURI="http://lccn.loc.gov/n79056688">
      <mods:namePart>University of Connecticut</mods:namePart>
      <mods:role>
         <mods:roleTerm authority="marcrelator" authorityURI="http://id.loc.gov/vocabulary/relators" valueURI="http://id.loc.gov/vocabulary/relators/col" type="text">Collector</mods:roleTerm>
      </mods:role>
   </mods:name>
   <mods:typeOfResource>still image</mods:typeOfResource>
   <mods:genre authority="aat" valueURI="">negatives (photographic)</mods:genre>
   <mods:originInfo>
      <mods:dateIssued encoding="w3cdtf" keyDate="yes">1986-07-22</mods:dateIssued>
   </mods:originInfo>
   <mods:physicalDescription>
      <mods:digitalOrigin>reformatted digital</mods:digitalOrigin>
   </mods:physicalDescription>
   <mods:note type="ownership">Archives &amp; Special Collections at the Thomas J. Dodd Research Center, University of Connecticut Libraries</mods:note>
   <mods:subject>
      <mods:topic authority="fast" valueURI="http://id.worldcat.org/fast/867976">College students</mods:topic>
   </mods:subject>
   <mods:subject>
      <mods:topic authority="fast" valueURI="http://id.worldcat.org/fast/824442">Awards</mods:topic>
   </mods:subject>
   <mods:subject>
      <mods:name type="corporate" authority="lcnaf" valueURI="https://lccn.loc.gov/no89009843">
         <mods:namePart>University of Connecticut. School of Engineering</mods:namePart>
      </mods:name>
   </mods:subject>
   <mods:subject>
      <mods:cartographics>
         <mods:coordinates>41.8000,-72.2500</mods:coordinates>
      </mods:cartographics>
   </mods:subject>
   <mods:identifier type="local">1988-0010/RG3/Box 262/63449</mods:identifier>
   <mods:identifier type="local">MSS 1988.0010RG3</mods:identifier>
   <mods:identifier>39153019709023</mods:identifier>
   <mods:identifier type="local"/>
   <mods:identifier type="local">39153019709023_0772</mods:identifier>
   <mods:accessCondition type="use and reproduction">This work is licensed under a Creative Commons Attribution-NonCommercial 4.0 International License, CC BY-NC.</mods:accessCondition>
   <mods:recordInfo>
      <mods:recordContentSource>University of Connecticut Libraries</mods:recordContentSource>
      <mods:recordCreationDate encoding="w3cdtf">2016-12-29-05:00</mods:recordCreationDate>
      <mods:languageOfCataloging>
         <mods:languageTerm authority="iso639-2b" type="code">eng</mods:languageTerm>
      </mods:languageOfCataloging>
      <mods:recordOrigin>This record was created using the spreadsheet workflow.</mods:recordOrigin>
   </mods:recordInfo>
<identifier xmlns="http://www.loc.gov/mods/v3" type="hdl">http://hdl.handle.net/11134/20002:860235333</identifier></mods:mods></metadata></record><record><header><identifier>oai:drupal-site.org:20002_860060990</identifier><datestamp>2016-10-17T23:15:00Z</datestamp><setSpec>20002_MSS19880010</setSpec></header><metadata><mods:mods xmlns:mods="http://www.loc.gov/mods/v3" xmlns="http://www.loc.gov/mods/v3" xmlns:xsi="http://www.w3.org/2001/XMLSchema-instance" xmlns:xlink="http://www.w3.org/1999/xlink">
  <mods:targetAudience>CHO</mods:targetAudience>
  <mods:titleInfo>
    <mods:title>Commencement</mods:title>
  </mods:titleInfo>
  <mods:name authority="local">
    <mods:namePart>Morenus, Peter</mods:namePart>
    <mods:role>
      <mods:roleTerm type="text" authority="marcrelator">Creator</mods:roleTerm>
    </mods:role>
  </mods:name>
  <mods:typeOfResource>still image</mods:typeOfResource>
  <mods:genre authority="aat" valueURI="300046300">photographs</mods:genre>
  <mods:originInfo>
    <mods:dateIssued encoding="w3cdtf" keyDate="yes">2002-05-18</mods:dateIssued>
  </mods:originInfo>
  <mods:physicalDescription>
    <mods:internetMediaType>image/jpeg</mods:internetMediaType>
    <mods:digitalOrigin>born digital</mods:digitalOrigin>
  </mods:physicalDescription>
  <mods:note type="ownership">Archives &amp; Special Collections at the Thomas J. Dodd Research Center, University of Connecticut Libraries</mods:note>
  <mods:note type="source note">University of Connecticut Photograph Collection</mods:note>
  <mods:note type="source identifier">MSS 1988.0010</mods:note>
  <mods:subject>
    <mods:topic authority="fast" valueURI="http://id.worldcat.org/fast/869276">Commencement ceremonies</mods:topic>
    <mods:geographic authority="tgn" valueURI="70145549">Storrs (inhabited place)</mods:geographic>
  </mods:subject>
  <mods:identifier type="local">MSS 1988.0010</mods:identifier>
  <mods:accessCondition type="use and reproduction">These Materials are provided for educational and research purposes only. The University of Connecticut Libraries hold the copyright except where noted. Permission must be obtained in writing from the University of Connecticut Libraries and/or the owner(s) of the copyright to publish reproductions or quotations beyond "fair use."</mods:accessCondition>
  <mods:accessCondition type="restrictions on access">The collection is open and available for research.</mods:accessCondition>
  <mods:recordInfo>
    <mods:recordContentSource>University of Connecticut Libraries</mods:recordContentSource>
    <mods:languageOfCataloging>
      <mods:languageTerm type="code" authority="iso639-2b">eng</mods:languageTerm>
    </mods:languageOfCataloging>
  </mods:recordInfo>
<identifier type="hdl">http://hdl.handle.net/11134/20002:860060990</identifier></mods:mods></metadata></record><record><header><identifier>oai:drupal-site.org:20002_860061847</identifier><datestamp>2016-06-21T17:50:40Z</datestamp><setSpec>20002_MSS19880010</setSpec></header><metadata><mods:mods xmlns:mods="http://www.loc.gov/mods/v3" xmlns="http://www.loc.gov/mods/v3" xmlns:xsi="http://www.w3.org/2001/XMLSchema-instance" xmlns:xlink="http://www.w3.org/1999/xlink" version="3.5" xsi:schemaLocation="http://www.loc.gov/mods/v3 http://www.loc.gov/standards/mods/v3/mods-3-5.xsd">
  <mods:titleInfo>
    <mods:title>4-H Caring for a Baby</mods:title>
  </mods:titleInfo>
  <mods:name type="personal" authority="naf" valueURI="http://lccn.loc.gov/n2009161601">
    <mods:namePart>Manter, Jerauld A., 1889-1990</mods:namePart>
    <mods:role>
      <mods:roleTerm type="text" authority="marcrelator">Creator</mods:roleTerm>
    </mods:role>
  </mods:name>
  <mods:typeOfResource>still image</mods:typeOfResource>
  <mods:physicalDescription>
    <mods:internetMediaType>image/jp2</mods:internetMediaType>
    <mods:digitalOrigin>reformatted digital</mods:digitalOrigin>
    <mods:form>black and white</mods:form>
  </mods:physicalDescription>
  <mods:note type="ownership">Archives &amp; Special Collections at the Thomas J. Dodd Research Center, University of Connecticut Libraries</mods:note>
  <mods:note type="source note">Jerauld A. Manter Photograph Collection, University of Connecticut Photograph Collection</mods:note>
  <mods:note type="source identifier">1988-0010/RG4</mods:note>
  <mods:accessCondition type="use and reproduction">This work is licensed under a Creative Commons Attribution-NonCommercial 4.0 International License, CC BY-NC.</mods:accessCondition>
  <mods:recordInfo>
    <mods:recordContentSource>University of Connecticut Libraries</mods:recordContentSource>
    <mods:languageOfCataloging>
      <mods:languageTerm type="code" authority="iso639-2b">eng</mods:languageTerm>
    </mods:languageOfCataloging>
  </mods:recordInfo>
  <mods:targetAudience>CHO</mods:targetAudience>
  <mods:genre authority="aat" valueURI="300127173">negatives (photographic)</mods:genre>
  <mods:originInfo>
    <mods:dateIssued encoding="w3cdtf" keyDate="yes">1944</mods:dateIssued>
  </mods:originInfo>
  <mods:subject>
    <mods:topic authorityURI="http://id.worldcat.org/fast/793713" authority="fast" valueURI="http://id.worldcat.org/fast/793713">4-H clubs</mods:topic>
    <mods:topic authorityURI="http://id.worldcat.org/fast/854292" authority="fast" valueURI="http://id.worldcat.org/fast/854292">Child care</mods:topic>
    <mods:geographic authority="tgn" valueURI="7014549">Storrs (inhabited place)</mods:geographic>
    <mods:geographic authority="tgn" valueURI="7007159">Connecticut (state)</mods:geographic>
    <mods:name type="corporate" authority="naf" valueURI="http://lccn.loc.gov/n79056688">
      <mods:namePart>University of Connecticut</mods:namePart>
    </mods:name>
    <mods:name type="corporate" authority="naf" valueURI="http://lccn.loc.gov/n92059445">
      <mods:namePart>Connecticut State College</mods:namePart>
    </mods:name>
    <mods:name type="personal" valueURI="http://lccn.loc.gov/n2009161601" authority="naf">
      <mods:namePart>Manter, Jerauld A., 1889-1990</mods:namePart>
    </mods:name>
    <mods:cartographics>
      <mods:coordinates>41.8000, -72.2500</mods:coordinates>
    </mods:cartographics>
  </mods:subject>
  <mods:identifier type="local">1988-0010/RG4/Series1/Box 439:340</mods:identifier>
  <mods:identifier type="local">39153019689308</mods:identifier>
  <mods:accessCondition type="restrictions on access">The collection is open and available for research.</mods:accessCondition>
  <identifier type="hdl">http://hdl.handle.net/11134/20002:860061847</identifier>
  <mods:titleInfo>
    <mods:title>4-H Young Woman and Toddler</mods:title>
  </mods:titleInfo>
  <mods:abstract>Outside, a young woman in a striped dress leaning over a baby's crib, carefully giving juice (or some dark liquid) to toddler standing within. Brick wall and window in background.</mods:abstract>
</mods:mods></metadata></record><record><header><identifier>oai:drupal-site.org:20002_860138543</identifier><datestamp>2016-04-14T15:24:20Z</datestamp><setSpec>20002_Skating</setSpec></header><metadata><mods:mods xmlns:mods="http://www.loc.gov/mods/v3" xmlns="http://www.loc.gov/mods/v3" xmlns:xsi="http://www.w3.org/2001/XMLSchema-instance" xmlns:xlink="http://www.w3.org/1999/xlink">
  <mods:titleInfo>
    <mods:nonSort>The</mods:nonSort>
    <mods:title>Art of skating : founded on certain principles deduced from many years' experience ... Illustrated with plates, representing the attitudes and graces</mods:title>
  </mods:titleInfo>
  <mods:name type="personal" authority="local">
    <mods:namePart>Jones, Robert, Capt.</mods:namePart>
    <mods:role>
      <mods:roleTerm type="text" authority="marcrelator">Creator</mods:roleTerm>
    </mods:role>
  </mods:name>
  <mods:typeOfResource>text</mods:typeOfResource>
  <mods:genre authority="aat" valueURI="300028051">books</mods:genre>
  <mods:originInfo>
    <mods:place>
      <mods:placeTerm type="text">London</mods:placeTerm>
    </mods:place>
    <mods:publisher>Printed for William Cole</mods:publisher>
    <mods:dateIssued encoding="w3cdtf" keyDate="yes" qualifier="approximate">1805</mods:dateIssued>
  </mods:originInfo>
  <mods:physicalDescription>
    <mods:internetMediaType>image/jp2</mods:internetMediaType>
    <mods:digitalOrigin>reformatted digital</mods:digitalOrigin>
    <mods:note type="physical description">24 pages, [1] leaf of plates : plate ; 20 cm</mods:note>
  </mods:physicalDescription>
  <mods:note type="ownership">Archives &amp; Special Collections at the Thomas J. Dodd Research Center, University of Connecticut Libraries</mods:note>
  <mods:note>Original edition, published 1772, has title: A treatise on skating.</mods:note>
  <mods:subject>
    <mods:topic authority="fast" valueURI="http://id.worldcat.org/fast/1119901">Skating</mods:topic>
  </mods:subject>
  <mods:identifier type="local">29021498</mods:identifier>
  <mods:identifier type="local">Skating 216</mods:identifier>
  <mods:accessCondition type="use and reproduction">This work is licensed under a Creative Commons Attribution-NonCommercial 4.0 International License, CC BY-NC.</mods:accessCondition>
  <mods:recordInfo>
    <mods:recordContentSource>University of Connecticut Libraries</mods:recordContentSource>
    <mods:languageOfCataloging>
      <mods:languageTerm type="code" authority="iso639-2b">eng</mods:languageTerm>
    </mods:languageOfCataloging>
  </mods:recordInfo>
<identifier type="hdl">http://hdl.handle.net/11134/20002:860138543</identifier></mods:mods></metadata></record><record><header><identifier>oai:drupal-site.org:20002_860199846</identifier><datestamp>2016-09-20T16:59:13Z</datestamp><setSpec>20002_brickkilns</setSpec></header><metadata><mods:mods xmlns:mods="http://www.loc.gov/mods/v3" xmlns="http://www.loc.gov/mods/v3" xmlns:xsi="http://www.w3.org/2001/XMLSchema-instance" xmlns:xlink="http://www.w3.org/1999/xlink">
  <mods:titleInfo>
    <mods:title>All Bonded (Slave) Laborers, A Mother Loads Clay Onto The Heads Of Her Children</mods:title>
  </mods:titleInfo>
  <mods:name type="personal" authority="naf" valueURI="https://lccn.loc.gov/n97852224">
    <mods:namePart>Romano, U. Roberto</mods:namePart>
    <mods:role>
      <mods:roleTerm type="text" authority="marcrelator">Creator</mods:roleTerm>
    </mods:role>
  </mods:name>
  <mods:typeOfResource>still image</mods:typeOfResource>
  <mods:genre authority="aat" valueURI="300046300">photographs</mods:genre>
  <mods:originInfo>
    <mods:dateIssued encoding="w3cdtf" keyDate="yes">2003</mods:dateIssued>
  </mods:originInfo>
  <mods:physicalDescription>
    <mods:internetMediaType>image/tiff</mods:internetMediaType>
    <mods:digitalOrigin>born digital</mods:digitalOrigin>
  </mods:physicalDescription>
  <mods:abstract>Thousands of brick kilns line the riverbanks in Bengal and the surrounding states of India. Most of the workers here are bonded (slave) laborers, and do not attend school. The families that work here are exploited 12-16 hours a day, 7 days a week. At night they sleep in the open or in makeshift shanties where sanitary conditions are non-existent. Over one quarter of the children working here have been trafficked from other areas where their parents have been forced to either sell them into debt bondage (slavery) or are dependent on the meager wages that these children can provide. Working all day in the hot sun where temperatures regularly climb above 100F (37C), child workers carry well over a ton of clay a day and crouch for hours as they fabricate thousands of bricks in old fashioned molds. Child workers tend to be chronically tired from the long hours and irregular rest, increasing the probability of accidents, injuries and deformity. Disease, malnutrition and permanent skeletal injury are common.</mods:abstract>
  <mods:note type="ownership">Archives &amp; Special Collections at the Thomas J. Dodd Research Center, University of Connecticut Libraries</mods:note>
  <mods:note type="source note">U. Roberto (Robin) Romano Papers, 1971-2011</mods:note>
  <mods:subject>
    <mods:topic authority="fast" valueURI="854472">Child labor</mods:topic>
    <mods:topic authority="lcsh" valueURI="838614">Bricks</mods:topic>
    <mods:topic authority="fast" valueURI="987514">Kilns</mods:topic>
    <mods:topic authority="fast" valueURI="963285">Human rights</mods:topic>
    <mods:geographic authority="tgn" valueURI="1001977">West Bengal (state)</mods:geographic>
    <mods:geographic authority="tgn" valueURI="7000198">India (nation)</mods:geographic>
    <mods:cartographics>
      <mods:coordinates>23 00 00 N  087 50 00 E</mods:coordinates>
    </mods:cartographics>
    <mods:name type="personal" authority="naf" valueURI="https://lccn.loc.gov/n97852224">
      <mods:namePart>Romano, U. Roberto</mods:namePart>
    </mods:name>
  </mods:subject>
  <mods:identifier type="local">UM0029FN15</mods:identifier>
  <mods:accessCondition type="use and reproduction">This work is licensed under a Creative Commons Attribution-NonCommercial 4.0 International License, CC BY-NC.</mods:accessCondition>
  <mods:recordInfo>
    <mods:recordContentSource>University of Connecticut Libraries</mods:recordContentSource>
    <mods:languageOfCataloging>
      <mods:languageTerm type="code" authority="iso639-2b">eng</mods:languageTerm>
    </mods:languageOfCataloging>
  </mods:recordInfo>
<identifier type="hdl">http://hdl.handle.net/11134/20002:860199846</identifier></mods:mods></metadata></record><record><header><identifier>oai:drupal-site.org:20002_860046497</identifier><datestamp>2016-02-04T00:32:27Z</datestamp><setSpec>20002_IMTNuremberg</setSpec></header><metadata><mods:mods xmlns:mods="http://www.loc.gov/mods/v3" xmlns:xlink="http://www.w3.org/1999/xlink" xmlns:xsi="http://www.w3.org/2001/XMLSchema-instance" xmlns="http://www.loc.gov/mods/v3" version="3.5" xsi:schemaLocation="http://www.loc.gov/mods/v3 http://www.loc.gov/standards/mods/v3/mods-3-5.xsd">
  <mods:titleInfo>
    <mods:title>Pre-Nuremberg photos of defendants (including Martin Bormann and Robert Ley)</mods:title>
  </mods:titleInfo>
  <mods:name authority="fast" authorityURI="http://id.worldcat.org/fast/255922" type="personal">
    <mods:namePart>Dodd, Thomas J. (Thomas Joseph), 1907-1971</mods:namePart>
    <mods:role>
      <mods:roleTerm authority="marcrelator" type="text">collector</mods:roleTerm>
    </mods:role>
  </mods:name>
  <mods:typeOfResource>text</mods:typeOfResource>
  <mods:genre authority="aat" authorityURI="300027590">legal documents</mods:genre>
  <mods:genre authority="aat" authorityURI="300027473">financial records</mods:genre>
  <mods:genre authority="aat" authorityURI="300026877">correspondence</mods:genre>
  <mods:genre authority="aat" authorityURI="300027425">administrative records</mods:genre>
  <mods:originInfo>
    <mods:publisher>Archives &amp; Special Collections at the Thomas J. Dodd Research Center, University of Connecticut Libraries</mods:publisher>
  </mods:originInfo>
  <mods:physicalDescription>
    <mods:internetMediaType>jp2</mods:internetMediaType>
    <mods:digitalOrigin>reformatted digital</mods:digitalOrigin>
  </mods:physicalDescription>
  <mods:abstract>Encompasses a wide range of subjects and is arranged thematically according to the following categories: General Administrative; Witnesses; Defense; Interrogations; Evidence;  Thomas Dodd; Justice  Robert Jackson; Transcript Indexes; Transcripts; Photographs; Other Trials; and Post-Trial.</mods:abstract>
  <mods:note type="Preferred Citation">Pre-Nuremberg photos of defendants (including Martin Bormann and Robert Ley), 371:8442, Thomas J. Dodd Papers. Archives &amp; Special Collections at the Thomas J. Dodd Research Center, University of Connecticut Libraries.</mods:note>
  <mods:subject>
    <mods:topic authority="fast" authorityURI="http://id.worldcat.org/fast/1709901">Nuremberg War Crime Trials (Germany : 1946-1949)</mods:topic>
    <mods:topic authority="fast" authorityURI="http://id.worldcat.org/fast/917186">Evidence (Law)</mods:topic>
    <mods:topic authority="fast" authorityURI="http://id.worldcat.org/fast/1715681">Legal briefs</mods:topic>
    <mods:topic authority="fast" authorityURI="http://id.worldcat.org/fast/796238">Actions and defenses</mods:topic>
  </mods:subject>
  <mods:identifier type="local">MSS19940065:371:8442</mods:identifier>
  <mods:accessCondition type="use and reproduction">This work is licensed under a Creative Commons Attribution-NonCommercial 4.0 International License, CC BY-NC.</mods:accessCondition>
  <mods:accessCondition type="use and reproduction" displayLabel="Digital Object Disclaimer">This work is licensed under a Creative Commons Attribution-NonCommercial 4.0 International License, CC BY-NC.</mods:accessCondition>
  <mods:accessCondition type="restrictions on access">The collection is open and available for research.</mods:accessCondition>
  <mods:accessCondition type="use and reproduction" displayLabel="Intellectual Rights Statement">This work is licensed under a Creative Commons Attribution-NonCommercial 4.0 International License, CC BY-NC.</mods:accessCondition>
  <mods:recordInfo>
    <mods:recordCreationDate encoding="w3cdtf">2011-12-16T15:09-0500</mods:recordCreationDate>
    <mods:recordOrigin>This finding aid was produced using the Archivists' Toolkit</mods:recordOrigin>
    <mods:languageOfCataloging>
      <mods:languageTerm type="code" authority="iso639-3">eng</mods:languageTerm>
    </mods:languageOfCataloging>
    <mods:descriptionStandard>Describing Archives: A Content Standard</mods:descriptionStandard>
    <mods:recordContentSource>University of Connecticut Libraries</mods:recordContentSource>
    <mods:languageOfCataloging>
      <mods:languageTerm type="code" authority="iso639-2b">eng</mods:languageTerm>
    </mods:languageOfCataloging>
  </mods:recordInfo>
  <identifier type="hdl">http://hdl.handle.net/11134/20002:860046497</identifier>
  <mods:note type="ownership">Archives &amp; Special Collections at the Thomas J. Dodd Research Center, University of Connecticut Libraries</mods:note>
  <mods:note type="source note">Thomas J. Dodd Papers</mods:note>
  <mods:note type="source identifier">MSS 1994.0065</mods:note>
</mods:mods></metadata></record><record><header><identifier>oai:drupal-site.org:20002_860029175</identifier><datestamp>2016-05-31T19:51:45Z</datestamp><setSpec>20002_MSS19880010</setSpec></header><metadata><mods:mods xmlns:mods="http://www.loc.gov/mods/v3" xmlns="http://www.loc.gov/mods/v3" xmlns:xsi="http://www.w3.org/2001/XMLSchema-instance" xmlns:xlink="http://www.w3.org/1999/xlink" version="3.5" xsi:schemaLocation="http://www.loc.gov/mods/v3 http://www.loc.gov/standards/mods/v3/mods-3-5.xsd">
  <mods:titleInfo>
    <mods:title>Football Player</mods:title>
  </mods:titleInfo>
  <mods:name type="personal" authority="naf" valueURI="http://lccn.loc.gov/n2009161601">
    <mods:namePart>Manter, Jerauld A., 1889-1990</mods:namePart>
    <mods:role>
      <mods:roleTerm type="text" authority="marcrelator">Creator</mods:roleTerm>
    </mods:role>
  </mods:name>
  <mods:typeOfResource>still image</mods:typeOfResource>
  <mods:physicalDescription>
    <mods:internetMediaType>image/jp2</mods:internetMediaType>
    <mods:digitalOrigin>reformatted digital</mods:digitalOrigin>
    <mods:form>black and white</mods:form>
  </mods:physicalDescription>
  <mods:note type="ownership">Archives &amp; Special Collections at the Thomas J. Dodd Research Center, University of Connecticut Libraries</mods:note>
  <mods:note type="source note">Jerauld A. Manter Photograph Collection, University of Connecticut Photograph Collection</mods:note>
  <mods:note type="source identifier">1988-0010/RG4</mods:note>
  <mods:accessCondition type="use and reproduction">This work is licensed under a Creative Commons Attribution-NonCommercial 4.0 International License, CC BY-NC.</mods:accessCondition>
  <mods:recordInfo>
    <mods:recordContentSource>University of Connecticut Libraries</mods:recordContentSource>
    <mods:languageOfCataloging>
      <mods:languageTerm type="code" authority="iso639-2b">eng</mods:languageTerm>
    </mods:languageOfCataloging>
  </mods:recordInfo>
  <mods:targetAudience>CHO</mods:targetAudience>
  <mods:genre authority="aat" valueURI="300127173">negatives (photographic)</mods:genre>
  <mods:subject>
    <mods:topic authority="fast" authorityURI="http://id.worldcat.org/fast/931425" valueURI="http://id.worldcat.org/fast/931425">Football players</mods:topic>
    <mods:geographic authority="tgn" valueURI="7014549">Storrs (inhabited place)</mods:geographic>
    <mods:geographic authority="tgn" valueURI="7007159">Connecticut (state)</mods:geographic>
    <mods:name type="corporate" authority="naf" valueURI="http://lccn.loc.gov/n79056688">
      <mods:namePart>University of Connecticut</mods:namePart>
    </mods:name>
    <mods:name type="corporate" authority="naf" valueURI="http://lccn.loc.gov/n92059445">
      <mods:namePart>Connecticut State College</mods:namePart>
    </mods:name>
    <mods:name type="personal" authority="naf" valueURI="http://lccn.loc.gov/n2009161601">
      <mods:namePart>Manter, Jerauld A., 1889-1990</mods:namePart>
    </mods:name>
    <mods:cartographics>
      <mods:coordinates>41.8000, -72.2500</mods:coordinates>
    </mods:cartographics>
  </mods:subject>
  <mods:identifier type="local">1988-0010/RG4/Series1/Box436:3</mods:identifier>
  <mods:identifier type="local">39153019683111</mods:identifier>
  <mods:accessCondition type="restrictions on access">The collection is open and available for research.</mods:accessCondition>
  <identifier type="hdl">http://hdl.handle.net/11134/20002:860029175</identifier>
  <mods:abstract>Football player, in uniform, pads, and helmet, crouching with one hand on the ground in front of him.</mods:abstract>
</mods:mods></metadata></record><record><header><identifier>oai:drupal-site.org:20002_860161416</identifier><datestamp>2016-08-16T13:26:14Z</datestamp><setSpec>20002_MSS19880010</setSpec></header><metadata><mods:mods xmlns:mods="http://www.loc.gov/mods/v3" xmlns="http://www.loc.gov/mods/v3" xmlns:xsi="http://www.w3.org/2001/XMLSchema-instance" xmlns:xlink="http://www.w3.org/1999/xlink">
  <mods:titleInfo>
    <mods:title>Baseball groups</mods:title>
  </mods:titleInfo>
  <mods:name type="personal" authority="naf" valueURI="http://lccn.loc.gov/n2009161601">
    <mods:namePart>Manter, Jerauld A., 1889-1990</mods:namePart>
    <mods:role>
      <mods:roleTerm type="text" authority="marcrelator">Creator</mods:roleTerm>
    </mods:role>
  </mods:name>
  <mods:typeOfResource>still image</mods:typeOfResource>
  <mods:physicalDescription>
    <mods:internetMediaType>image/jp2</mods:internetMediaType>
    <mods:digitalOrigin>reformatted digital</mods:digitalOrigin>
  </mods:physicalDescription>
  <mods:note type="ownership">Archives &amp; Special Collections at the Thomas J. Dodd Research Center, University of Connecticut Libraries</mods:note>
  <mods:note type="source note">Jerauld A. Manter Photograph Collection, University of Connecticut Photograph Collection</mods:note>
  <mods:note type="source identifier">1988-0010/RG4</mods:note>
  <mods:accessCondition type="use and reproduction">This work is licensed under a Creative Commons Attribution-NonCommercial 4.0 International License, CC BY-NC.</mods:accessCondition>
  <mods:recordInfo>
    <mods:recordContentSource>University of Connecticut Libraries</mods:recordContentSource>
    <mods:languageOfCataloging>
      <mods:languageTerm type="code" authority="iso639-2b">eng</mods:languageTerm>
    </mods:languageOfCataloging>
  </mods:recordInfo>
  <mods:targetAudience>CHO</mods:targetAudience>
  <mods:genre authority="aat" valueURI="300127173">negatives (photographic)</mods:genre>
  <mods:originInfo>
    <mods:dateIssued encoding="w3cdtf" keyDate="yes">1951</mods:dateIssued>
  </mods:originInfo>
  <mods:subject>
    <mods:topic authority="fast" authorityURI="http://id.worldcat.org/fast/828007">Baseball players</mods:topic>
    <mods:topic authority="fast" authorityURI="http://id.worldcat.org/fast/867688">College athletes</mods:topic>
    <mods:topic authority="fast" authorityURI="http://id.worldcat.org/fast/827904">Baseball</mods:topic>
    <mods:geographic authority="tgn" valueURI="7014549">Storrs (inhabited place)</mods:geographic>
    <mods:geographic authority="tgn" valueURI="7007159">Connecticut (state)</mods:geographic>
    
    <mods:name type="corporate" authority="naf" valueURI="http://lccn.loc.gov/n79056688">
      <mods:namePart>University of Connecticut</mods:namePart>
    </mods:name>
    
    <mods:name type="personal" authority="naf" valueURI="http://lccn.loc.gov/n2009161601">
      <mods:namePart>Manter, Jerauld A., 1889-1990</mods:namePart>
    </mods:name>
  </mods:subject>
  <mods:identifier type="local">1988-0010/RG4/Series1/Box446:1018</mods:identifier>
  <mods:identifier type="local">39153019278342</mods:identifier>
  <mods:accessCondition type="restrictions on access">The collection is open and available for research.</mods:accessCondition>
  
<identifier type="hdl">http://hdl.handle.net/11134/20002:860161416</identifier></mods:mods></metadata></record><record><header><identifier>oai:drupal-site.org:20002_860142387</identifier><datestamp>2016-11-11T20:14:34Z</datestamp><setSpec>20002_MSS19880010</setSpec></header><metadata><mods:mods xmlns:mods="http://www.loc.gov/mods/v3" xmlns="http://www.loc.gov/mods/v3" xmlns:xsi="http://www.w3.org/2001/XMLSchema-instance" xmlns:xlink="http://www.w3.org/1999/xlink">
  <mods:titleInfo>
    <mods:title>Sid Korando in Her Kitchen </mods:title>
  </mods:titleInfo>
  <mods:name type="personal" authority="naf" valueURI="http://lccn.loc.gov/n2009161601">
    <mods:namePart>Manter, Jerauld A., 1889-1990</mods:namePart>
    <mods:role>
      <mods:roleTerm type="text" authority="marcrelator">Creator</mods:roleTerm>
    </mods:role>
  </mods:name>
  <mods:typeOfResource>still image</mods:typeOfResource>
  <mods:physicalDescription>
    <mods:internetMediaType>image/jp2</mods:internetMediaType>
    <mods:digitalOrigin>reformatted digital</mods:digitalOrigin>
  </mods:physicalDescription>
  <mods:note type="ownership">Archives &amp; Special Collections at the Thomas J. Dodd Research Center, University of Connecticut Libraries</mods:note>
  <mods:note type="source note">Jerauld A. Manter Photograph Collection, University of Connecticut Photograph Collection</mods:note>
  <mods:note type="source identifier">1988-0010/RG4</mods:note>
  <mods:accessCondition type="use and reproduction">This work is licensed under a Creative Commons Attribution-NonCommercial 4.0 International License, CC BY-NC.</mods:accessCondition><mods:recordInfo>
    <mods:recordContentSource>University of Connecticut Libraries</mods:recordContentSource>
    <mods:languageOfCataloging>
      <mods:languageTerm type="code" authority="iso639-2b">eng</mods:languageTerm>
    </mods:languageOfCataloging>
  </mods:recordInfo>
  <mods:targetAudience>CHO</mods:targetAudience>
  <mods:genre authority="aat" valueURI="300127173">negatives (photographic)</mods:genre>
  <mods:originInfo>
    <mods:dateIssued encoding="w3cdtf" keyDate="yes">1954</mods:dateIssued>
  </mods:originInfo>
  <mods:subject>
    <mods:topic authority="fast" authorityURI="http://id.worldcat.org/fast/987926">Kitchens</mods:topic>
  
   <mods:geographic authority="tgn" valueURI="7014549">Storrs (inhabited place)</mods:geographic>
    <mods:geographic authority="tgn" valueURI="7007159">Connecticut (state)</mods:geographic>
    <mods:name type="corporate" authority="naf" valueURI="http://lccn.loc.gov/n79056688">
      <mods:namePart>University of Connecticut</mods:namePart>
    </mods:name>
   
    <mods:name type="personal" authority="naf" valueURI="http://lccn.loc.gov/n2009161601">
      <mods:namePart>Manter, Jerauld A., 1889-1990</mods:namePart>
    </mods:name>
   
  </mods:subject>
  <mods:identifier type="local">1988-0010/RG4/Series1/Box 447:1076</mods:identifier>
  <mods:identifier type="local">39153019278946</mods:identifier>
  <mods:accessCondition type="restrictions on access">The collection is open and available for research.</mods:accessCondition>
  
<identifier type="hdl">http://hdl.handle.net/11134/20002:860142387</identifier></mods:mods></metadata></record><resumptionToken expirationDate="2017-03-09T16:42:14Z" completeListSize="34302" cursor="1300">707450392</resumptionToken></ListRecords></OAI-PMH>

