<?xml version="1.0" encoding="UTF-8"?>
<OAI-PMH xmlns="http://www.openarchives.org/OAI/2.0/" xmlns:xsi="http://www.w3.org/2001/XMLSchema-instance" xsi:schemaLocation="http://www.openarchives.org/OAI/2.0/ http://www.openarchives.org/OAI/2.0/OAI-PMH.xsd"><responseDate>2017-03-17T18:44:20Z</responseDate><request>http://digitalcollections.biblio.org/oai2</request><ListRecords><record><header><identifier>oai:drupal-site.org:140019_4</identifier><datestamp>2017-02-06T17:06:50Z</datestamp><setSpec>140019_3</setSpec></header><metadata><mods xmlns="http://www.loc.gov/mods/v3" xmlns:mods="http://www.loc.gov/mods/v3" xmlns:xsi="http://www.w3.org/2001/XMLSchema-instance" xmlns:xlink="http://www.w3.org/1999/xlink">
  <targetAudience displayLabel="CHO">CHO</targetAudience>
  <titleInfo>
    <title>Branford Review 1935-11-07</title>
    <subTitle>East Haven News</subTitle>
  </titleInfo>
  <name type="personal">
    <namepart>Leshine, Meyer</namepart>
    <role>
      <roleTerm authority="marcrelator" type="text">Publisher</roleTerm>
    </role>
  </name>
  <typeOfResource>text</typeOfResource>
  <genre authority="marcgt">newspaper</genre>
  <note type="ownership">Hagaman Memorial Library</note>
  <originInfo>
    <dateIssued>1935-11-07</dateIssued>
    <issuance>serial</issuance>
    <frequency authority="marcfrequency">Weekly</frequency>
  </originInfo>
  <accessCondition type="use and reproduction">This work is licensed under a Creative Commons Attribution-NonCommercial 4.0 International License, CC BY-NC.</accessCondition>
  <subject>
    <geographic>(East Haven, Conn.)</geographic>
  </subject>
  <subject>
    <geographic>(Branford, Conn.)</geographic>
  </subject>
  <recordInfo>
    <recordContentSource>Hagaman Memorial Library</recordContentSource>
  </recordInfo>
</mods></metadata></record><record><header><identifier>oai:drupal-site.org:140019_3</identifier><datestamp>2017-02-06T20:32:52Z</datestamp><setSpec>140019_HagamanHistory</setSpec></header><metadata><mods:mods xmlns:mods="http://www.loc.gov/mods/v3" xmlns="http://www.loc.gov/mods/v3" xmlns:xsi="http://www.w3.org/2001/XMLSchema-instance" xmlns:xlink="http://www.w3.org/1999/xlink">
  <mods:targetAudience displayLabel="CHO">CHO</mods:targetAudience>
  <mods:titleInfo>
    <mods:title>Branford Review</mods:title>
    <mods:subTitle>East Haven News</mods:subTitle>
  </mods:titleInfo>
  <mods:name type="personal">
    <mods:namePart>Leshine, Meyer</mods:namePart>
    <mods:role>
      <mods:roleTerm authority="marcrelator" type="text">Publisher</mods:roleTerm>
    </mods:role>
  </mods:name>
  <mods:typeOfResource>text</mods:typeOfResource>
  <mods:genre>newspaper</mods:genre>
  <mods:note type="ownership">Hagaman Memorial Library</mods:note>
  <mods:originInfo>
    <mods:place>
      <mods:placeTerm type="text">Branford, Connecticut</mods:placeTerm>
    </mods:place>
    <mods:dateIssued encoding="w3cdtf" keyDate="yes" point="start">1935-12-26</mods:dateIssued>
    <mods:issuance>serial</mods:issuance>
    <mods:frequency authority="marcfrequency">Weekly</mods:frequency>
  </mods:originInfo>
  <mods:subject>
    <mods:geographic>Branford, (Conn.)</mods:geographic>
  </mods:subject>
  <mods:subject>
    <mods:geographic>East Haven (Conn.)</mods:geographic>
  </mods:subject>
  <mods:accessCondition type="use and reproduction">This work is licensed under a Creative Commons Attribution-NonCommercial 4.0 International License, CC BY-NC.</mods:accessCondition>
  <mods:relatedItem type="succeeding">
    <mods:originInfo>
      <mods:issuance>continuing</mods:issuance>
    </mods:originInfo>
  </mods:relatedItem>
  <mods:recordInfo>
    <mods:recordContentSource>Hagaman Memorial Library</mods:recordContentSource>
  </mods:recordInfo>
</mods:mods></metadata></record><record><header><identifier>oai:drupal-site.org:140019_13</identifier><datestamp>2017-02-06T17:53:15Z</datestamp><setSpec>140019_3</setSpec></header><metadata><mods xmlns="http://www.loc.gov/mods/v3" xmlns:mods="http://www.loc.gov/mods/v3" xmlns:xsi="http://www.w3.org/2001/XMLSchema-instance" xmlns:xlink="http://www.w3.org/1999/xlink">
  <targetAudience displayLabel="CHO">CHO</targetAudience>
  <titleInfo>
    <title>Branford Review 1935-12-26</title>
    <subTitle>East Haven News</subTitle>
  </titleInfo>
  <typeOfResource>text</typeOfResource>
  <genre authority="marcgt">newspaper</genre>
  <note type="ownership">Hagaman Memorial Library</note>
  <originInfo>
    <dateIssued>1935-12-26</dateIssued>
    <issuance>serial</issuance>
    <frequency authority="marcfrequency">Weekly</frequency>
  </originInfo>
  <accessCondition type="use and reproduction">This work is licensed under a Creative Commons Attribution-NonCommercial 4.0 International License, CC BY-NC.</accessCondition>
  <subject>
    <geographic>(East Haven, Conn.)</geographic>
  </subject>
  <subject>
    <geographic>(Branford, Conn.)</geographic>
  </subject>
  <recordInfo>
    <recordContentSource>Hagaman Memorial Library</recordContentSource>
  </recordInfo>
</mods></metadata></record><record><header><identifier>oai:drupal-site.org:140019_2</identifier><datestamp>2017-02-06T16:15:15Z</datestamp><setSpec>140019_HagamanHistory</setSpec></header><metadata><mods:mods xmlns:mods="http://www.loc.gov/mods/v3" xmlns="http://www.loc.gov/mods/v3" xmlns:xsi="http://www.w3.org/2001/XMLSchema-instance" xmlns:xlink="http://www.w3.org/1999/xlink" version="3.5" xsi:schemaLocation="http://www.loc.gov/mods/v3 http://www.loc.gov/standards/mods/v3/mods-3-5.xsd">
  <mods:note type="ownership">Hagaman Memorial Library</mods:note>
  <mods:accessCondition type="use and reproduction">This work is licensed under a Creative Commons Attribution-NonCommercial-ShareAlike 4.0 International License. For more information, visit http://creativecommons.org/licenses/by-nc-sa/4.0/</mods:accessCondition>
  <mods:titleInfo supplied="yes">
    <mods:title>Library Building</mods:title>
  </mods:titleInfo>
  <mods:typeOfResource>still image</mods:typeOfResource>
  <mods:genre>photographs</mods:genre>
  <mods:physicalDescription>
    <mods:form>electronic</mods:form>
    <mods:internetMediaType>image/jpg</mods:internetMediaType>
    <mods:digitalOrigin>reformatted digital</mods:digitalOrigin>
  </mods:physicalDescription>
  <mods:language>
    <mods:languageTerm authority="iso639-2b" type="code">zxx</mods:languageTerm>
  </mods:language>
  <mods:subject>
    <mods:topic>libraries</mods:topic>
    <mods:name type="corporate">
      <mods:namePart>Hagaman Memorial Library (East Haven, Conn.)</mods:namePart>
    </mods:name>
    <mods:hierarchicalGeographic>
      <mods:country>United States</mods:country>
      <mods:state>Connecticut</mods:state>
      <mods:county>New Haven</mods:county>
      <mods:city>East Haven</mods:city>
    </mods:hierarchicalGeographic>
  </mods:subject>
  <mods:targetAudience displayLabel="CHO">CHO</mods:targetAudience>
  <mods:recordInfo>
    <mods:recordContentSource>Hagaman Memorial Library</mods:recordContentSource>
    <mods:languageOfCataloging>
      <mods:languageTerm type="code" authority="iso639-2b">eng</mods:languageTerm>
    </mods:languageOfCataloging>
  </mods:recordInfo>
</mods:mods></metadata></record><record><header><identifier>oai:drupal-site.org:140019_50</identifier><datestamp>2017-03-03T19:58:49Z</datestamp><setSpec>140019_49</setSpec></header><metadata><mods xmlns="http://www.loc.gov/mods/v3" xmlns:mods="http://www.loc.gov/mods/v3" xmlns:xsi="http://www.w3.org/2001/XMLSchema-instance" xmlns:xlink="http://www.w3.org/1999/xlink">
  <targetAudience displayLabel="CHO">CHO</targetAudience>
  <titleInfo>
    <title>East Haven Citizen</title>
  </titleInfo>
  <name type="personal">
    <namepart>Shiner, Graham H.</namepart>
    <role>
      <roleTerm authority="marcrelator" type="text">Editor and publisher</roleTerm>
    </role>
  </name>
  <typeOfResource>text</typeOfResource>
  <genre authority="marcgt">newspaper</genre>
  <note type="ownership">Hagaman Memorial Library</note>
  <originInfo>
    <publisher>Shiner, Graham H.</publisher>
    <place>
      <placeTerm type="text">East Haven (Conn.)</placeTerm>
    </place>
    <dateIssued>1932-2-26</dateIssued>
    <issuance>serial</issuance>
    <frequency authority="marcfrequency">Weekly</frequency>
  </originInfo>
  <accessCondition type="use and reproduction">This work is licensed under a Creative Commons Attribution-NonCommercial 4.0 International License, CC BY-NC.</accessCondition>
  <subject>
    <geographic>East Haven (Conn.)</geographic>
  </subject>
  <recordInfo>
    <recordContentSource>Hagaman Library</recordContentSource>
  </recordInfo>
</mods></metadata></record><record><header><identifier>oai:drupal-site.org:140019_49</identifier><datestamp>2017-03-03T19:49:42Z</datestamp><setSpec>140019_46</setSpec></header><metadata><mods:mods xmlns:mods="http://www.loc.gov/mods/v3" xmlns="http://www.loc.gov/mods/v3" xmlns:xsi="http://www.w3.org/2001/XMLSchema-instance" xmlns:xlink="http://www.w3.org/1999/xlink">
  <mods:targetAudience displayLabel="CHO">CHO</mods:targetAudience>
  <mods:titleInfo>
    <mods:title>East Haven Citizen</mods:title>
  </mods:titleInfo>
  <mods:name type="personal">
    <mods:namePart>Shiner, Graham H.</mods:namePart>
    <mods:role>
      <mods:roleTerm authority="marcrelator" type="text">Editor and publisher</mods:roleTerm>
    </mods:role>
  </mods:name>
  <mods:typeOfResource>text</mods:typeOfResource>
  <mods:genre>newspaper</mods:genre>
  <mods:note type="ownership">Hagaman Memorial Library</mods:note>
  <mods:originInfo>
    <mods:publisher>Shiner, Graham H.</mods:publisher>
    <mods:place>
      <mods:placeTerm type="text">East Haven (Conn.)</mods:placeTerm>
    </mods:place>
    <mods:dateIssued encoding="w3cdtf" keyDate="yes" point="start">1937-2-26</mods:dateIssued>
    <mods:issuance>serial</mods:issuance>
    <mods:frequency authority="marcfrequency">Weekly</mods:frequency>
  </mods:originInfo>
  <mods:subject>
    <mods:geographic>East Haven (Conn.)</mods:geographic>
  </mods:subject>
  <mods:accessCondition type="use and reproduction">This work is licensed under a Creative Commons Attribution-NonCommercial 4.0 International License, CC BY-NC.</mods:accessCondition>
  <mods:relatedItem type="preceding">
    <mods:titleInfo>
      <mods:title>East Haven Citizen</mods:title>
    </mods:titleInfo>
    <mods:originInfo>
      <mods:publisher>Shiner, Graham H.</mods:publisher>
      <mods:place>
        <mods:placeTerm type="text">East Haven (Conn.)</mods:placeTerm>
      </mods:place>
      <mods:issuance>continuing</mods:issuance>
      <mods:frequency authority="marcfrequency">Weekly</mods:frequency>
    </mods:originInfo>
  </mods:relatedItem>
  <mods:relatedItem type="succeeding">
    <mods:originInfo>
      <mods:issuance>continuing</mods:issuance>
    </mods:originInfo>
  </mods:relatedItem>
  <mods:recordInfo>
    <mods:recordContentSource>Hagaman Library</mods:recordContentSource>
  </mods:recordInfo>
</mods:mods></metadata></record><record><header><identifier>oai:drupal-site.org:140019_57</identifier><datestamp>2017-03-03T20:10:10Z</datestamp><setSpec>140019_46</setSpec></header><metadata><mods:mods xmlns:mods="http://www.loc.gov/mods/v3" xmlns="http://www.loc.gov/mods/v3" xmlns:xsi="http://www.w3.org/2001/XMLSchema-instance" xmlns:xlink="http://www.w3.org/1999/xlink">
  <mods:targetAudience displayLabel="CHO">CHO</mods:targetAudience>
  <mods:titleInfo>
    <mods:title>East Haven Citizen</mods:title>
  </mods:titleInfo>
  <mods:name type="personal">
    <mods:namePart>Shiner, Graham H.</mods:namePart>
    <mods:role>
      <mods:roleTerm authority="marcrelator" type="text">Editor and publisher</mods:roleTerm>
    </mods:role>
  </mods:name>
  <mods:typeOfResource>text</mods:typeOfResource>
  <mods:genre>newspaper</mods:genre>
  <mods:note type="ownership">Hagaman Memorial Library</mods:note>
  <mods:originInfo>
    <mods:publisher>Shiner, Graham H.</mods:publisher>
    <mods:place>
      <mods:placeTerm type="text">East Haven (Conn.)</mods:placeTerm>
    </mods:place>
    <mods:dateIssued encoding="w3cdtf" keyDate="yes" point="start">1937-3-5</mods:dateIssued>
    <mods:dateIssued encoding="w3cdtf" point="end">1937-3-5</mods:dateIssued>
    <mods:issuance>serial</mods:issuance>
    <mods:frequency authority="marcfrequency">Weekly</mods:frequency>
  </mods:originInfo>
  <mods:subject>
    <mods:geographic>East Haven (Conn.)</mods:geographic>
  </mods:subject>
  <mods:accessCondition type="use and reproduction">This work is licensed under a Creative Commons Attribution-NonCommercial 4.0 International License, CC BY-NC.</mods:accessCondition>
  <mods:relatedItem type="preceding">
    <mods:titleInfo>
      <mods:title>East Haven Citizen</mods:title>
    </mods:titleInfo>
    <mods:originInfo>
      <mods:publisher>Shiner, Graham H.</mods:publisher>
      <mods:place>
        <mods:placeTerm type="text">East Haven (Conn.)</mods:placeTerm>
      </mods:place>
      <mods:issuance>continuing</mods:issuance>
      <mods:frequency authority="marcfrequency">Weekly</mods:frequency>
    </mods:originInfo>
  </mods:relatedItem>
  <mods:relatedItem type="succeeding">
    <mods:originInfo>
      <mods:issuance>continuing</mods:issuance>
    </mods:originInfo>
  </mods:relatedItem>
  <mods:relatedItem type="succeeding">
    <mods:originInfo>
      <mods:issuance>continuing</mods:issuance>
    </mods:originInfo>
  </mods:relatedItem>
  <mods:recordInfo>
    <mods:recordContentSource>Hagaman Library</mods:recordContentSource>
  </mods:recordInfo>
</mods:mods></metadata></record><record><header><identifier>oai:drupal-site.org:140019_73</identifier><datestamp>2017-03-03T21:23:05Z</datestamp><setSpec>140019_72</setSpec></header><metadata><mods xmlns="http://www.loc.gov/mods/v3" xmlns:mods="http://www.loc.gov/mods/v3" xmlns:xsi="http://www.w3.org/2001/XMLSchema-instance" xmlns:xlink="http://www.w3.org/1999/xlink">
  <targetAudience displayLabel="CHO">CHO</targetAudience>
  <titleInfo>
    <title>East Haven Citizen</title>
  </titleInfo>
  <name type="personal">
    <namepart>Shiner, Graham H.</namepart>
    <role>
      <roleTerm authority="marcrelator" type="text">Editor and publisher</roleTerm>
    </role>
  </name>
  <typeOfResource>text</typeOfResource>
  <genre authority="marcgt">newspaper</genre>
  <note type="ownership">Hagaman Memorial Library</note>
  <originInfo>
    <publisher>Shiner, Graham H.</publisher>
    <place>
      <placeTerm type="text">East Haven (Conn.)</placeTerm>
    </place>
    <dateIssued>1937-4-30</dateIssued>
    <issuance>serial</issuance>
    <frequency authority="marcfrequency">Weekly</frequency>
  </originInfo>
  <accessCondition type="use and reproduction">This work is licensed under a Creative Commons Attribution-NonCommercial 4.0 International License, CC BY-NC.</accessCondition>
  <subject>
    <geographic>East Haven (Conn.)</geographic>
  </subject>
  <recordInfo>
    <recordContentSource>Hagaman Library</recordContentSource>
  </recordInfo>
</mods></metadata></record><record><header><identifier>oai:drupal-site.org:140019_72</identifier><datestamp>2017-03-03T21:17:23Z</datestamp><setSpec>140019_46</setSpec></header><metadata><mods:mods xmlns:mods="http://www.loc.gov/mods/v3" xmlns="http://www.loc.gov/mods/v3" xmlns:xsi="http://www.w3.org/2001/XMLSchema-instance" xmlns:xlink="http://www.w3.org/1999/xlink">
  <mods:targetAudience displayLabel="CHO">CHO</mods:targetAudience>
  <mods:titleInfo>
    <mods:title>East Haven Citizen</mods:title>
  </mods:titleInfo>
  <mods:name type="personal">
    <mods:namePart>Shiner, Graham H.</mods:namePart>
    <mods:role>
      <mods:roleTerm authority="marcrelator" type="text">Editor and publisher</mods:roleTerm>
    </mods:role>
  </mods:name>
  <mods:typeOfResource>text</mods:typeOfResource>
  <mods:genre>newspaper</mods:genre>
  <mods:note type="ownership">Hagaman Memorial Library</mods:note>
  <mods:originInfo>
    <mods:publisher>Shiner, Graham H.</mods:publisher>
    <mods:place>
      <mods:placeTerm type="text">East Haven (Conn.)</mods:placeTerm>
    </mods:place>
    <mods:dateIssued encoding="w3cdtf" keyDate="yes" point="start">1937-4-30</mods:dateIssued>
    <mods:issuance>serial</mods:issuance>
  </mods:originInfo>
  <mods:subject>
    <mods:geographic>East Haven (Conn.)</mods:geographic>
  </mods:subject>
  <mods:accessCondition type="use and reproduction">This work is licensed under a Creative Commons Attribution-NonCommercial 4.0 International License, CC BY-NC.</mods:accessCondition>
  <mods:relatedItem type="preceding">
    <mods:titleInfo>
      <mods:title>East Haven Citizen</mods:title>
    </mods:titleInfo>
    <mods:originInfo>
      <mods:publisher>Shiner, Graham H.</mods:publisher>
      <mods:place>
        <mods:placeTerm type="text">East Haven (Conn.)</mods:placeTerm>
      </mods:place>
      <mods:issuance>continuing</mods:issuance>
    </mods:originInfo>
  </mods:relatedItem>
  <mods:relatedItem type="succeeding">
    <mods:originInfo>
      <mods:issuance>continuing</mods:issuance>
    </mods:originInfo>
  </mods:relatedItem>
</mods:mods></metadata></record><record><header><identifier>oai:drupal-site.org:140019_58</identifier><datestamp>2017-03-03T20:15:53Z</datestamp><setSpec>140019_57</setSpec></header><metadata><mods xmlns="http://www.loc.gov/mods/v3" xmlns:mods="http://www.loc.gov/mods/v3" xmlns:xsi="http://www.w3.org/2001/XMLSchema-instance" xmlns:xlink="http://www.w3.org/1999/xlink">
  <targetAudience displayLabel="CHO">CHO</targetAudience>
  <titleInfo>
    <title>East Haven Citizen</title>
  </titleInfo>
  <name type="personal">
    <namepart>Shiner, Graham H.</namepart>
    <role>
      <roleTerm authority="marcrelator" type="text">Editor and publisher</roleTerm>
    </role>
  </name>
  <typeOfResource>text</typeOfResource>
  <genre authority="marcgt">newspaper</genre>
  <note type="ownership">Hagaman Memorial Library</note>
  <originInfo>
    <publisher>Shiner, Graham H.</publisher>
    <place>
      <placeTerm type="text">East Haven (Conn.)</placeTerm>
    </place>
    <dateIssued>1937-2-26</dateIssued>
    <issuance>serial</issuance>
    <frequency authority="marcfrequency">Weekly</frequency>
  </originInfo>
  <accessCondition type="use and reproduction">This work is licensed under a Creative Commons Attribution-NonCommercial 4.0 International License, CC BY-NC.</accessCondition>
  <subject>
    <geographic>East Haven (Conn.)</geographic>
  </subject>
  <recordInfo>
    <recordContentSource>Hagaman Library</recordContentSource>
  </recordInfo>
</mods></metadata></record><record><header><identifier>oai:drupal-site.org:140019_66</identifier><datestamp>2017-03-03T21:08:03Z</datestamp><setSpec>140019_57</setSpec></header><metadata><mods xmlns="http://www.loc.gov/mods/v3" xmlns:mods="http://www.loc.gov/mods/v3" xmlns:xsi="http://www.w3.org/2001/XMLSchema-instance" xmlns:xlink="http://www.w3.org/1999/xlink">
  <targetAudience displayLabel="CHO">CHO</targetAudience>
  <titleInfo>
    <title>East Haven Citizen</title>
  </titleInfo>
  <name type="personal">
    <namepart>Shiner, Graham H.</namepart>
  </name>
  <typeOfResource>text</typeOfResource>
  <genre authority="marcgt">newspaper</genre>
  <note type="ownership">Hagaman Memorial Library</note>
  <originInfo>
    <publisher>Shiner, Graham H.</publisher>
    <place>
      <placeTerm type="text">East Haven (Conn.)</placeTerm>
    </place>
    <dateIssued>1937-4-23</dateIssued>
    <issuance>serial</issuance>
    <frequency authority="marcfrequency">Weekly</frequency>
  </originInfo>
  <accessCondition type="use and reproduction">This work is licensed under a Creative Commons Attribution-NonCommercial 4.0 International License, CC BY-NC.</accessCondition>
  <subject>
    <geographic>East Haven (Conn.)</geographic>
  </subject>
  <recordInfo>
    <recordContentSource>Hagaman Library</recordContentSource>
  </recordInfo>
</mods></metadata></record></ListRecords></OAI-PMH>

